[00:00:25] [ERR] Failed to check the state of sock (session id: aabec772-2d4a-4cfd-aeab-27e0cdb9a9e4, error: SSLEOFError, message: EOF occurred in violation of protocol (_ssl.c:2427))
[00:00:35] [ERR] Failed to check the state of sock (session id: aabec772-2d4a-4cfd-aeab-27e0cdb9a9e4, error: SSLEOFError, message: EOF occurred in violation of protocol (_ssl.c:2427))
[00:00:45] [ERR] Failed to check the state of sock (session id: aabec772-2d4a-4cfd-aeab-27e0cdb9a9e4, error: SSLEOFError, message: EOF occurred in violation of protocol (_ssl.c:2427))
[00:00:55] [ERR] Failed to check the state of sock (session id: aabec772-2d4a-4cfd-aeab-27e0cdb9a9e4, error: SSLEOFError, message: EOF occurred in violation of protocol (_ssl.c:2427))
[00:01:05] [ERR] Failed to check the state of sock (session id: aabec772-2d4a-4cfd-aeab-27e0cdb9a9e4, error: SSLEOFError, message: EOF occurred in violation of protocol (_ssl.c:2427))
[00:02:26] [ERR] Failed to check the state of sock (session id: 77c238a5-9b93-4e65-acbf-b52f17e04372, error: SSLEOFError, message: EOF occurred in violation of protocol (_ssl.c:2427))
[00:02:36] [ERR] Failed to check the state of sock (session id: 77c238a5-9b93-4e65-acbf-b52f17e04372, error: SSLEOFError, message: EOF occurred in violation of protocol (_ssl.c:2427))
[00:02:46] [ERR] Failed to check the state of sock (session id: 77c238a5-9b93-4e65-acbf-b52f17e04372, error: SSLEOFError, message: EOF occurred in violation of protocol (_ssl.c:2427))
[00:02:56] [ERR] Failed to check the state of sock (session id: 77c238a5-9b93-4e65-acbf-b52f17e04372, error: SSLEOFError, message: EOF occurred in violation of protocol (_ssl.c:2427))
[00:03:06] [ERR] Failed to check the state of sock (session id: 77c238a5-9b93-4e65-acbf-b52f17e04372, error: SSLEOFError, message: EOF occurred in violation of protocol (_ssl.c:2427))
[00:04:27] [ERR] Failed to check the state of sock (session id: a4e8a07e-e87c-4626-b7b4-40c101ec33df, error: SSLEOFError, message: EOF occurred in violation of protocol (_ssl.c:2427))
[00:04:37] [ERR] Failed to check the state of sock (session id: a4e8a07e-e87c-4626-b7b4-40c101ec33df, error: SSLEOFError, message: EOF occurred in violation of protocol (_ssl.c:2427))
[00:04:47] [ERR] Failed to check the state of sock (session id: a4e8a07e-e87c-4626-b7b4-40c101ec33df, error: SSLEOFError, message: EOF occurred in violation of protocol (_ssl.c:2427))
[00:04:57] [ERR] Failed to check the state of sock (session id: a4e8a07e-e87c-4626-b7b4-40c101ec33df, error: SSLEOFError, message: EOF occurred in violation of protocol (_ssl.c:2427))
[00:05:07] [ERR] Failed to check the state of sock (session id: a4e8a07e-e87c-4626-b7b4-40c101ec33df, error: SSLEOFError, message: EOF occurred in violation of protocol (_ssl.c:2427))
[00:06:28] [ERR] Failed to check the state of sock (session id: d8f0e087-1aaf-472c-b17c-0ce7563b0a61, error: SSLEOFError, message: EOF occurred in violation of protocol (_ssl.c:2427))
[00:06:38] [ERR] Failed to check the state of sock (session id: d8f0e087-1aaf-472c-b17c-0ce7563b0a61, error: SSLEOFError, message: EOF occurred in violation of protocol (_ssl.c:2427))
[00:06:48] [ERR] Failed to check the state of sock (session id: d8f0e087-1aaf-472c-b17c-0ce7563b0a61, error: SSLEOFError, message: EOF occurred in violation of protocol (_ssl.c:2427))
[00:06:58] [ERR] Failed to check the state of sock (session id: d8f0e087-1aaf-472c-b17c-0ce7563b0a61, error: SSLError, message: [SSL: BAD_LENGTH] bad length (_ssl.c:2427))
[00:07:08] [ERR] Failed to check the state of sock (session id: d8f0e087-1aaf-472c-b17c-0ce7563b0a61, error: SSLEOFError, message: EOF occurred in violation of protocol (_ssl.c:2427))
[00:08:09] [ERR] Failed to check the state of sock (session id: 66472ff0-9f4d-46ce-bf9f-75fa43959bab, error: SSLEOFError, message: EOF occurred in violation of protocol (_ssl.c:2427))
[00:08:19] [ERR] Failed to check the state of sock (session id: 66472ff0-9f4d-46ce-bf9f-75fa43959bab, error: SSLEOFError, message: EOF occurred in violation of protocol (_ssl.c:2427))
[00:08:29] [ERR] Failed to check the state of sock (session id: 66472ff0-9f4d-46ce-bf9f-75fa43959bab, error: SSLEOFError, message: EOF occurred in violation of protocol (_ssl.c:2427))
[00:08:39] [ERR] Failed to check the state of sock (session id: 66472ff0-9f4d-46ce-bf9f-75fa43959bab, error: SSLEOFError, message: EOF occurred in violation of protocol (_ssl.c:2427))
[00:08:49] [ERR] Failed to check the state of sock (session id: 66472ff0-9f4d-46ce-bf9f-75fa43959bab, error: SSLError, message: [SSL: BAD_LENGTH] bad length (_ssl.c:2427))
[00:09:50] [ERR] Failed to check the state of sock (session id: 79151961-40a3-484b-8a79-da7b20f490b4, error: SSLEOFError, message: EOF occurred in violation of protocol (_ssl.c:2427))
[00:10:00] [ERR] Failed to check the state of sock (session id: 79151961-40a3-484b-8a79-da7b20f490b4, error: SSLEOFError, message: EOF occurred in violation of protocol (_ssl.c:2427))
[00:10:10] [ERR] Failed to check the state of sock (session id: 79151961-40a3-484b-8a79-da7b20f490b4, error: SSLEOFError, message: EOF occurred in violation of protocol (_ssl.c:2427))
[00:10:20] [ERR] Failed to check the state of sock (session id: 79151961-40a3-484b-8a79-da7b20f490b4, error: SSLEOFError, message: EOF occurred in violation of protocol (_ssl.c:2427))
[00:10:30] [ERR] Failed to check the state of sock (session id: 79151961-40a3-484b-8a79-da7b20f490b4, error: SSLEOFError, message: EOF occurred in violation of protocol (_ssl.c:2427))
[00:11:51] [ERR] Failed to check the state of sock (session id: b01ef1ce-1676-49e9-b062-e53ec89fb351, error: SSLEOFError, message: EOF occurred in violation of protocol (_ssl.c:2427))
[00:12:01] [ERR] Failed to check the state of sock (session id: b01ef1ce-1676-49e9-b062-e53ec89fb351, error: SSLError, message: [SSL: BAD_LENGTH] bad length (_ssl.c:2427))
[00:12:11] [ERR] Failed to check the state of sock (session id: b01ef1ce-1676-49e9-b062-e53ec89fb351, error: SSLEOFError, message: EOF occurred in violation of protocol (_ssl.c:2427))
[00:12:21] [ERR] Failed to check the state of sock (session id: b01ef1ce-1676-49e9-b062-e53ec89fb351, error: SSLEOFError, message: EOF occurred in violation of protocol (_ssl.c:2427))
[00:12:31] [ERR] Failed to check the state of sock (session id: b01ef1ce-1676-49e9-b062-e53ec89fb351, error: SSLEOFError, message: EOF occurred in violation of protocol (_ssl.c:2427))
[00:13:52] [ERR] Failed to check the state of sock (session id: 8f52e12c-be5d-4400-be2f-7ab96e167cd0, error: SSLEOFError, message: EOF occurred in violation of protocol (_ssl.c:2427))
[00:14:02] [ERR] Failed to check the state of sock (session id: 8f52e12c-be5d-4400-be2f-7ab96e167cd0, error: SSLEOFError, message: EOF occurred in violation of protocol (_ssl.c:2427))
[00:14:12] [ERR] Failed to check the state of sock (session id: 8f52e12c-be5d-4400-be2f-7ab96e167cd0, error: SSLEOFError, message: EOF occurred in violation of protocol (_ssl.c:2427))
[00:14:22] [ERR] Failed to check the state of sock (session id: 8f52e12c-be5d-4400-be2f-7ab96e167cd0, error: SSLEOFError, message: EOF occurred in violation of protocol (_ssl.c:2427))
[00:14:32] [ERR] Failed to check the state of sock (session id: 8f52e12c-be5d-4400-be2f-7ab96e167cd0, error: SSLEOFError, message: EOF occurred in violation of protocol (_ssl.c:2427))
[00:16:03] [ERR] Failed to check the state of sock (session id: f5e9af4a-2b1b-4620-8aba-36888ec2d4f1, error: SSLEOFError, message: EOF occurred in violation of protocol (_ssl.c:2427))
[00:16:13] [ERR] Failed to check the state of sock (session id: f5e9af4a-2b1b-4620-8aba-36888ec2d4f1, error: SSLEOFError, message: EOF occurred in violation of protocol (_ssl.c:2427))
[00:16:23] [ERR] Failed to check the state of sock (session id: f5e9af4a-2b1b-4620-8aba-36888ec2d4f1, error: SSLEOFError, message: EOF occurred in violation of protocol (_ssl.c:2427))
[00:16:33] [ERR] Failed to check the state of sock (session id: f5e9af4a-2b1b-4620-8aba-36888ec2d4f1, error: SSLEOFError, message: EOF occurred in violation of protocol (_ssl.c:2427))
[00:16:43] [ERR] Failed to check the state of sock (session id: f5e9af4a-2b1b-4620-8aba-36888ec2d4f1, error: SSLEOFError, message: EOF occurred in violation of protocol (_ssl.c:2427))
[00:17:44] [ERR] Failed to check the state of sock (session id: aa452049-59f8-42f7-a6eb-5f6e7ceaa547, error: SSLEOFError, message: EOF occurred in violation of protocol (_ssl.c:2427))
[00:17:54] [ERR] Failed to check the state of sock (session id: aa452049-59f8-42f7-a6eb-5f6e7ceaa547, error: SSLEOFError, message: EOF occurred in violation of protocol (_ssl.c:2427))
[00:18:04] [ERR] Failed to check the state of sock (session id: aa452049-59f8-42f7-a6eb-5f6e7ceaa547, error: SSLEOFError, message: EOF occurred in violation of protocol (_ssl.c:2427))
[00:18:14] [ERR] Failed to check the state of sock (session id: aa452049-59f8-42f7-a6eb-5f6e7ceaa547, error: SSLEOFError, message: EOF occurred in violation of protocol (_ssl.c:2427))
[00:18:24] [ERR] Failed to check the state of sock (session id: aa452049-59f8-42f7-a6eb-5f6e7ceaa547, error: SSLEOFError, message: EOF occurred in violation of protocol (_ssl.c:2427))
[00:19:15] [ERR] Failed to check the state of sock (session id: a6268c4b-9759-449b-a647-bce58718a602, error: SSLEOFError, message: EOF occurred in violation of protocol (_ssl.c:2427))
[00:19:25] [ERR] Failed to check the state of sock (session id: a6268c4b-9759-449b-a647-bce58718a602, error: SSLEOFError, message: EOF occurred in violation of protocol (_ssl.c:2427))
[00:19:35] [ERR] Failed to check the state of sock (session id: a6268c4b-9759-449b-a647-bce58718a602, error: SSLEOFError, message: EOF occurred in violation of protocol (_ssl.c:2427))
[00:19:45] [ERR] Failed to check the state of sock (session id: a6268c4b-9759-449b-a647-bce58718a602, error: SSLError, message: [SSL: BAD_LENGTH] bad length (_ssl.c:2427))
[00:19:55] [ERR] Failed to check the state of sock (session id: a6268c4b-9759-449b-a647-bce58718a602, error: SSLEOFError, message: EOF occurred in violation of protocol (_ssl.c:2427))
[00:20:56] [ERR] Failed to check the state of sock (session id: 1757786a-e042-479b-83fe-a9b27df3e5d1, error: SSLEOFError, message: EOF occurred in violation of protocol (_ssl.c:2427))
[00:21:06] [ERR] Failed to check the state of sock (session id: 1757786a-e042-479b-83fe-a9b27df3e5d1, error: SSLEOFError, message: EOF occurred in violation of protocol (_ssl.c:2427))
[00:21:16] [ERR] Failed to check the state of sock (session id: 1757786a-e042-479b-83fe-a9b27df3e5d1, error: SSLEOFError, message: EOF occurred in violation of protocol (_ssl.c:2427))
[00:21:26] [ERR] Failed to check the state of sock (session id: 1757786a-e042-479b-83fe-a9b27df3e5d1, error: SSLEOFError, message: EOF occurred in violation of protocol (_ssl.c:2427))
[00:21:36] [ERR] Failed to check the state of sock (session id: 1757786a-e042-479b-83fe-a9b27df3e5d1, error: SSLEOFError, message: EOF occurred in violation of protocol (_ssl.c:2427))
[00:23:07] [ERR] Failed to check the state of sock (session id: 53b059d7-1879-4f97-a7c2-ec7a56e7c80d, error: SSLEOFError, message: EOF occurred in violation of protocol (_ssl.c:2427))
[00:23:17] [ERR] Failed to check the state of sock (session id: 53b059d7-1879-4f97-a7c2-ec7a56e7c80d, error: SSLEOFError, message: EOF occurred in violation of protocol (_ssl.c:2427))
[00:23:27] [ERR] Failed to check the state of sock (session id: 53b059d7-1879-4f97-a7c2-ec7a56e7c80d, error: SSLEOFError, message: EOF occurred in violation of protocol (_ssl.c:2427))
[00:23:37] [ERR] Failed to check the state of sock (session id: 53b059d7-1879-4f97-a7c2-ec7a56e7c80d, error: SSLEOFError, message: EOF occurred in violation of protocol (_ssl.c:2427))
[00:23:47] [ERR] Failed to check the state of sock (session id: 53b059d7-1879-4f97-a7c2-ec7a56e7c80d, error: SSLEOFError, message: EOF occurred in violation of protocol (_ssl.c:2427))
[00:25:08] [ERR] Failed to check the state of sock (session id: e6b11638-5378-486c-b747-2f7ad209940b, error: SSLEOFError, message: EOF occurred in violation of protocol (_ssl.c:2427))
[00:25:18] [ERR] Failed to check the state of sock (session id: e6b11638-5378-486c-b747-2f7ad209940b, error: SSLEOFError, message: EOF occurred in violation of protocol (_ssl.c:2427))
[00:25:28] [ERR] Failed to check the state of sock (session id: e6b11638-5378-486c-b747-2f7ad209940b, error: SSLError, message: [SSL: BAD_LENGTH] bad length (_ssl.c:2427))
[00:25:38] [ERR] Failed to check the state of sock (session id: e6b11638-5378-486c-b747-2f7ad209940b, error: SSLEOFError, message: EOF occurred in violation of protocol (_ssl.c:2427))
[00:25:48] [ERR] Failed to check the state of sock (session id: e6b11638-5378-486c-b747-2f7ad209940b, error: SSLEOFError, message: EOF occurred in violation of protocol (_ssl.c:2427))
[00:27:19] [ERR] Failed to check the state of sock (session id: 04464eef-a25b-43e9-84e7-654f2729f1ef, error: SSLEOFError, message: EOF occurred in violation of protocol (_ssl.c:2427))
[00:27:29] [ERR] Failed to check the state of sock (session id: 04464eef-a25b-43e9-84e7-654f2729f1ef, error: SSLEOFError, message: EOF occurred in violation of protocol (_ssl.c:2427))
[00:27:39] [ERR] Failed to check the state of sock (session id: 04464eef-a25b-43e9-84e7-654f2729f1ef, error: SSLEOFError, message: EOF occurred in violation of protocol (_ssl.c:2427))
[00:27:49] [ERR] Failed to check the state of sock (session id: 04464eef-a25b-43e9-84e7-654f2729f1ef, error: SSLEOFError, message: EOF occurred in violation of protocol (_ssl.c:2427))
[00:27:59] [ERR] Failed to check the state of sock (session id: 04464eef-a25b-43e9-84e7-654f2729f1ef, error: SSLEOFError, message: EOF occurred in violation of protocol (_ssl.c:2427))
[00:29:20] [ERR] Failed to check the state of sock (session id: 1e2ea943-b60a-4a3b-91ed-3770abf46bb1, error: SSLEOFError, message: EOF occurred in violation of protocol (_ssl.c:2427))
[00:29:30] [ERR] Failed to check the state of sock (session id: 1e2ea943-b60a-4a3b-91ed-3770abf46bb1, error: SSLError, message: [SSL: BAD_LENGTH] bad length (_ssl.c:2427))
[00:29:40] [ERR] Failed to check the state of sock (session id: 1e2ea943-b60a-4a3b-91ed-3770abf46bb1, error: SSLError, message: [SSL: BAD_LENGTH] bad length (_ssl.c:2427))
[00:29:50] [ERR] Failed to check the state of sock (session id: 1e2ea943-b60a-4a3b-91ed-3770abf46bb1, error: SSLEOFError, message: EOF occurred in violation of protocol (_ssl.c:2427))
[00:30:00] [ERR] Failed to check the state of sock (session id: 1e2ea943-b60a-4a3b-91ed-3770abf46bb1, error: SSLEOFError, message: EOF occurred in violation of protocol (_ssl.c:2427))
[00:31:21] [ERR] Failed to check the state of sock (session id: 094b4a68-f3b5-4d56-aa29-2db1429e2d74, error: SSLEOFError, message: EOF occurred in violation of protocol (_ssl.c:2427))
[00:31:31] [ERR] Failed to check the state of sock (session id: 094b4a68-f3b5-4d56-aa29-2db1429e2d74, error: SSLEOFError, message: EOF occurred in violation of protocol (_ssl.c:2427))
[00:31:41] [ERR] Failed to check the state of sock (session id: 094b4a68-f3b5-4d56-aa29-2db1429e2d74, error: SSLEOFError, message: EOF occurred in violation of protocol (_ssl.c:2427))
[00:31:51] [ERR] Failed to check the state of sock (session id: 094b4a68-f3b5-4d56-aa29-2db1429e2d74, error: SSLEOFError, message: EOF occurred in violation of protocol (_ssl.c:2427))
[00:32:01] [ERR] Failed to check the state of sock (session id: 094b4a68-f3b5-4d56-aa29-2db1429e2d74, error: SSLEOFError, message: EOF occurred in violation of protocol (_ssl.c:2427))
[00:33:02] [ERR] Failed to check the state of sock (session id: f251a512-031c-495f-9d39-e5d09a2da91d, error: SSLEOFError, message: EOF occurred in violation of protocol (_ssl.c:2427))
[00:33:12] [ERR] Failed to check the state of sock (session id: f251a512-031c-495f-9d39-e5d09a2da91d, error: SSLEOFError, message: EOF occurred in violation of protocol (_ssl.c:2427))
[00:33:22] [ERR] Failed to check the state of sock (session id: f251a512-031c-495f-9d39-e5d09a2da91d, error: SSLError, message: [SSL: BAD_LENGTH] bad length (_ssl.c:2427))
[00:33:32] [ERR] Failed to check the state of sock (session id: f251a512-031c-495f-9d39-e5d09a2da91d, error: SSLError, message: [SSL: BAD_LENGTH] bad length (_ssl.c:2427))
[00:33:42] [ERR] Failed to check the state of sock (session id: f251a512-031c-495f-9d39-e5d09a2da91d, error: SSLEOFError, message: EOF occurred in violation of protocol (_ssl.c:2427))
[00:34:43] [ERR] Failed to check the state of sock (session id: 262e4e40-a2ed-439f-ba71-7825b1319a2d, error: SSLEOFError, message: EOF occurred in violation of protocol (_ssl.c:2427))
[00:34:53] [ERR] Failed to check the state of sock (session id: 262e4e40-a2ed-439f-ba71-7825b1319a2d, error: SSLEOFError, message: EOF occurred in violation of protocol (_ssl.c:2427))
[00:35:03] [ERR] Failed to check the state of sock (session id: 262e4e40-a2ed-439f-ba71-7825b1319a2d, error: SSLEOFError, message: EOF occurred in violation of protocol (_ssl.c:2427))
[00:35:13] [ERR] Failed to check the state of sock (session id: 262e4e40-a2ed-439f-ba71-7825b1319a2d, error: SSLEOFError, message: EOF occurred in violation of protocol (_ssl.c:2427))
[00:35:23] [ERR] Failed to check the state of sock (session id: 262e4e40-a2ed-439f-ba71-7825b1319a2d, error: SSLError, message: [SSL: BAD_LENGTH] bad length (_ssl.c:2427))
[00:36:24] [ERR] Failed to check the state of sock (session id: 17b74af3-d78b-4587-b372-d4a52f3d2709, error: SSLEOFError, message: EOF occurred in violation of protocol (_ssl.c:2427))
[00:36:34] [ERR] Failed to check the state of sock (session id: 17b74af3-d78b-4587-b372-d4a52f3d2709, error: SSLEOFError, message: EOF occurred in violation of protocol (_ssl.c:2427))
[00:36:44] [ERR] Failed to check the state of sock (session id: 17b74af3-d78b-4587-b372-d4a52f3d2709, error: SSLEOFError, message: EOF occurred in violation of protocol (_ssl.c:2427))
[00:36:54] [ERR] Failed to check the state of sock (session id: 17b74af3-d78b-4587-b372-d4a52f3d2709, error: SSLEOFError, message: EOF occurred in violation of protocol (_ssl.c:2427))
[00:37:04] [ERR] Failed to check the state of sock (session id: 17b74af3-d78b-4587-b372-d4a52f3d2709, error: SSLError, message: [SSL: BAD_LENGTH] bad length (_ssl.c:2427))
[00:38:05] [ERR] Failed to check the state of sock (session id: 0b458b2b-26b7-4764-b63e-9930c0f1e5b5, error: SSLEOFError, message: EOF occurred in violation of protocol (_ssl.c:2427))
[00:38:15] [ERR] Failed to check the state of sock (session id: 0b458b2b-26b7-4764-b63e-9930c0f1e5b5, error: SSLEOFError, message: EOF occurred in violation of protocol (_ssl.c:2427))
[00:38:25] [ERR] Failed to check the state of sock (session id: 0b458b2b-26b7-4764-b63e-9930c0f1e5b5, error: SSLEOFError, message: EOF occurred in violation of protocol (_ssl.c:2427))
[00:38:35] [ERR] Failed to check the state of sock (session id: 0b458b2b-26b7-4764-b63e-9930c0f1e5b5, error: SSLEOFError, message: EOF occurred in violation of protocol (_ssl.c:2427))
[00:38:45] [ERR] Failed to check the state of sock (session id: 0b458b2b-26b7-4764-b63e-9930c0f1e5b5, error: SSLEOFError, message: EOF occurred in violation of protocol (_ssl.c:2427))
[00:40:06] [ERR] Failed to check the state of sock (session id: 965d3c1f-dd6e-4e08-b14f-f93af34f345c, error: SSLEOFError, message: EOF occurred in violation of protocol (_ssl.c:2427))
[00:40:16] [ERR] Failed to check the state of sock (session id: 965d3c1f-dd6e-4e08-b14f-f93af34f345c, error: SSLEOFError, message: EOF occurred in violation of protocol (_ssl.c:2427))
[00:40:26] [ERR] Failed to check the state of sock (session id: 965d3c1f-dd6e-4e08-b14f-f93af34f345c, error: SSLEOFError, message: EOF occurred in violation of protocol (_ssl.c:2427))
[00:40:36] [ERR] Failed to check the state of sock (session id: 965d3c1f-dd6e-4e08-b14f-f93af34f345c, error: SSLEOFError, message: EOF occurred in violation of protocol (_ssl.c:2427))
[00:40:46] [ERR] Failed to check the state of sock (session id: 965d3c1f-dd6e-4e08-b14f-f93af34f345c, error: SSLError, message: [SSL: BAD_LENGTH] bad length (_ssl.c:2427))
[00:42:07] [ERR] Failed to check the state of sock (session id: 421bd79f-bb63-4ffc-86f4-276c47ef3b11, error: SSLEOFError, message: EOF occurred in violation of protocol (_ssl.c:2427))
[00:42:17] [ERR] Failed to check the state of sock (session id: 421bd79f-bb63-4ffc-86f4-276c47ef3b11, error: SSLEOFError, message: EOF occurred in violation of protocol (_ssl.c:2427))
[00:42:27] [ERR] Failed to check the state of sock (session id: 421bd79f-bb63-4ffc-86f4-276c47ef3b11, error: SSLEOFError, message: EOF occurred in violation of protocol (_ssl.c:2427))
[00:42:37] [ERR] Failed to check the state of sock (session id: 421bd79f-bb63-4ffc-86f4-276c47ef3b11, error: SSLEOFError, message: EOF occurred in violation of protocol (_ssl.c:2427))
[00:42:47] [ERR] Failed to check the state of sock (session id: 421bd79f-bb63-4ffc-86f4-276c47ef3b11, error: SSLEOFError, message: EOF occurred in violation of protocol (_ssl.c:2427))
[00:44:09] [ERR] Failed to check the state of sock (session id: 872a5ccf-3dc5-42a7-b195-d8628ded3fd4, error: SSLEOFError, message: EOF occurred in violation of protocol (_ssl.c:2427))
[00:44:19] [ERR] Failed to check the state of sock (session id: 872a5ccf-3dc5-42a7-b195-d8628ded3fd4, error: SSLEOFError, message: EOF occurred in violation of protocol (_ssl.c:2427))
[00:44:29] [ERR] Failed to check the state of sock (session id: 872a5ccf-3dc5-42a7-b195-d8628ded3fd4, error: SSLEOFError, message: EOF occurred in violation of protocol (_ssl.c:2427))
[00:44:39] [ERR] Failed to check the state of sock (session id: 872a5ccf-3dc5-42a7-b195-d8628ded3fd4, error: SSLError, message: [SSL: BAD_LENGTH] bad length (_ssl.c:2427))
[00:44:49] [ERR] Failed to check the state of sock (session id: 872a5ccf-3dc5-42a7-b195-d8628ded3fd4, error: SSLEOFError, message: EOF occurred in violation of protocol (_ssl.c:2427))
[00:46:20] [ERR] Failed to check the state of sock (session id: e81642aa-2b7e-4312-86df-77905990c4f4, error: SSLEOFError, message: EOF occurred in violation of protocol (_ssl.c:2427))
[00:46:30] [ERR] Failed to check the state of sock (session id: e81642aa-2b7e-4312-86df-77905990c4f4, error: SSLError, message: [SSL: BAD_LENGTH] bad length (_ssl.c:2427))
[00:46:40] [ERR] Failed to check the state of sock (session id: e81642aa-2b7e-4312-86df-77905990c4f4, error: SSLError, message: [SSL: BAD_LENGTH] bad length (_ssl.c:2427))
[00:46:50] [ERR] Failed to check the state of sock (session id: e81642aa-2b7e-4312-86df-77905990c4f4, error: SSLEOFError, message: EOF occurred in violation of protocol (_ssl.c:2427))
[00:47:00] [ERR] Failed to check the state of sock (session id: e81642aa-2b7e-4312-86df-77905990c4f4, error: SSLError, message: [SSL: BAD_LENGTH] bad length (_ssl.c:2427))
[00:48:01] [ERR] Failed to check the state of sock (session id: e3b2bd06-802e-404f-a1b6-fcb7ef45b697, error: SSLEOFError, message: EOF occurred in violation of protocol (_ssl.c:2427))
[00:48:11] [ERR] Failed to check the state of sock (session id: e3b2bd06-802e-404f-a1b6-fcb7ef45b697, error: SSLError, message: [SSL: BAD_LENGTH] bad length (_ssl.c:2427))
[00:48:21] [ERR] Failed to check the state of sock (session id: e3b2bd06-802e-404f-a1b6-fcb7ef45b697, error: SSLEOFError, message: EOF occurred in violation of protocol (_ssl.c:2427))
[00:48:31] [ERR] Failed to check the state of sock (session id: e3b2bd06-802e-404f-a1b6-fcb7ef45b697, error: SSLEOFError, message: EOF occurred in violation of protocol (_ssl.c:2427))
[00:48:41] [ERR] Failed to check the state of sock (session id: e3b2bd06-802e-404f-a1b6-fcb7ef45b697, error: SSLError, message: [SSL: BAD_LENGTH] bad length (_ssl.c:2427))
[00:49:32] [ERR] Failed to check the state of sock (session id: 228cc7ed-c1ec-4461-b2e7-adde000dfc7c, error: SSLEOFError, message: EOF occurred in violation of protocol (_ssl.c:2427))
[00:49:42] [ERR] Failed to check the state of sock (session id: 228cc7ed-c1ec-4461-b2e7-adde000dfc7c, error: SSLEOFError, message: EOF occurred in violation of protocol (_ssl.c:2427))
[00:49:52] [ERR] Failed to check the state of sock (session id: 228cc7ed-c1ec-4461-b2e7-adde000dfc7c, error: SSLEOFError, message: EOF occurred in violation of protocol (_ssl.c:2427))
[00:50:02] [ERR] Failed to check the state of sock (session id: 228cc7ed-c1ec-4461-b2e7-adde000dfc7c, error: SSLEOFError, message: EOF occurred in violation of protocol (_ssl.c:2427))
[00:50:12] [ERR] Failed to check the state of sock (session id: 228cc7ed-c1ec-4461-b2e7-adde000dfc7c, error: SSLEOFError, message: EOF occurred in violation of protocol (_ssl.c:2427))
[00:51:13] [ERR] Failed to check the state of sock (session id: 1c92a225-3353-4739-acd7-801d580bb308, error: SSLEOFError, message: EOF occurred in violation of protocol (_ssl.c:2427))
[00:51:23] [ERR] Failed to check the state of sock (session id: 1c92a225-3353-4739-acd7-801d580bb308, error: SSLEOFError, message: EOF occurred in violation of protocol (_ssl.c:2427))
[00:51:33] [ERR] Failed to check the state of sock (session id: 1c92a225-3353-4739-acd7-801d580bb308, error: SSLEOFError, message: EOF occurred in violation of protocol (_ssl.c:2427))
[00:51:43] [ERR] Failed to check the state of sock (session id: 1c92a225-3353-4739-acd7-801d580bb308, error: SSLEOFError, message: EOF occurred in violation of protocol (_ssl.c:2427))
[00:51:53] [ERR] Failed to check the state of sock (session id: 1c92a225-3353-4739-acd7-801d580bb308, error: SSLEOFError, message: EOF occurred in violation of protocol (_ssl.c:2427))
[00:52:54] [ERR] Failed to check the state of sock (session id: 8a780173-f5ca-40af-b1e7-22dca73e0ee3, error: SSLEOFError, message: EOF occurred in violation of protocol (_ssl.c:2427))
[00:53:04] [ERR] Failed to check the state of sock (session id: 8a780173-f5ca-40af-b1e7-22dca73e0ee3, error: SSLEOFError, message: EOF occurred in violation of protocol (_ssl.c:2427))
[00:53:14] [ERR] Failed to check the state of sock (session id: 8a780173-f5ca-40af-b1e7-22dca73e0ee3, error: SSLEOFError, message: EOF occurred in violation of protocol (_ssl.c:2427))
[00:53:24] [ERR] Failed to check the state of sock (session id: 8a780173-f5ca-40af-b1e7-22dca73e0ee3, error: SSLError, message: [SSL: BAD_LENGTH] bad length (_ssl.c:2427))
[00:53:34] [ERR] Failed to check the state of sock (session id: 8a780173-f5ca-40af-b1e7-22dca73e0ee3, error: SSLEOFError, message: EOF occurred in violation of protocol (_ssl.c:2427))
[00:54:35] [ERR] Failed to check the state of sock (session id: 6d4893d1-a920-40f3-8df6-d62da3a2c260, error: SSLEOFError, message: EOF occurred in violation of protocol (_ssl.c:2427))
[00:54:45] [ERR] Failed to check the state of sock (session id: 6d4893d1-a920-40f3-8df6-d62da3a2c260, error: SSLEOFError, message: EOF occurred in violation of protocol (_ssl.c:2427))
[00:54:55] [ERR] Failed to check the state of sock (session id: 6d4893d1-a920-40f3-8df6-d62da3a2c260, error: SSLEOFError, message: EOF occurred in violation of protocol (_ssl.c:2427))
[00:55:05] [ERR] Failed to check the state of sock (session id: 6d4893d1-a920-40f3-8df6-d62da3a2c260, error: SSLEOFError, message: EOF occurred in violation of protocol (_ssl.c:2427))
[00:55:15] [ERR] Failed to check the state of sock (session id: 6d4893d1-a920-40f3-8df6-d62da3a2c260, error: SSLEOFError, message: EOF occurred in violation of protocol (_ssl.c:2427))
[00:56:36] [ERR] Failed to check the state of sock (session id: a73e7d64-fde0-42be-80cb-4756d00eee52, error: SSLEOFError, message: EOF occurred in violation of protocol (_ssl.c:2427))
[00:56:46] [ERR] Failed to check the state of sock (session id: a73e7d64-fde0-42be-80cb-4756d00eee52, error: SSLEOFError, message: EOF occurred in violation of protocol (_ssl.c:2427))
[00:56:56] [ERR] Failed to check the state of sock (session id: a73e7d64-fde0-42be-80cb-4756d00eee52, error: SSLEOFError, message: EOF occurred in violation of protocol (_ssl.c:2427))
[00:57:06] [ERR] Failed to check the state of sock (session id: a73e7d64-fde0-42be-80cb-4756d00eee52, error: SSLEOFError, message: EOF occurred in violation of protocol (_ssl.c:2427))
[00:57:16] [ERR] Failed to check the state of sock (session id: a73e7d64-fde0-42be-80cb-4756d00eee52, error: SSLEOFError, message: EOF occurred in violation of protocol (_ssl.c:2427))
[00:58:37] [ERR] Failed to check the state of sock (session id: dedadfdf-234d-4727-9798-8adc854e8a82, error: SSLEOFError, message: EOF occurred in violation of protocol (_ssl.c:2427))
[00:58:47] [ERR] Failed to check the state of sock (session id: dedadfdf-234d-4727-9798-8adc854e8a82, error: SSLEOFError, message: EOF occurred in violation of protocol (_ssl.c:2427))
[00:58:57] [ERR] Failed to check the state of sock (session id: dedadfdf-234d-4727-9798-8adc854e8a82, error: SSLEOFError, message: EOF occurred in violation of protocol (_ssl.c:2427))
[00:59:07] [ERR] Failed to check the state of sock (session id: dedadfdf-234d-4727-9798-8adc854e8a82, error: SSLEOFError, message: EOF occurred in violation of protocol (_ssl.c:2427))
[00:59:17] [ERR] Failed to check the state of sock (session id: dedadfdf-234d-4727-9798-8adc854e8a82, error: SSLEOFError, message: EOF occurred in violation of protocol (_ssl.c:2427))
[01:00:48] [ERR] Failed to check the state of sock (session id: 9ace5630-456c-4df9-be05-a6e267d6f7f6, error: SSLEOFError, message: EOF occurred in violation of protocol (_ssl.c:2427))
[01:00:58] [ERR] Failed to check the state of sock (session id: 9ace5630-456c-4df9-be05-a6e267d6f7f6, error: SSLEOFError, message: EOF occurred in violation of protocol (_ssl.c:2427))
[01:01:08] [ERR] Failed to check the state of sock (session id: 9ace5630-456c-4df9-be05-a6e267d6f7f6, error: SSLEOFError, message: EOF occurred in violation of protocol (_ssl.c:2427))
[01:01:18] [ERR] Failed to check the state of sock (session id: 9ace5630-456c-4df9-be05-a6e267d6f7f6, error: SSLEOFError, message: EOF occurred in violation of protocol (_ssl.c:2427))
[01:01:28] [ERR] Failed to check the state of sock (session id: 9ace5630-456c-4df9-be05-a6e267d6f7f6, error: SSLEOFError, message: EOF occurred in violation of protocol (_ssl.c:2427))
[01:02:49] [ERR] Failed to check the state of sock (session id: 5731754b-3d91-48eb-a807-6e63ddbf7638, error: SSLEOFError, message: EOF occurred in violation of protocol (_ssl.c:2427))
[01:02:59] [ERR] Failed to check the state of sock (session id: 5731754b-3d91-48eb-a807-6e63ddbf7638, error: SSLEOFError, message: EOF occurred in violation of protocol (_ssl.c:2427))
[01:03:09] [ERR] Failed to check the state of sock (session id: 5731754b-3d91-48eb-a807-6e63ddbf7638, error: SSLEOFError, message: EOF occurred in violation of protocol (_ssl.c:2427))
[01:03:19] [ERR] Failed to check the state of sock (session id: 5731754b-3d91-48eb-a807-6e63ddbf7638, error: SSLEOFError, message: EOF occurred in violation of protocol (_ssl.c:2427))
[01:03:29] [ERR] Failed to check the state of sock (session id: 5731754b-3d91-48eb-a807-6e63ddbf7638, error: SSLError, message: [SSL: BAD_LENGTH] bad length (_ssl.c:2427))
[01:04:50] [ERR] Failed to check the state of sock (session id: 97c20c66-fd01-4395-89a5-69099a6d421e, error: SSLEOFError, message: EOF occurred in violation of protocol (_ssl.c:2427))
[01:05:00] [ERR] Failed to check the state of sock (session id: 97c20c66-fd01-4395-89a5-69099a6d421e, error: SSLEOFError, message: EOF occurred in violation of protocol (_ssl.c:2427))
[01:05:10] [ERR] Failed to check the state of sock (session id: 97c20c66-fd01-4395-89a5-69099a6d421e, error: SSLEOFError, message: EOF occurred in violation of protocol (_ssl.c:2427))
[01:05:20] [ERR] Failed to check the state of sock (session id: 97c20c66-fd01-4395-89a5-69099a6d421e, error: SSLEOFError, message: EOF occurred in violation of protocol (_ssl.c:2427))
[01:05:30] [ERR] Failed to check the state of sock (session id: 97c20c66-fd01-4395-89a5-69099a6d421e, error: SSLError, message: [SSL: BAD_LENGTH] bad length (_ssl.c:2427))
[01:06:51] [ERR] Failed to check the state of sock (session id: e030f1ba-3338-45c4-aba7-5910e671be89, error: SSLEOFError, message: EOF occurred in violation of protocol (_ssl.c:2427))
[01:07:01] [ERR] Failed to check the state of sock (session id: e030f1ba-3338-45c4-aba7-5910e671be89, error: SSLEOFError, message: EOF occurred in violation of protocol (_ssl.c:2427))
[01:07:11] [ERR] Failed to check the state of sock (session id: e030f1ba-3338-45c4-aba7-5910e671be89, error: SSLEOFError, message: EOF occurred in violation of protocol (_ssl.c:2427))
[01:07:21] [ERR] Failed to check the state of sock (session id: e030f1ba-3338-45c4-aba7-5910e671be89, error: SSLEOFError, message: EOF occurred in violation of protocol (_ssl.c:2427))
[01:07:31] [ERR] Failed to check the state of sock (session id: e030f1ba-3338-45c4-aba7-5910e671be89, error: SSLEOFError, message: EOF occurred in violation of protocol (_ssl.c:2427))
[01:09:02] [ERR] Failed to check the state of sock (session id: 2c246209-7175-48a4-b3aa-e82f6786d592, error: SSLEOFError, message: EOF occurred in violation of protocol (_ssl.c:2427))
[01:09:12] [ERR] Failed to check the state of sock (session id: 2c246209-7175-48a4-b3aa-e82f6786d592, error: SSLEOFError, message: EOF occurred in violation of protocol (_ssl.c:2427))
[01:09:22] [ERR] Failed to check the state of sock (session id: 2c246209-7175-48a4-b3aa-e82f6786d592, error: SSLEOFError, message: EOF occurred in violation of protocol (_ssl.c:2427))
[01:09:32] [ERR] Failed to check the state of sock (session id: 2c246209-7175-48a4-b3aa-e82f6786d592, error: SSLEOFError, message: EOF occurred in violation of protocol (_ssl.c:2427))
[01:09:42] [ERR] Failed to check the state of sock (session id: 2c246209-7175-48a4-b3aa-e82f6786d592, error: SSLEOFError, message: EOF occurred in violation of protocol (_ssl.c:2427))
[01:11:13] [ERR] Failed to check the state of sock (session id: d41f0891-344d-48a4-946e-a0b9d2cdf7d6, error: SSLEOFError, message: EOF occurred in violation of protocol (_ssl.c:2427))
[01:11:23] [ERR] Failed to check the state of sock (session id: d41f0891-344d-48a4-946e-a0b9d2cdf7d6, error: SSLEOFError, message: EOF occurred in violation of protocol (_ssl.c:2427))
[01:11:33] [ERR] Failed to check the state of sock (session id: d41f0891-344d-48a4-946e-a0b9d2cdf7d6, error: SSLEOFError, message: EOF occurred in violation of protocol (_ssl.c:2427))
[01:11:43] [ERR] Failed to check the state of sock (session id: d41f0891-344d-48a4-946e-a0b9d2cdf7d6, error: SSLError, message: [SSL: BAD_LENGTH] bad length (_ssl.c:2427))
[01:11:53] [ERR] Failed to check the state of sock (session id: d41f0891-344d-48a4-946e-a0b9d2cdf7d6, error: SSLError, message: [SSL: BAD_LENGTH] bad length (_ssl.c:2427))
[01:12:54] [ERR] Failed to check the state of sock (session id: 68f5dd79-03b2-48d7-abd9-540d71f093a2, error: SSLEOFError, message: EOF occurred in violation of protocol (_ssl.c:2427))
[01:13:04] [ERR] Failed to check the state of sock (session id: 68f5dd79-03b2-48d7-abd9-540d71f093a2, error: SSLEOFError, message: EOF occurred in violation of protocol (_ssl.c:2427))
[01:13:14] [ERR] Failed to check the state of sock (session id: 68f5dd79-03b2-48d7-abd9-540d71f093a2, error: SSLEOFError, message: EOF occurred in violation of protocol (_ssl.c:2427))
[01:13:24] [ERR] Failed to check the state of sock (session id: 68f5dd79-03b2-48d7-abd9-540d71f093a2, error: SSLError, message: [SSL: BAD_LENGTH] bad length (_ssl.c:2427))
[01:13:34] [ERR] Failed to check the state of sock (session id: 68f5dd79-03b2-48d7-abd9-540d71f093a2, error: SSLEOFError, message: EOF occurred in violation of protocol (_ssl.c:2427))
[01:14:35] [ERR] Failed to check the state of sock (session id: 6726f9ea-d8c5-4910-b368-ab6f469f9fe2, error: SSLEOFError, message: EOF occurred in violation of protocol (_ssl.c:2427))
[01:14:45] [ERR] Failed to check the state of sock (session id: 6726f9ea-d8c5-4910-b368-ab6f469f9fe2, error: SSLEOFError, message: EOF occurred in violation of protocol (_ssl.c:2427))
[01:14:55] [ERR] Failed to check the state of sock (session id: 6726f9ea-d8c5-4910-b368-ab6f469f9fe2, error: SSLEOFError, message: EOF occurred in violation of protocol (_ssl.c:2427))
[01:15:05] [ERR] Failed to check the state of sock (session id: 6726f9ea-d8c5-4910-b368-ab6f469f9fe2, error: SSLError, message: [SSL: BAD_LENGTH] bad length (_ssl.c:2427))
[01:15:15] [ERR] Failed to check the state of sock (session id: 6726f9ea-d8c5-4910-b368-ab6f469f9fe2, error: SSLEOFError, message: EOF occurred in violation of protocol (_ssl.c:2427))
[01:16:46] [ERR] Failed to check the state of sock (session id: e626d401-feef-4b9c-a7c3-f818a666bf4c, error: SSLEOFError, message: EOF occurred in violation of protocol (_ssl.c:2427))
[01:16:56] [ERR] Failed to check the state of sock (session id: e626d401-feef-4b9c-a7c3-f818a666bf4c, error: SSLEOFError, message: EOF occurred in violation of protocol (_ssl.c:2427))
[01:17:06] [ERR] Failed to check the state of sock (session id: e626d401-feef-4b9c-a7c3-f818a666bf4c, error: SSLEOFError, message: EOF occurred in violation of protocol (_ssl.c:2427))
[01:17:16] [ERR] Failed to check the state of sock (session id: e626d401-feef-4b9c-a7c3-f818a666bf4c, error: SSLEOFError, message: EOF occurred in violation of protocol (_ssl.c:2427))
[01:17:26] [ERR] Failed to check the state of sock (session id: e626d401-feef-4b9c-a7c3-f818a666bf4c, error: SSLEOFError, message: EOF occurred in violation of protocol (_ssl.c:2427))
[01:18:57] [ERR] Failed to check the state of sock (session id: 2880edca-a963-41a5-abf1-834b1a0bea63, error: SSLEOFError, message: EOF occurred in violation of protocol (_ssl.c:2427))
[01:19:07] [ERR] Failed to check the state of sock (session id: 2880edca-a963-41a5-abf1-834b1a0bea63, error: SSLEOFError, message: EOF occurred in violation of protocol (_ssl.c:2427))
[01:19:17] [ERR] Failed to check the state of sock (session id: 2880edca-a963-41a5-abf1-834b1a0bea63, error: SSLError, message: [SSL: BAD_LENGTH] bad length (_ssl.c:2427))
[01:19:27] [ERR] Failed to check the state of sock (session id: 2880edca-a963-41a5-abf1-834b1a0bea63, error: SSLEOFError, message: EOF occurred in violation of protocol (_ssl.c:2427))
[01:19:37] [ERR] Failed to check the state of sock (session id: 2880edca-a963-41a5-abf1-834b1a0bea63, error: SSLEOFError, message: EOF occurred in violation of protocol (_ssl.c:2427))
[01:20:58] [ERR] Failed to check the state of sock (session id: dd1b6b83-3781-476a-bab1-453ceae61f03, error: SSLEOFError, message: EOF occurred in violation of protocol (_ssl.c:2427))
[01:21:08] [ERR] Failed to check the state of sock (session id: dd1b6b83-3781-476a-bab1-453ceae61f03, error: SSLEOFError, message: EOF occurred in violation of protocol (_ssl.c:2427))
[01:21:18] [ERR] Failed to check the state of sock (session id: dd1b6b83-3781-476a-bab1-453ceae61f03, error: SSLError, message: [SSL: BAD_LENGTH] bad length (_ssl.c:2427))
[01:21:28] [ERR] Failed to check the state of sock (session id: dd1b6b83-3781-476a-bab1-453ceae61f03, error: SSLEOFError, message: EOF occurred in violation of protocol (_ssl.c:2427))
[01:21:38] [ERR] Failed to check the state of sock (session id: dd1b6b83-3781-476a-bab1-453ceae61f03, error: SSLEOFError, message: EOF occurred in violation of protocol (_ssl.c:2427))
[01:22:39] [ERR] Failed to check the state of sock (session id: 871dacd5-4450-4705-8cbb-c42d9963ff51, error: SSLEOFError, message: EOF occurred in violation of protocol (_ssl.c:2427))
[01:22:49] [ERR] Failed to check the state of sock (session id: 871dacd5-4450-4705-8cbb-c42d9963ff51, error: SSLEOFError, message: EOF occurred in violation of protocol (_ssl.c:2427))
[01:22:59] [ERR] Failed to check the state of sock (session id: 871dacd5-4450-4705-8cbb-c42d9963ff51, error: SSLError, message: [SSL: BAD_LENGTH] bad length (_ssl.c:2427))
[01:23:09] [ERR] Failed to check the state of sock (session id: 871dacd5-4450-4705-8cbb-c42d9963ff51, error: SSLEOFError, message: EOF occurred in violation of protocol (_ssl.c:2427))
[01:23:19] [ERR] Failed to check the state of sock (session id: 871dacd5-4450-4705-8cbb-c42d9963ff51, error: SSLError, message: [SSL: BAD_LENGTH] bad length (_ssl.c:2427))
[01:24:20] [ERR] Failed to check the state of sock (session id: 0c2d5ce6-cf1e-447e-bb4d-43fb0af6b09c, error: SSLEOFError, message: EOF occurred in violation of protocol (_ssl.c:2427))
[01:24:30] [ERR] Failed to check the state of sock (session id: 0c2d5ce6-cf1e-447e-bb4d-43fb0af6b09c, error: SSLEOFError, message: EOF occurred in violation of protocol (_ssl.c:2427))
[01:24:40] [ERR] Failed to check the state of sock (session id: 0c2d5ce6-cf1e-447e-bb4d-43fb0af6b09c, error: SSLEOFError, message: EOF occurred in violation of protocol (_ssl.c:2427))
[01:24:50] [ERR] Failed to check the state of sock (session id: 0c2d5ce6-cf1e-447e-bb4d-43fb0af6b09c, error: SSLEOFError, message: EOF occurred in violation of protocol (_ssl.c:2427))
[01:25:00] [ERR] Failed to check the state of sock (session id: 0c2d5ce6-cf1e-447e-bb4d-43fb0af6b09c, error: SSLEOFError, message: EOF occurred in violation of protocol (_ssl.c:2427))
[01:26:31] [ERR] Failed to check the state of sock (session id: 9ea0a777-6b70-46a2-9ae0-cb6b7d5145d3, error: SSLEOFError, message: EOF occurred in violation of protocol (_ssl.c:2427))
[01:26:41] [ERR] Failed to check the state of sock (session id: 9ea0a777-6b70-46a2-9ae0-cb6b7d5145d3, error: SSLEOFError, message: EOF occurred in violation of protocol (_ssl.c:2427))
[01:26:51] [ERR] Failed to check the state of sock (session id: 9ea0a777-6b70-46a2-9ae0-cb6b7d5145d3, error: SSLEOFError, message: EOF occurred in violation of protocol (_ssl.c:2427))
[01:27:01] [ERR] Failed to check the state of sock (session id: 9ea0a777-6b70-46a2-9ae0-cb6b7d5145d3, error: SSLEOFError, message: EOF occurred in violation of protocol (_ssl.c:2427))
[01:27:11] [ERR] Failed to check the state of sock (session id: 9ea0a777-6b70-46a2-9ae0-cb6b7d5145d3, error: SSLEOFError, message: EOF occurred in violation of protocol (_ssl.c:2427))
[01:28:22] [ERR] Failed to check the state of sock (session id: 58c2142b-776e-4331-a0db-31d0ad3ed6a5, error: SSLEOFError, message: EOF occurred in violation of protocol (_ssl.c:2427))
[01:28:32] [ERR] Failed to check the state of sock (session id: 58c2142b-776e-4331-a0db-31d0ad3ed6a5, error: SSLEOFError, message: EOF occurred in violation of protocol (_ssl.c:2427))
[01:28:42] [ERR] Failed to check the state of sock (session id: 58c2142b-776e-4331-a0db-31d0ad3ed6a5, error: SSLEOFError, message: EOF occurred in violation of protocol (_ssl.c:2427))
[01:28:52] [ERR] Failed to check the state of sock (session id: 58c2142b-776e-4331-a0db-31d0ad3ed6a5, error: SSLEOFError, message: EOF occurred in violation of protocol (_ssl.c:2427))
[01:29:02] [ERR] Failed to check the state of sock (session id: 58c2142b-776e-4331-a0db-31d0ad3ed6a5, error: SSLEOFError, message: EOF occurred in violation of protocol (_ssl.c:2427))
[01:30:33] [ERR] Failed to check the state of sock (session id: 2d2f400e-6aa9-4d18-9302-40982f10ce5d, error: SSLEOFError, message: EOF occurred in violation of protocol (_ssl.c:2427))
[01:30:43] [ERR] Failed to check the state of sock (session id: 2d2f400e-6aa9-4d18-9302-40982f10ce5d, error: SSLEOFError, message: EOF occurred in violation of protocol (_ssl.c:2427))
[01:30:53] [ERR] Failed to check the state of sock (session id: 2d2f400e-6aa9-4d18-9302-40982f10ce5d, error: SSLEOFError, message: EOF occurred in violation of protocol (_ssl.c:2427))
[01:31:03] [ERR] Failed to check the state of sock (session id: 2d2f400e-6aa9-4d18-9302-40982f10ce5d, error: SSLEOFError, message: EOF occurred in violation of protocol (_ssl.c:2427))
[01:31:13] [ERR] Failed to check the state of sock (session id: 2d2f400e-6aa9-4d18-9302-40982f10ce5d, error: SSLError, message: [SSL: BAD_LENGTH] bad length (_ssl.c:2427))
[01:32:35] [ERR] Failed to check the state of sock (session id: 0afef947-251e-4815-a21d-6b12363293f8, error: SSLEOFError, message: EOF occurred in violation of protocol (_ssl.c:2427))
[01:32:45] [ERR] Failed to check the state of sock (session id: 0afef947-251e-4815-a21d-6b12363293f8, error: SSLError, message: [SSL: BAD_LENGTH] bad length (_ssl.c:2427))
[01:32:55] [ERR] Failed to check the state of sock (session id: 0afef947-251e-4815-a21d-6b12363293f8, error: SSLEOFError, message: EOF occurred in violation of protocol (_ssl.c:2427))
[01:33:05] [ERR] Failed to check the state of sock (session id: 0afef947-251e-4815-a21d-6b12363293f8, error: SSLEOFError, message: EOF occurred in violation of protocol (_ssl.c:2427))
[01:33:15] [ERR] Failed to check the state of sock (session id: 0afef947-251e-4815-a21d-6b12363293f8, error: SSLError, message: [SSL: BAD_LENGTH] bad length (_ssl.c:2427))
[01:34:16] [ERR] Failed to check the state of sock (session id: 613e1337-44f8-45b0-85ad-eab73f92a9a3, error: SSLEOFError, message: EOF occurred in violation of protocol (_ssl.c:2427))
[01:34:26] [ERR] Failed to check the state of sock (session id: 613e1337-44f8-45b0-85ad-eab73f92a9a3, error: SSLEOFError, message: EOF occurred in violation of protocol (_ssl.c:2427))
[01:34:36] [ERR] Failed to check the state of sock (session id: 613e1337-44f8-45b0-85ad-eab73f92a9a3, error: SSLEOFError, message: EOF occurred in violation of protocol (_ssl.c:2427))
[01:34:46] [ERR] Failed to check the state of sock (session id: 613e1337-44f8-45b0-85ad-eab73f92a9a3, error: SSLError, message: [SSL: BAD_LENGTH] bad length (_ssl.c:2427))
[01:34:56] [ERR] Failed to check the state of sock (session id: 613e1337-44f8-45b0-85ad-eab73f92a9a3, error: SSLEOFError, message: EOF occurred in violation of protocol (_ssl.c:2427))
[01:35:57] [ERR] Failed to check the state of sock (session id: a633207a-a824-4701-9dd2-bf7b01dc21f4, error: SSLEOFError, message: EOF occurred in violation of protocol (_ssl.c:2427))
[01:36:07] [ERR] Failed to check the state of sock (session id: a633207a-a824-4701-9dd2-bf7b01dc21f4, error: SSLEOFError, message: EOF occurred in violation of protocol (_ssl.c:2427))
[01:36:17] [ERR] Failed to check the state of sock (session id: a633207a-a824-4701-9dd2-bf7b01dc21f4, error: SSLEOFError, message: EOF occurred in violation of protocol (_ssl.c:2427))
[01:36:27] [ERR] Failed to check the state of sock (session id: a633207a-a824-4701-9dd2-bf7b01dc21f4, error: SSLEOFError, message: EOF occurred in violation of protocol (_ssl.c:2427))
[01:36:37] [ERR] Failed to check the state of sock (session id: a633207a-a824-4701-9dd2-bf7b01dc21f4, error: SSLEOFError, message: EOF occurred in violation of protocol (_ssl.c:2427))
[01:37:37] [ERR] Failed to check the state of sock (session id: eb964c38-188e-47d4-9041-fd7d3e2eeb87, error: SSLEOFError, message: EOF occurred in violation of protocol (_ssl.c:2427))
[01:37:48] [ERR] Failed to check the state of sock (session id: eb964c38-188e-47d4-9041-fd7d3e2eeb87, error: SSLEOFError, message: EOF occurred in violation of protocol (_ssl.c:2427))
[01:37:58] [ERR] Failed to check the state of sock (session id: eb964c38-188e-47d4-9041-fd7d3e2eeb87, error: SSLEOFError, message: EOF occurred in violation of protocol (_ssl.c:2427))
[01:38:08] [ERR] Failed to check the state of sock (session id: eb964c38-188e-47d4-9041-fd7d3e2eeb87, error: SSLEOFError, message: EOF occurred in violation of protocol (_ssl.c:2427))
[01:38:18] [ERR] Failed to check the state of sock (session id: eb964c38-188e-47d4-9041-fd7d3e2eeb87, error: SSLEOFError, message: EOF occurred in violation of protocol (_ssl.c:2427))
[01:39:09] [ERR] Failed to check the state of sock (session id: 665e89eb-7f43-49f7-8d5c-356f4e9a349d, error: SSLEOFError, message: EOF occurred in violation of protocol (_ssl.c:2427))
[01:39:19] [ERR] Failed to check the state of sock (session id: 665e89eb-7f43-49f7-8d5c-356f4e9a349d, error: SSLEOFError, message: EOF occurred in violation of protocol (_ssl.c:2427))
[01:39:29] [ERR] Failed to check the state of sock (session id: 665e89eb-7f43-49f7-8d5c-356f4e9a349d, error: SSLEOFError, message: EOF occurred in violation of protocol (_ssl.c:2427))
[01:39:39] [ERR] Failed to check the state of sock (session id: 665e89eb-7f43-49f7-8d5c-356f4e9a349d, error: SSLEOFError, message: EOF occurred in violation of protocol (_ssl.c:2427))
[01:39:49] [ERR] Failed to check the state of sock (session id: 665e89eb-7f43-49f7-8d5c-356f4e9a349d, error: SSLEOFError, message: EOF occurred in violation of protocol (_ssl.c:2427))
[01:40:50] [ERR] Failed to check the state of sock (session id: a24b5d43-2cf2-45e6-95e7-077d7119fd8d, error: SSLEOFError, message: EOF occurred in violation of protocol (_ssl.c:2427))
[01:41:00] [ERR] Failed to check the state of sock (session id: a24b5d43-2cf2-45e6-95e7-077d7119fd8d, error: SSLEOFError, message: EOF occurred in violation of protocol (_ssl.c:2427))
[01:41:10] [ERR] Failed to check the state of sock (session id: a24b5d43-2cf2-45e6-95e7-077d7119fd8d, error: SSLError, message: [SSL: BAD_LENGTH] bad length (_ssl.c:2427))
[01:41:20] [ERR] Failed to check the state of sock (session id: a24b5d43-2cf2-45e6-95e7-077d7119fd8d, error: SSLError, message: [SSL: BAD_LENGTH] bad length (_ssl.c:2427))
[01:41:30] [ERR] Failed to check the state of sock (session id: a24b5d43-2cf2-45e6-95e7-077d7119fd8d, error: SSLEOFError, message: EOF occurred in violation of protocol (_ssl.c:2427))
[01:42:51] [ERR] Failed to check the state of sock (session id: 5610e62f-a47f-4e7d-980d-cc554e9a2ba7, error: SSLEOFError, message: EOF occurred in violation of protocol (_ssl.c:2427))
[01:43:01] [ERR] Failed to check the state of sock (session id: 5610e62f-a47f-4e7d-980d-cc554e9a2ba7, error: SSLEOFError, message: EOF occurred in violation of protocol (_ssl.c:2427))
[01:43:11] [ERR] Failed to check the state of sock (session id: 5610e62f-a47f-4e7d-980d-cc554e9a2ba7, error: SSLEOFError, message: EOF occurred in violation of protocol (_ssl.c:2427))
[01:43:21] [ERR] Failed to check the state of sock (session id: 5610e62f-a47f-4e7d-980d-cc554e9a2ba7, error: SSLEOFError, message: EOF occurred in violation of protocol (_ssl.c:2427))
[01:43:31] [ERR] Failed to check the state of sock (session id: 5610e62f-a47f-4e7d-980d-cc554e9a2ba7, error: SSLEOFError, message: EOF occurred in violation of protocol (_ssl.c:2427))
[01:44:32] [ERR] Failed to check the state of sock (session id: deb3baa7-c8ec-4555-b6a7-d09b5204f4ee, error: SSLEOFError, message: EOF occurred in violation of protocol (_ssl.c:2427))
[01:44:42] [ERR] Failed to check the state of sock (session id: deb3baa7-c8ec-4555-b6a7-d09b5204f4ee, error: SSLEOFError, message: EOF occurred in violation of protocol (_ssl.c:2427))
[01:44:52] [ERR] Failed to check the state of sock (session id: deb3baa7-c8ec-4555-b6a7-d09b5204f4ee, error: SSLEOFError, message: EOF occurred in violation of protocol (_ssl.c:2427))
[01:45:02] [ERR] Failed to check the state of sock (session id: deb3baa7-c8ec-4555-b6a7-d09b5204f4ee, error: SSLError, message: [SSL: BAD_LENGTH] bad length (_ssl.c:2427))
[01:45:12] [ERR] Failed to check the state of sock (session id: deb3baa7-c8ec-4555-b6a7-d09b5204f4ee, error: SSLEOFError, message: EOF occurred in violation of protocol (_ssl.c:2427))
[01:46:33] [ERR] Failed to check the state of sock (session id: b9f56ad4-ef15-41c3-84c6-de44b3ee51ad, error: SSLEOFError, message: EOF occurred in violation of protocol (_ssl.c:2427))
[01:46:43] [ERR] Failed to check the state of sock (session id: b9f56ad4-ef15-41c3-84c6-de44b3ee51ad, error: SSLError, message: [SSL: BAD_LENGTH] bad length (_ssl.c:2427))
[01:46:53] [ERR] Failed to check the state of sock (session id: b9f56ad4-ef15-41c3-84c6-de44b3ee51ad, error: SSLEOFError, message: EOF occurred in violation of protocol (_ssl.c:2427))
[01:47:03] [ERR] Failed to check the state of sock (session id: b9f56ad4-ef15-41c3-84c6-de44b3ee51ad, error: SSLEOFError, message: EOF occurred in violation of protocol (_ssl.c:2427))
[01:47:13] [ERR] Failed to check the state of sock (session id: b9f56ad4-ef15-41c3-84c6-de44b3ee51ad, error: SSLEOFError, message: EOF occurred in violation of protocol (_ssl.c:2427))
[01:48:14] [ERR] Failed to check the state of sock (session id: ef5ad8b7-b9f1-4667-a54f-8fbcd4bcf637, error: SSLEOFError, message: EOF occurred in violation of protocol (_ssl.c:2427))
[01:48:24] [ERR] Failed to check the state of sock (session id: ef5ad8b7-b9f1-4667-a54f-8fbcd4bcf637, error: SSLEOFError, message: EOF occurred in violation of protocol (_ssl.c:2427))
[01:48:34] [ERR] Failed to check the state of sock (session id: ef5ad8b7-b9f1-4667-a54f-8fbcd4bcf637, error: SSLError, message: [SSL: BAD_LENGTH] bad length (_ssl.c:2427))
[01:48:44] [ERR] Failed to check the state of sock (session id: ef5ad8b7-b9f1-4667-a54f-8fbcd4bcf637, error: SSLEOFError, message: EOF occurred in violation of protocol (_ssl.c:2427))
[01:48:54] [ERR] Failed to check the state of sock (session id: ef5ad8b7-b9f1-4667-a54f-8fbcd4bcf637, error: SSLError, message: [SSL: BAD_LENGTH] bad length (_ssl.c:2427))
[01:49:55] [ERR] Failed to check the state of sock (session id: c680c799-9fca-4efc-a66a-3111f85cd848, error: SSLEOFError, message: EOF occurred in violation of protocol (_ssl.c:2427))
[01:50:05] [ERR] Failed to check the state of sock (session id: c680c799-9fca-4efc-a66a-3111f85cd848, error: SSLEOFError, message: EOF occurred in violation of protocol (_ssl.c:2427))
[01:50:15] [ERR] Failed to check the state of sock (session id: c680c799-9fca-4efc-a66a-3111f85cd848, error: SSLEOFError, message: EOF occurred in violation of protocol (_ssl.c:2427))
[01:50:25] [ERR] Failed to check the state of sock (session id: c680c799-9fca-4efc-a66a-3111f85cd848, error: SSLEOFError, message: EOF occurred in violation of protocol (_ssl.c:2427))
[01:50:35] [ERR] Failed to check the state of sock (session id: c680c799-9fca-4efc-a66a-3111f85cd848, error: SSLEOFError, message: EOF occurred in violation of protocol (_ssl.c:2427))
[01:51:56] [ERR] Failed to check the state of sock (session id: c6aba1b9-db97-4153-97c5-202fa9cda5a6, error: SSLEOFError, message: EOF occurred in violation of protocol (_ssl.c:2427))
[01:52:06] [ERR] Failed to check the state of sock (session id: c6aba1b9-db97-4153-97c5-202fa9cda5a6, error: SSLEOFError, message: EOF occurred in violation of protocol (_ssl.c:2427))
[01:52:16] [ERR] Failed to check the state of sock (session id: c6aba1b9-db97-4153-97c5-202fa9cda5a6, error: SSLEOFError, message: EOF occurred in violation of protocol (_ssl.c:2427))
[01:52:26] [ERR] Failed to check the state of sock (session id: c6aba1b9-db97-4153-97c5-202fa9cda5a6, error: SSLEOFError, message: EOF occurred in violation of protocol (_ssl.c:2427))
[01:52:36] [ERR] Failed to check the state of sock (session id: c6aba1b9-db97-4153-97c5-202fa9cda5a6, error: SSLEOFError, message: EOF occurred in violation of protocol (_ssl.c:2427))
[01:53:57] [ERR] Failed to check the state of sock (session id: d3a319a5-c84e-4fbc-ad02-1ae372e03b44, error: SSLEOFError, message: EOF occurred in violation of protocol (_ssl.c:2427))
[01:54:07] [ERR] Failed to check the state of sock (session id: d3a319a5-c84e-4fbc-ad02-1ae372e03b44, error: SSLEOFError, message: EOF occurred in violation of protocol (_ssl.c:2427))
[01:54:17] [ERR] Failed to check the state of sock (session id: d3a319a5-c84e-4fbc-ad02-1ae372e03b44, error: SSLEOFError, message: EOF occurred in violation of protocol (_ssl.c:2427))
[01:54:27] [ERR] Failed to check the state of sock (session id: d3a319a5-c84e-4fbc-ad02-1ae372e03b44, error: SSLError, message: [SSL: BAD_LENGTH] bad length (_ssl.c:2427))
[01:54:37] [ERR] Failed to check the state of sock (session id: d3a319a5-c84e-4fbc-ad02-1ae372e03b44, error: SSLEOFError, message: EOF occurred in violation of protocol (_ssl.c:2427))
[01:55:38] [ERR] Failed to check the state of sock (session id: 14b7fb66-a5f4-4712-bb73-70fa0626b690, error: SSLEOFError, message: EOF occurred in violation of protocol (_ssl.c:2427))
[01:55:48] [ERR] Failed to check the state of sock (session id: 14b7fb66-a5f4-4712-bb73-70fa0626b690, error: SSLEOFError, message: EOF occurred in violation of protocol (_ssl.c:2427))
[01:55:58] [ERR] Failed to check the state of sock (session id: 14b7fb66-a5f4-4712-bb73-70fa0626b690, error: SSLEOFError, message: EOF occurred in violation of protocol (_ssl.c:2427))
[01:56:08] [ERR] Failed to check the state of sock (session id: 14b7fb66-a5f4-4712-bb73-70fa0626b690, error: SSLEOFError, message: EOF occurred in violation of protocol (_ssl.c:2427))
[01:56:18] [ERR] Failed to check the state of sock (session id: 14b7fb66-a5f4-4712-bb73-70fa0626b690, error: SSLEOFError, message: EOF occurred in violation of protocol (_ssl.c:2427))
[01:57:49] [ERR] Failed to check the state of sock (session id: 6a272b2d-46ce-46c6-853b-ff6163d8a103, error: SSLEOFError, message: EOF occurred in violation of protocol (_ssl.c:2427))
[01:57:59] [ERR] Failed to check the state of sock (session id: 6a272b2d-46ce-46c6-853b-ff6163d8a103, error: SSLEOFError, message: EOF occurred in violation of protocol (_ssl.c:2427))
[01:58:09] [ERR] Failed to check the state of sock (session id: 6a272b2d-46ce-46c6-853b-ff6163d8a103, error: SSLEOFError, message: EOF occurred in violation of protocol (_ssl.c:2427))
[01:58:19] [ERR] Failed to check the state of sock (session id: 6a272b2d-46ce-46c6-853b-ff6163d8a103, error: SSLEOFError, message: EOF occurred in violation of protocol (_ssl.c:2427))
[01:58:29] [ERR] Failed to check the state of sock (session id: 6a272b2d-46ce-46c6-853b-ff6163d8a103, error: SSLEOFError, message: EOF occurred in violation of protocol (_ssl.c:2427))
[01:59:30] [ERR] Failed to check the state of sock (session id: 38f252a4-ed69-46c5-80d6-6abb98ee561d, error: SSLEOFError, message: EOF occurred in violation of protocol (_ssl.c:2427))
[01:59:40] [ERR] Failed to check the state of sock (session id: 38f252a4-ed69-46c5-80d6-6abb98ee561d, error: SSLEOFError, message: EOF occurred in violation of protocol (_ssl.c:2427))
[01:59:50] [ERR] Failed to check the state of sock (session id: 38f252a4-ed69-46c5-80d6-6abb98ee561d, error: SSLEOFError, message: EOF occurred in violation of protocol (_ssl.c:2427))
[02:00:00] [ERR] Failed to check the state of sock (session id: 38f252a4-ed69-46c5-80d6-6abb98ee561d, error: SSLError, message: [SSL: BAD_LENGTH] bad length (_ssl.c:2427))
[02:00:10] [ERR] Failed to check the state of sock (session id: 38f252a4-ed69-46c5-80d6-6abb98ee561d, error: SSLEOFError, message: EOF occurred in violation of protocol (_ssl.c:2427))
[02:01:41] [ERR] Failed to check the state of sock (session id: 75e23972-a472-45fc-97e0-081a1aeb1187, error: SSLEOFError, message: EOF occurred in violation of protocol (_ssl.c:2427))
[02:01:51] [ERR] Failed to check the state of sock (session id: 75e23972-a472-45fc-97e0-081a1aeb1187, error: SSLEOFError, message: EOF occurred in violation of protocol (_ssl.c:2427))
[02:02:01] [ERR] Failed to check the state of sock (session id: 75e23972-a472-45fc-97e0-081a1aeb1187, error: SSLEOFError, message: EOF occurred in violation of protocol (_ssl.c:2427))
[02:02:11] [ERR] Failed to check the state of sock (session id: 75e23972-a472-45fc-97e0-081a1aeb1187, error: SSLError, message: [SSL: BAD_LENGTH] bad length (_ssl.c:2427))
[02:02:21] [ERR] Failed to check the state of sock (session id: 75e23972-a472-45fc-97e0-081a1aeb1187, error: SSLEOFError, message: EOF occurred in violation of protocol (_ssl.c:2427))
[02:03:42] [ERR] Failed to check the state of sock (session id: 48d6c971-0ce1-41cf-ac6b-301d9f92cce1, error: SSLEOFError, message: EOF occurred in violation of protocol (_ssl.c:2427))
[02:03:52] [ERR] Failed to check the state of sock (session id: 48d6c971-0ce1-41cf-ac6b-301d9f92cce1, error: SSLEOFError, message: EOF occurred in violation of protocol (_ssl.c:2427))
[02:04:02] [ERR] Failed to check the state of sock (session id: 48d6c971-0ce1-41cf-ac6b-301d9f92cce1, error: SSLEOFError, message: EOF occurred in violation of protocol (_ssl.c:2427))
[02:04:12] [ERR] Failed to check the state of sock (session id: 48d6c971-0ce1-41cf-ac6b-301d9f92cce1, error: SSLEOFError, message: EOF occurred in violation of protocol (_ssl.c:2427))
[02:04:22] [ERR] Failed to check the state of sock (session id: 48d6c971-0ce1-41cf-ac6b-301d9f92cce1, error: SSLEOFError, message: EOF occurred in violation of protocol (_ssl.c:2427))
[02:05:13] [ERR] Failed to check the state of sock (session id: fba50f54-d358-43cd-baa2-bafb02cecd0b, error: SSLEOFError, message: EOF occurred in violation of protocol (_ssl.c:2427))
[02:05:23] [ERR] Failed to check the state of sock (session id: fba50f54-d358-43cd-baa2-bafb02cecd0b, error: SSLError, message: [SSL: BAD_LENGTH] bad length (_ssl.c:2427))
[02:05:33] [ERR] Failed to check the state of sock (session id: fba50f54-d358-43cd-baa2-bafb02cecd0b, error: SSLEOFError, message: EOF occurred in violation of protocol (_ssl.c:2427))
[02:05:43] [ERR] Failed to check the state of sock (session id: fba50f54-d358-43cd-baa2-bafb02cecd0b, error: SSLEOFError, message: EOF occurred in violation of protocol (_ssl.c:2427))
[02:05:53] [ERR] Failed to check the state of sock (session id: fba50f54-d358-43cd-baa2-bafb02cecd0b, error: SSLEOFError, message: EOF occurred in violation of protocol (_ssl.c:2427))
[02:07:14] [ERR] Failed to check the state of sock (session id: 9e6b92f6-7052-41a7-8df9-4f7e6ee2c1e2, error: SSLEOFError, message: EOF occurred in violation of protocol (_ssl.c:2427))
[02:07:24] [ERR] Failed to check the state of sock (session id: 9e6b92f6-7052-41a7-8df9-4f7e6ee2c1e2, error: SSLError, message: [SSL: BAD_LENGTH] bad length (_ssl.c:2427))
[02:07:34] [ERR] Failed to check the state of sock (session id: 9e6b92f6-7052-41a7-8df9-4f7e6ee2c1e2, error: SSLEOFError, message: EOF occurred in violation of protocol (_ssl.c:2427))
[02:07:44] [ERR] Failed to check the state of sock (session id: 9e6b92f6-7052-41a7-8df9-4f7e6ee2c1e2, error: SSLEOFError, message: EOF occurred in violation of protocol (_ssl.c:2427))
[02:07:54] [ERR] Failed to check the state of sock (session id: 9e6b92f6-7052-41a7-8df9-4f7e6ee2c1e2, error: SSLEOFError, message: EOF occurred in violation of protocol (_ssl.c:2427))
[02:08:55] [ERR] Failed to check the state of sock (session id: 7706a755-f12a-47ae-92ca-561027646541, error: SSLEOFError, message: EOF occurred in violation of protocol (_ssl.c:2427))
[02:09:05] [ERR] Failed to check the state of sock (session id: 7706a755-f12a-47ae-92ca-561027646541, error: SSLError, message: [SSL: BAD_LENGTH] bad length (_ssl.c:2427))
[02:09:15] [ERR] Failed to check the state of sock (session id: 7706a755-f12a-47ae-92ca-561027646541, error: SSLEOFError, message: EOF occurred in violation of protocol (_ssl.c:2427))
[02:09:25] [ERR] Failed to check the state of sock (session id: 7706a755-f12a-47ae-92ca-561027646541, error: SSLEOFError, message: EOF occurred in violation of protocol (_ssl.c:2427))
[02:09:35] [ERR] Failed to check the state of sock (session id: 7706a755-f12a-47ae-92ca-561027646541, error: SSLError, message: [SSL: BAD_LENGTH] bad length (_ssl.c:2427))
[02:10:56] [ERR] Failed to check the state of sock (session id: 6dc3c2ba-4f1c-469f-8bb1-f61b4f8859c4, error: SSLEOFError, message: EOF occurred in violation of protocol (_ssl.c:2427))
[02:11:06] [ERR] Failed to check the state of sock (session id: 6dc3c2ba-4f1c-469f-8bb1-f61b4f8859c4, error: SSLEOFError, message: EOF occurred in violation of protocol (_ssl.c:2427))
[02:11:16] [ERR] Failed to check the state of sock (session id: 6dc3c2ba-4f1c-469f-8bb1-f61b4f8859c4, error: SSLEOFError, message: EOF occurred in violation of protocol (_ssl.c:2427))
[02:11:26] [ERR] Failed to check the state of sock (session id: 6dc3c2ba-4f1c-469f-8bb1-f61b4f8859c4, error: SSLEOFError, message: EOF occurred in violation of protocol (_ssl.c:2427))
[02:11:36] [ERR] Failed to check the state of sock (session id: 6dc3c2ba-4f1c-469f-8bb1-f61b4f8859c4, error: SSLEOFError, message: EOF occurred in violation of protocol (_ssl.c:2427))
[02:12:37] [ERR] Failed to check the state of sock (session id: b757ff15-1358-42cb-a60e-2f755523e581, error: SSLEOFError, message: EOF occurred in violation of protocol (_ssl.c:2427))
[02:12:47] [ERR] Failed to check the state of sock (session id: b757ff15-1358-42cb-a60e-2f755523e581, error: SSLEOFError, message: EOF occurred in violation of protocol (_ssl.c:2427))
[02:12:57] [ERR] Failed to check the state of sock (session id: b757ff15-1358-42cb-a60e-2f755523e581, error: SSLEOFError, message: EOF occurred in violation of protocol (_ssl.c:2427))
[02:13:07] [ERR] Failed to check the state of sock (session id: b757ff15-1358-42cb-a60e-2f755523e581, error: SSLEOFError, message: EOF occurred in violation of protocol (_ssl.c:2427))
[02:13:17] [ERR] Failed to check the state of sock (session id: b757ff15-1358-42cb-a60e-2f755523e581, error: SSLEOFError, message: EOF occurred in violation of protocol (_ssl.c:2427))
[02:14:18] [ERR] Failed to check the state of sock (session id: 643f4950-a1ae-4673-b7af-da5e408e1e2d, error: SSLEOFError, message: EOF occurred in violation of protocol (_ssl.c:2427))
[02:14:28] [ERR] Failed to check the state of sock (session id: 643f4950-a1ae-4673-b7af-da5e408e1e2d, error: SSLError, message: [SSL: BAD_LENGTH] bad length (_ssl.c:2427))
[02:14:38] [ERR] Failed to check the state of sock (session id: 643f4950-a1ae-4673-b7af-da5e408e1e2d, error: SSLEOFError, message: EOF occurred in violation of protocol (_ssl.c:2427))
[02:14:48] [ERR] Failed to check the state of sock (session id: 643f4950-a1ae-4673-b7af-da5e408e1e2d, error: SSLEOFError, message: EOF occurred in violation of protocol (_ssl.c:2427))
[02:14:58] [ERR] Failed to check the state of sock (session id: 643f4950-a1ae-4673-b7af-da5e408e1e2d, error: SSLEOFError, message: EOF occurred in violation of protocol (_ssl.c:2427))
[02:16:29] [ERR] Failed to check the state of sock (session id: 94f94878-3da2-4a04-a24c-9e00e1d58c4d, error: SSLEOFError, message: EOF occurred in violation of protocol (_ssl.c:2427))
[02:16:39] [ERR] Failed to check the state of sock (session id: 94f94878-3da2-4a04-a24c-9e00e1d58c4d, error: SSLError, message: [SSL: BAD_LENGTH] bad length (_ssl.c:2427))
[02:16:49] [ERR] Failed to check the state of sock (session id: 94f94878-3da2-4a04-a24c-9e00e1d58c4d, error: SSLEOFError, message: EOF occurred in violation of protocol (_ssl.c:2427))
[02:16:59] [ERR] Failed to check the state of sock (session id: 94f94878-3da2-4a04-a24c-9e00e1d58c4d, error: SSLError, message: [SSL: BAD_LENGTH] bad length (_ssl.c:2427))
[02:17:09] [ERR] Failed to check the state of sock (session id: 94f94878-3da2-4a04-a24c-9e00e1d58c4d, error: SSLEOFError, message: EOF occurred in violation of protocol (_ssl.c:2427))
[02:18:10] [ERR] Failed to check the state of sock (session id: 4e4e6654-1fd2-40f6-9ab8-7041de60736f, error: SSLEOFError, message: EOF occurred in violation of protocol (_ssl.c:2427))
[02:18:20] [ERR] Failed to check the state of sock (session id: 4e4e6654-1fd2-40f6-9ab8-7041de60736f, error: SSLEOFError, message: EOF occurred in violation of protocol (_ssl.c:2427))
[02:18:30] [ERR] Failed to check the state of sock (session id: 4e4e6654-1fd2-40f6-9ab8-7041de60736f, error: SSLEOFError, message: EOF occurred in violation of protocol (_ssl.c:2427))
[02:18:40] [ERR] Failed to check the state of sock (session id: 4e4e6654-1fd2-40f6-9ab8-7041de60736f, error: SSLError, message: [SSL: BAD_LENGTH] bad length (_ssl.c:2427))
[02:18:50] [ERR] Failed to check the state of sock (session id: 4e4e6654-1fd2-40f6-9ab8-7041de60736f, error: SSLEOFError, message: EOF occurred in violation of protocol (_ssl.c:2427))
[02:20:21] [ERR] Failed to check the state of sock (session id: 95965f91-9483-492f-a6a8-aacf72512e4a, error: SSLEOFError, message: EOF occurred in violation of protocol (_ssl.c:2427))
[02:20:31] [ERR] Failed to check the state of sock (session id: 95965f91-9483-492f-a6a8-aacf72512e4a, error: SSLEOFError, message: EOF occurred in violation of protocol (_ssl.c:2427))
[02:20:41] [ERR] Failed to check the state of sock (session id: 95965f91-9483-492f-a6a8-aacf72512e4a, error: SSLEOFError, message: EOF occurred in violation of protocol (_ssl.c:2427))
[02:20:51] [ERR] Failed to check the state of sock (session id: 95965f91-9483-492f-a6a8-aacf72512e4a, error: SSLEOFError, message: EOF occurred in violation of protocol (_ssl.c:2427))
[02:21:01] [ERR] Failed to check the state of sock (session id: 95965f91-9483-492f-a6a8-aacf72512e4a, error: SSLEOFError, message: EOF occurred in violation of protocol (_ssl.c:2427))
[02:22:02] [ERR] Failed to check the state of sock (session id: b267662d-63c0-46e5-9249-4daa7ac54cee, error: SSLEOFError, message: EOF occurred in violation of protocol (_ssl.c:2427))
[02:22:12] [ERR] Failed to check the state of sock (session id: b267662d-63c0-46e5-9249-4daa7ac54cee, error: SSLEOFError, message: EOF occurred in violation of protocol (_ssl.c:2427))
[02:22:22] [ERR] Failed to check the state of sock (session id: b267662d-63c0-46e5-9249-4daa7ac54cee, error: SSLEOFError, message: EOF occurred in violation of protocol (_ssl.c:2427))
[02:22:32] [ERR] Failed to check the state of sock (session id: b267662d-63c0-46e5-9249-4daa7ac54cee, error: SSLEOFError, message: EOF occurred in violation of protocol (_ssl.c:2427))
[02:22:42] [ERR] Failed to check the state of sock (session id: b267662d-63c0-46e5-9249-4daa7ac54cee, error: SSLEOFError, message: EOF occurred in violation of protocol (_ssl.c:2427))
[02:23:43] [ERR] Failed to check the state of sock (session id: fa9e1fad-5095-4c7b-b7b5-46616eb7f013, error: SSLEOFError, message: EOF occurred in violation of protocol (_ssl.c:2427))
[02:23:53] [ERR] Failed to check the state of sock (session id: fa9e1fad-5095-4c7b-b7b5-46616eb7f013, error: SSLEOFError, message: EOF occurred in violation of protocol (_ssl.c:2427))
[02:24:03] [ERR] Failed to check the state of sock (session id: fa9e1fad-5095-4c7b-b7b5-46616eb7f013, error: SSLEOFError, message: EOF occurred in violation of protocol (_ssl.c:2427))
[02:24:13] [ERR] Failed to check the state of sock (session id: fa9e1fad-5095-4c7b-b7b5-46616eb7f013, error: SSLEOFError, message: EOF occurred in violation of protocol (_ssl.c:2427))
[02:24:23] [ERR] Failed to check the state of sock (session id: fa9e1fad-5095-4c7b-b7b5-46616eb7f013, error: SSLEOFError, message: EOF occurred in violation of protocol (_ssl.c:2427))
[02:25:23] [ERR] Failed to check the state of sock (session id: dfcdb804-5e6a-4987-8851-17b799d36662, error: SSLEOFError, message: EOF occurred in violation of protocol (_ssl.c:2427))
[02:25:33] [ERR] Failed to check the state of sock (session id: dfcdb804-5e6a-4987-8851-17b799d36662, error: SSLEOFError, message: EOF occurred in violation of protocol (_ssl.c:2427))
[02:25:43] [ERR] Failed to check the state of sock (session id: dfcdb804-5e6a-4987-8851-17b799d36662, error: SSLEOFError, message: EOF occurred in violation of protocol (_ssl.c:2427))
[02:25:53] [ERR] Failed to check the state of sock (session id: dfcdb804-5e6a-4987-8851-17b799d36662, error: SSLError, message: [SSL: BAD_LENGTH] bad length (_ssl.c:2427))
[02:26:04] [ERR] Failed to check the state of sock (session id: dfcdb804-5e6a-4987-8851-17b799d36662, error: SSLEOFError, message: EOF occurred in violation of protocol (_ssl.c:2427))
[02:27:04] [ERR] Failed to check the state of sock (session id: 5e09f07b-7c03-4bd6-a88b-7a81b05c0831, error: SSLEOFError, message: EOF occurred in violation of protocol (_ssl.c:2427))
[02:27:14] [ERR] Failed to check the state of sock (session id: 5e09f07b-7c03-4bd6-a88b-7a81b05c0831, error: SSLEOFError, message: EOF occurred in violation of protocol (_ssl.c:2427))
[02:27:24] [ERR] Failed to check the state of sock (session id: 5e09f07b-7c03-4bd6-a88b-7a81b05c0831, error: SSLEOFError, message: EOF occurred in violation of protocol (_ssl.c:2427))
[02:27:34] [ERR] Failed to check the state of sock (session id: 5e09f07b-7c03-4bd6-a88b-7a81b05c0831, error: SSLEOFError, message: EOF occurred in violation of protocol (_ssl.c:2427))
[02:27:44] [ERR] Failed to check the state of sock (session id: 5e09f07b-7c03-4bd6-a88b-7a81b05c0831, error: SSLEOFError, message: EOF occurred in violation of protocol (_ssl.c:2427))
[02:28:45] [ERR] Failed to check the state of sock (session id: 37af1c20-35b8-4359-8661-19f2b0620f4a, error: SSLEOFError, message: EOF occurred in violation of protocol (_ssl.c:2427))
[02:28:55] [ERR] Failed to check the state of sock (session id: 37af1c20-35b8-4359-8661-19f2b0620f4a, error: SSLEOFError, message: EOF occurred in violation of protocol (_ssl.c:2427))
[02:29:05] [ERR] Failed to check the state of sock (session id: 37af1c20-35b8-4359-8661-19f2b0620f4a, error: SSLEOFError, message: EOF occurred in violation of protocol (_ssl.c:2427))
[02:29:15] [ERR] Failed to check the state of sock (session id: 37af1c20-35b8-4359-8661-19f2b0620f4a, error: SSLEOFError, message: EOF occurred in violation of protocol (_ssl.c:2427))
[02:29:25] [ERR] Failed to check the state of sock (session id: 37af1c20-35b8-4359-8661-19f2b0620f4a, error: SSLEOFError, message: EOF occurred in violation of protocol (_ssl.c:2427))
[02:30:46] [ERR] Failed to check the state of sock (session id: efaee7e6-c37e-4b27-a82d-dec15360a4c8, error: SSLEOFError, message: EOF occurred in violation of protocol (_ssl.c:2427))
[02:30:56] [ERR] Failed to check the state of sock (session id: efaee7e6-c37e-4b27-a82d-dec15360a4c8, error: SSLEOFError, message: EOF occurred in violation of protocol (_ssl.c:2427))
[02:31:06] [ERR] Failed to check the state of sock (session id: efaee7e6-c37e-4b27-a82d-dec15360a4c8, error: SSLEOFError, message: EOF occurred in violation of protocol (_ssl.c:2427))
[02:31:16] [ERR] Failed to check the state of sock (session id: efaee7e6-c37e-4b27-a82d-dec15360a4c8, error: SSLEOFError, message: EOF occurred in violation of protocol (_ssl.c:2427))
[02:31:26] [ERR] Failed to check the state of sock (session id: efaee7e6-c37e-4b27-a82d-dec15360a4c8, error: SSLEOFError, message: EOF occurred in violation of protocol (_ssl.c:2427))
[02:32:57] [ERR] Failed to check the state of sock (session id: f3d9b439-6307-47fc-86bd-c5b6a009d949, error: SSLEOFError, message: EOF occurred in violation of protocol (_ssl.c:2427))
[02:33:07] [ERR] Failed to check the state of sock (session id: f3d9b439-6307-47fc-86bd-c5b6a009d949, error: SSLEOFError, message: EOF occurred in violation of protocol (_ssl.c:2427))
[02:33:17] [ERR] Failed to check the state of sock (session id: f3d9b439-6307-47fc-86bd-c5b6a009d949, error: SSLError, message: [SSL: BAD_LENGTH] bad length (_ssl.c:2427))
[02:33:27] [ERR] Failed to check the state of sock (session id: f3d9b439-6307-47fc-86bd-c5b6a009d949, error: SSLEOFError, message: EOF occurred in violation of protocol (_ssl.c:2427))
[02:33:37] [ERR] Failed to check the state of sock (session id: f3d9b439-6307-47fc-86bd-c5b6a009d949, error: SSLEOFError, message: EOF occurred in violation of protocol (_ssl.c:2427))
[02:34:28] [ERR] Failed to check the state of sock (session id: 532cbebf-b929-4b9a-868d-7add4cdcc592, error: SSLEOFError, message: EOF occurred in violation of protocol (_ssl.c:2427))
[02:34:38] [ERR] Failed to check the state of sock (session id: 532cbebf-b929-4b9a-868d-7add4cdcc592, error: SSLError, message: [SSL: BAD_LENGTH] bad length (_ssl.c:2427))
[02:34:48] [ERR] Failed to check the state of sock (session id: 532cbebf-b929-4b9a-868d-7add4cdcc592, error: SSLEOFError, message: EOF occurred in violation of protocol (_ssl.c:2427))
[02:34:58] [ERR] Failed to check the state of sock (session id: 532cbebf-b929-4b9a-868d-7add4cdcc592, error: SSLError, message: [SSL: BAD_LENGTH] bad length (_ssl.c:2427))
[02:35:08] [ERR] Failed to check the state of sock (session id: 532cbebf-b929-4b9a-868d-7add4cdcc592, error: SSLEOFError, message: EOF occurred in violation of protocol (_ssl.c:2427))
[02:36:09] [ERR] Failed to check the state of sock (session id: ea1dfa20-9da7-4edd-ae66-1fbf9f3aad1d, error: SSLEOFError, message: EOF occurred in violation of protocol (_ssl.c:2427))
[02:36:19] [ERR] Failed to check the state of sock (session id: ea1dfa20-9da7-4edd-ae66-1fbf9f3aad1d, error: SSLEOFError, message: EOF occurred in violation of protocol (_ssl.c:2427))
[02:36:29] [ERR] Failed to check the state of sock (session id: ea1dfa20-9da7-4edd-ae66-1fbf9f3aad1d, error: SSLEOFError, message: EOF occurred in violation of protocol (_ssl.c:2427))
[02:36:39] [ERR] Failed to check the state of sock (session id: ea1dfa20-9da7-4edd-ae66-1fbf9f3aad1d, error: SSLEOFError, message: EOF occurred in violation of protocol (_ssl.c:2427))
[02:36:49] [ERR] Failed to check the state of sock (session id: ea1dfa20-9da7-4edd-ae66-1fbf9f3aad1d, error: SSLError, message: [SSL: BAD_LENGTH] bad length (_ssl.c:2427))
[02:37:50] [ERR] Failed to check the state of sock (session id: 3e0bb412-4cbd-4745-8ea2-b28aad556119, error: SSLEOFError, message: EOF occurred in violation of protocol (_ssl.c:2427))
[02:38:00] [ERR] Failed to check the state of sock (session id: 3e0bb412-4cbd-4745-8ea2-b28aad556119, error: SSLEOFError, message: EOF occurred in violation of protocol (_ssl.c:2427))
[02:38:10] [ERR] Failed to check the state of sock (session id: 3e0bb412-4cbd-4745-8ea2-b28aad556119, error: SSLEOFError, message: EOF occurred in violation of protocol (_ssl.c:2427))
[02:38:20] [ERR] Failed to check the state of sock (session id: 3e0bb412-4cbd-4745-8ea2-b28aad556119, error: SSLEOFError, message: EOF occurred in violation of protocol (_ssl.c:2427))
[02:38:30] [ERR] Failed to check the state of sock (session id: 3e0bb412-4cbd-4745-8ea2-b28aad556119, error: SSLEOFError, message: EOF occurred in violation of protocol (_ssl.c:2427))
[02:40:01] [ERR] Failed to check the state of sock (session id: fcfe9755-1130-40d3-acea-e2068bec2aa1, error: SSLEOFError, message: EOF occurred in violation of protocol (_ssl.c:2427))
[02:40:11] [ERR] Failed to check the state of sock (session id: fcfe9755-1130-40d3-acea-e2068bec2aa1, error: SSLEOFError, message: EOF occurred in violation of protocol (_ssl.c:2427))
[02:40:21] [ERR] Failed to check the state of sock (session id: fcfe9755-1130-40d3-acea-e2068bec2aa1, error: SSLEOFError, message: EOF occurred in violation of protocol (_ssl.c:2427))
[02:40:31] [ERR] Failed to check the state of sock (session id: fcfe9755-1130-40d3-acea-e2068bec2aa1, error: SSLEOFError, message: EOF occurred in violation of protocol (_ssl.c:2427))
[02:40:41] [ERR] Failed to check the state of sock (session id: fcfe9755-1130-40d3-acea-e2068bec2aa1, error: SSLError, message: [SSL: BAD_LENGTH] bad length (_ssl.c:2427))
[02:42:12] [ERR] Failed to check the state of sock (session id: 861d6f15-61b3-4ce6-b6fa-57a641c46a5d, error: SSLEOFError, message: EOF occurred in violation of protocol (_ssl.c:2427))
[02:42:22] [ERR] Failed to check the state of sock (session id: 861d6f15-61b3-4ce6-b6fa-57a641c46a5d, error: SSLEOFError, message: EOF occurred in violation of protocol (_ssl.c:2427))
[02:42:32] [ERR] Failed to check the state of sock (session id: 861d6f15-61b3-4ce6-b6fa-57a641c46a5d, error: SSLError, message: [SSL: BAD_LENGTH] bad length (_ssl.c:2427))
[02:42:42] [ERR] Failed to check the state of sock (session id: 861d6f15-61b3-4ce6-b6fa-57a641c46a5d, error: SSLEOFError, message: EOF occurred in violation of protocol (_ssl.c:2427))
[02:42:52] [ERR] Failed to check the state of sock (session id: 861d6f15-61b3-4ce6-b6fa-57a641c46a5d, error: SSLEOFError, message: EOF occurred in violation of protocol (_ssl.c:2427))
[02:43:53] [ERR] Failed to check the state of sock (session id: cb96a75d-b116-417e-b7ea-e5c3fbd7c1fc, error: SSLEOFError, message: EOF occurred in violation of protocol (_ssl.c:2427))
[02:44:03] [ERR] Failed to check the state of sock (session id: cb96a75d-b116-417e-b7ea-e5c3fbd7c1fc, error: SSLError, message: [SSL: BAD_LENGTH] bad length (_ssl.c:2427))
[02:44:13] [ERR] Failed to check the state of sock (session id: cb96a75d-b116-417e-b7ea-e5c3fbd7c1fc, error: SSLEOFError, message: EOF occurred in violation of protocol (_ssl.c:2427))
[02:44:23] [ERR] Failed to check the state of sock (session id: cb96a75d-b116-417e-b7ea-e5c3fbd7c1fc, error: SSLEOFError, message: EOF occurred in violation of protocol (_ssl.c:2427))
[02:44:33] [ERR] Failed to check the state of sock (session id: cb96a75d-b116-417e-b7ea-e5c3fbd7c1fc, error: SSLEOFError, message: EOF occurred in violation of protocol (_ssl.c:2427))
[02:46:04] [ERR] Failed to check the state of sock (session id: 6958c1f1-068d-41bf-b78b-ba696d452f2a, error: SSLEOFError, message: EOF occurred in violation of protocol (_ssl.c:2427))
[02:46:14] [ERR] Failed to check the state of sock (session id: 6958c1f1-068d-41bf-b78b-ba696d452f2a, error: SSLEOFError, message: EOF occurred in violation of protocol (_ssl.c:2427))
[02:46:24] [ERR] Failed to check the state of sock (session id: 6958c1f1-068d-41bf-b78b-ba696d452f2a, error: SSLEOFError, message: EOF occurred in violation of protocol (_ssl.c:2427))
[02:46:34] [ERR] Failed to check the state of sock (session id: 6958c1f1-068d-41bf-b78b-ba696d452f2a, error: SSLEOFError, message: EOF occurred in violation of protocol (_ssl.c:2427))
[02:46:44] [ERR] Failed to check the state of sock (session id: 6958c1f1-068d-41bf-b78b-ba696d452f2a, error: SSLEOFError, message: EOF occurred in violation of protocol (_ssl.c:2427))
[02:48:05] [ERR] Failed to check the state of sock (session id: b352b887-99ab-418f-a85c-b4271e8db98a, error: SSLEOFError, message: EOF occurred in violation of protocol (_ssl.c:2427))
[02:48:15] [ERR] Failed to check the state of sock (session id: b352b887-99ab-418f-a85c-b4271e8db98a, error: SSLEOFError, message: EOF occurred in violation of protocol (_ssl.c:2427))
[02:48:25] [ERR] Failed to check the state of sock (session id: b352b887-99ab-418f-a85c-b4271e8db98a, error: SSLEOFError, message: EOF occurred in violation of protocol (_ssl.c:2427))
[02:48:35] [ERR] Failed to check the state of sock (session id: b352b887-99ab-418f-a85c-b4271e8db98a, error: SSLEOFError, message: EOF occurred in violation of protocol (_ssl.c:2427))
[02:48:45] [ERR] Failed to check the state of sock (session id: b352b887-99ab-418f-a85c-b4271e8db98a, error: SSLEOFError, message: EOF occurred in violation of protocol (_ssl.c:2427))
[02:49:56] [ERR] Failed to check the state of sock (session id: b3ab442f-a784-4fcf-8246-9db008155320, error: SSLEOFError, message: EOF occurred in violation of protocol (_ssl.c:2427))
[02:50:06] [ERR] Failed to check the state of sock (session id: b3ab442f-a784-4fcf-8246-9db008155320, error: SSLEOFError, message: EOF occurred in violation of protocol (_ssl.c:2427))
[02:50:16] [ERR] Failed to check the state of sock (session id: b3ab442f-a784-4fcf-8246-9db008155320, error: SSLEOFError, message: EOF occurred in violation of protocol (_ssl.c:2427))
[02:50:26] [ERR] Failed to check the state of sock (session id: b3ab442f-a784-4fcf-8246-9db008155320, error: SSLEOFError, message: EOF occurred in violation of protocol (_ssl.c:2427))
[02:50:36] [ERR] Failed to check the state of sock (session id: b3ab442f-a784-4fcf-8246-9db008155320, error: SSLEOFError, message: EOF occurred in violation of protocol (_ssl.c:2427))
[02:51:27] [ERR] Failed to check the state of sock (session id: 4a8375a0-708f-41e3-92c8-1cb6e8234921, error: SSLEOFError, message: EOF occurred in violation of protocol (_ssl.c:2427))
[02:51:37] [ERR] Failed to check the state of sock (session id: 4a8375a0-708f-41e3-92c8-1cb6e8234921, error: SSLEOFError, message: EOF occurred in violation of protocol (_ssl.c:2427))
[02:51:47] [ERR] Failed to check the state of sock (session id: 4a8375a0-708f-41e3-92c8-1cb6e8234921, error: SSLEOFError, message: EOF occurred in violation of protocol (_ssl.c:2427))
[02:51:57] [ERR] Failed to check the state of sock (session id: 4a8375a0-708f-41e3-92c8-1cb6e8234921, error: SSLError, message: [SSL: BAD_LENGTH] bad length (_ssl.c:2427))
[02:52:07] [ERR] Failed to check the state of sock (session id: 4a8375a0-708f-41e3-92c8-1cb6e8234921, error: SSLEOFError, message: EOF occurred in violation of protocol (_ssl.c:2427))
[02:53:38] [ERR] Failed to check the state of sock (session id: 573a7fd4-cd91-41c7-b1e2-97b80bf39e3e, error: SSLEOFError, message: EOF occurred in violation of protocol (_ssl.c:2427))
[02:53:48] [ERR] Failed to check the state of sock (session id: 573a7fd4-cd91-41c7-b1e2-97b80bf39e3e, error: SSLEOFError, message: EOF occurred in violation of protocol (_ssl.c:2427))
[02:53:58] [ERR] Failed to check the state of sock (session id: 573a7fd4-cd91-41c7-b1e2-97b80bf39e3e, error: SSLError, message: [SSL: BAD_LENGTH] bad length (_ssl.c:2427))
[02:54:08] [ERR] Failed to check the state of sock (session id: 573a7fd4-cd91-41c7-b1e2-97b80bf39e3e, error: SSLError, message: [SSL: BAD_LENGTH] bad length (_ssl.c:2427))
[02:54:18] [ERR] Failed to check the state of sock (session id: 573a7fd4-cd91-41c7-b1e2-97b80bf39e3e, error: SSLEOFError, message: EOF occurred in violation of protocol (_ssl.c:2427))
[02:55:39] [ERR] Failed to check the state of sock (session id: 144db463-d09a-498b-ab93-6588002a91b8, error: SSLEOFError, message: EOF occurred in violation of protocol (_ssl.c:2427))
[02:55:49] [ERR] Failed to check the state of sock (session id: 144db463-d09a-498b-ab93-6588002a91b8, error: SSLEOFError, message: EOF occurred in violation of protocol (_ssl.c:2427))
[02:55:59] [ERR] Failed to check the state of sock (session id: 144db463-d09a-498b-ab93-6588002a91b8, error: SSLEOFError, message: EOF occurred in violation of protocol (_ssl.c:2427))
[02:56:09] [ERR] Failed to check the state of sock (session id: 144db463-d09a-498b-ab93-6588002a91b8, error: SSLEOFError, message: EOF occurred in violation of protocol (_ssl.c:2427))
[02:56:19] [ERR] Failed to check the state of sock (session id: 144db463-d09a-498b-ab93-6588002a91b8, error: SSLError, message: [SSL: BAD_LENGTH] bad length (_ssl.c:2427))
[02:57:20] [ERR] Failed to check the state of sock (session id: 41291e75-5ca7-4788-976d-885dd5de83c9, error: SSLEOFError, message: EOF occurred in violation of protocol (_ssl.c:2427))
[02:57:30] [ERR] Failed to check the state of sock (session id: 41291e75-5ca7-4788-976d-885dd5de83c9, error: SSLEOFError, message: EOF occurred in violation of protocol (_ssl.c:2427))
[02:57:40] [ERR] Failed to check the state of sock (session id: 41291e75-5ca7-4788-976d-885dd5de83c9, error: SSLEOFError, message: EOF occurred in violation of protocol (_ssl.c:2427))
[02:57:50] [ERR] Failed to check the state of sock (session id: 41291e75-5ca7-4788-976d-885dd5de83c9, error: SSLEOFError, message: EOF occurred in violation of protocol (_ssl.c:2427))
[02:58:00] [ERR] Failed to check the state of sock (session id: 41291e75-5ca7-4788-976d-885dd5de83c9, error: SSLEOFError, message: EOF occurred in violation of protocol (_ssl.c:2427))
[02:59:01] [ERR] Failed to check the state of sock (session id: 26723693-8895-4e4a-8b8b-8af671eb0055, error: SSLEOFError, message: EOF occurred in violation of protocol (_ssl.c:2427))
[02:59:11] [ERR] Failed to check the state of sock (session id: 26723693-8895-4e4a-8b8b-8af671eb0055, error: SSLEOFError, message: EOF occurred in violation of protocol (_ssl.c:2427))
[02:59:21] [ERR] Failed to check the state of sock (session id: 26723693-8895-4e4a-8b8b-8af671eb0055, error: SSLEOFError, message: EOF occurred in violation of protocol (_ssl.c:2427))
[02:59:31] [ERR] Failed to check the state of sock (session id: 26723693-8895-4e4a-8b8b-8af671eb0055, error: SSLError, message: [SSL: BAD_LENGTH] bad length (_ssl.c:2427))
[02:59:41] [ERR] Failed to check the state of sock (session id: 26723693-8895-4e4a-8b8b-8af671eb0055, error: SSLEOFError, message: EOF occurred in violation of protocol (_ssl.c:2427))
[03:00:42] [ERR] Failed to check the state of sock (session id: 4a729ddb-e4b5-41d1-856c-b22802ad33b8, error: SSLEOFError, message: EOF occurred in violation of protocol (_ssl.c:2427))
[03:00:52] [ERR] Failed to check the state of sock (session id: 4a729ddb-e4b5-41d1-856c-b22802ad33b8, error: SSLEOFError, message: EOF occurred in violation of protocol (_ssl.c:2427))
[03:01:02] [ERR] Failed to check the state of sock (session id: 4a729ddb-e4b5-41d1-856c-b22802ad33b8, error: SSLEOFError, message: EOF occurred in violation of protocol (_ssl.c:2427))
[03:01:12] [ERR] Failed to check the state of sock (session id: 4a729ddb-e4b5-41d1-856c-b22802ad33b8, error: SSLEOFError, message: EOF occurred in violation of protocol (_ssl.c:2427))
[03:01:22] [ERR] Failed to check the state of sock (session id: 4a729ddb-e4b5-41d1-856c-b22802ad33b8, error: SSLEOFError, message: EOF occurred in violation of protocol (_ssl.c:2427))
[03:02:23] [ERR] Failed to check the state of sock (session id: 5a6fa98e-14de-42b4-8aeb-b3be611c26b5, error: SSLEOFError, message: EOF occurred in violation of protocol (_ssl.c:2427))
[03:02:33] [ERR] Failed to check the state of sock (session id: 5a6fa98e-14de-42b4-8aeb-b3be611c26b5, error: SSLEOFError, message: EOF occurred in violation of protocol (_ssl.c:2427))
[03:02:43] [ERR] Failed to check the state of sock (session id: 5a6fa98e-14de-42b4-8aeb-b3be611c26b5, error: SSLEOFError, message: EOF occurred in violation of protocol (_ssl.c:2427))
[03:02:53] [ERR] Failed to check the state of sock (session id: 5a6fa98e-14de-42b4-8aeb-b3be611c26b5, error: SSLError, message: [SSL: BAD_LENGTH] bad length (_ssl.c:2427))
[03:03:03] [ERR] Failed to check the state of sock (session id: 5a6fa98e-14de-42b4-8aeb-b3be611c26b5, error: SSLEOFError, message: EOF occurred in violation of protocol (_ssl.c:2427))
[03:04:04] [ERR] Failed to check the state of sock (session id: 229ad05b-edbe-4f12-b56a-e0dde4d456f2, error: SSLEOFError, message: EOF occurred in violation of protocol (_ssl.c:2427))
[03:04:14] [ERR] Failed to check the state of sock (session id: 229ad05b-edbe-4f12-b56a-e0dde4d456f2, error: SSLEOFError, message: EOF occurred in violation of protocol (_ssl.c:2427))
[03:04:24] [ERR] Failed to check the state of sock (session id: 229ad05b-edbe-4f12-b56a-e0dde4d456f2, error: SSLEOFError, message: EOF occurred in violation of protocol (_ssl.c:2427))
[03:04:34] [ERR] Failed to check the state of sock (session id: 229ad05b-edbe-4f12-b56a-e0dde4d456f2, error: SSLEOFError, message: EOF occurred in violation of protocol (_ssl.c:2427))
[03:04:44] [ERR] Failed to check the state of sock (session id: 229ad05b-edbe-4f12-b56a-e0dde4d456f2, error: SSLEOFError, message: EOF occurred in violation of protocol (_ssl.c:2427))
[03:06:15] [ERR] Failed to check the state of sock (session id: 61e6d833-e6d0-4e38-9331-485e50c802e3, error: SSLEOFError, message: EOF occurred in violation of protocol (_ssl.c:2427))
[03:06:25] [ERR] Failed to check the state of sock (session id: 61e6d833-e6d0-4e38-9331-485e50c802e3, error: SSLEOFError, message: EOF occurred in violation of protocol (_ssl.c:2427))
[03:06:35] [ERR] Failed to check the state of sock (session id: 61e6d833-e6d0-4e38-9331-485e50c802e3, error: SSLEOFError, message: EOF occurred in violation of protocol (_ssl.c:2427))
[03:06:45] [ERR] Failed to check the state of sock (session id: 61e6d833-e6d0-4e38-9331-485e50c802e3, error: SSLEOFError, message: EOF occurred in violation of protocol (_ssl.c:2427))
[03:06:55] [ERR] Failed to check the state of sock (session id: 61e6d833-e6d0-4e38-9331-485e50c802e3, error: SSLError, message: [SSL: BAD_LENGTH] bad length (_ssl.c:2427))
[03:07:56] [ERR] Failed to check the state of sock (session id: e68ea765-fc8a-46be-b018-2c3c110c0540, error: SSLEOFError, message: EOF occurred in violation of protocol (_ssl.c:2427))
[03:08:06] [ERR] Failed to check the state of sock (session id: e68ea765-fc8a-46be-b018-2c3c110c0540, error: SSLEOFError, message: EOF occurred in violation of protocol (_ssl.c:2427))
[03:08:16] [ERR] Failed to check the state of sock (session id: e68ea765-fc8a-46be-b018-2c3c110c0540, error: SSLEOFError, message: EOF occurred in violation of protocol (_ssl.c:2427))
[03:08:26] [ERR] Failed to check the state of sock (session id: e68ea765-fc8a-46be-b018-2c3c110c0540, error: SSLEOFError, message: EOF occurred in violation of protocol (_ssl.c:2427))
[03:08:36] [ERR] Failed to check the state of sock (session id: e68ea765-fc8a-46be-b018-2c3c110c0540, error: SSLEOFError, message: EOF occurred in violation of protocol (_ssl.c:2427))
[03:09:37] [ERR] Failed to check the state of sock (session id: 2a9a6d11-fa5d-4060-b452-ad0b8329bc0d, error: SSLEOFError, message: EOF occurred in violation of protocol (_ssl.c:2427))
[03:09:47] [ERR] Failed to check the state of sock (session id: 2a9a6d11-fa5d-4060-b452-ad0b8329bc0d, error: SSLEOFError, message: EOF occurred in violation of protocol (_ssl.c:2427))
[03:09:57] [ERR] Failed to check the state of sock (session id: 2a9a6d11-fa5d-4060-b452-ad0b8329bc0d, error: SSLEOFError, message: EOF occurred in violation of protocol (_ssl.c:2427))
[03:10:07] [ERR] Failed to check the state of sock (session id: 2a9a6d11-fa5d-4060-b452-ad0b8329bc0d, error: SSLEOFError, message: EOF occurred in violation of protocol (_ssl.c:2427))
[03:10:17] [ERR] Failed to check the state of sock (session id: 2a9a6d11-fa5d-4060-b452-ad0b8329bc0d, error: SSLEOFError, message: EOF occurred in violation of protocol (_ssl.c:2427))
[03:11:48] [ERR] Failed to check the state of sock (session id: 00e86be5-d1ac-4355-8dab-eede28ef435e, error: SSLEOFError, message: EOF occurred in violation of protocol (_ssl.c:2427))
[03:11:58] [ERR] Failed to check the state of sock (session id: 00e86be5-d1ac-4355-8dab-eede28ef435e, error: SSLEOFError, message: EOF occurred in violation of protocol (_ssl.c:2427))
[03:12:08] [ERR] Failed to check the state of sock (session id: 00e86be5-d1ac-4355-8dab-eede28ef435e, error: SSLError, message: [SSL: BAD_LENGTH] bad length (_ssl.c:2427))
[03:12:18] [ERR] Failed to check the state of sock (session id: 00e86be5-d1ac-4355-8dab-eede28ef435e, error: SSLEOFError, message: EOF occurred in violation of protocol (_ssl.c:2427))
[03:12:28] [ERR] Failed to check the state of sock (session id: 00e86be5-d1ac-4355-8dab-eede28ef435e, error: SSLEOFError, message: EOF occurred in violation of protocol (_ssl.c:2427))
[03:13:29] [ERR] Failed to check the state of sock (session id: e03f0cc4-5499-4008-9baf-d6f72b729696, error: SSLEOFError, message: EOF occurred in violation of protocol (_ssl.c:2427))
[03:13:39] [ERR] Failed to check the state of sock (session id: e03f0cc4-5499-4008-9baf-d6f72b729696, error: SSLEOFError, message: EOF occurred in violation of protocol (_ssl.c:2427))
[03:13:49] [ERR] Failed to check the state of sock (session id: e03f0cc4-5499-4008-9baf-d6f72b729696, error: SSLEOFError, message: EOF occurred in violation of protocol (_ssl.c:2427))
[03:13:59] [ERR] Failed to check the state of sock (session id: e03f0cc4-5499-4008-9baf-d6f72b729696, error: SSLEOFError, message: EOF occurred in violation of protocol (_ssl.c:2427))
[03:14:09] [ERR] Failed to check the state of sock (session id: e03f0cc4-5499-4008-9baf-d6f72b729696, error: SSLEOFError, message: EOF occurred in violation of protocol (_ssl.c:2427))
[03:15:30] [ERR] Failed to check the state of sock (session id: 570355d1-ad23-4cbd-b4b2-beb2ad8c38bb, error: SSLEOFError, message: EOF occurred in violation of protocol (_ssl.c:2427))
[03:15:40] [ERR] Failed to check the state of sock (session id: 570355d1-ad23-4cbd-b4b2-beb2ad8c38bb, error: SSLEOFError, message: EOF occurred in violation of protocol (_ssl.c:2427))
[03:15:50] [ERR] Failed to check the state of sock (session id: 570355d1-ad23-4cbd-b4b2-beb2ad8c38bb, error: SSLEOFError, message: EOF occurred in violation of protocol (_ssl.c:2427))
[03:16:00] [ERR] Failed to check the state of sock (session id: 570355d1-ad23-4cbd-b4b2-beb2ad8c38bb, error: SSLEOFError, message: EOF occurred in violation of protocol (_ssl.c:2427))
[03:16:10] [ERR] Failed to check the state of sock (session id: 570355d1-ad23-4cbd-b4b2-beb2ad8c38bb, error: SSLError, message: [SSL: BAD_LENGTH] bad length (_ssl.c:2427))
[03:17:12] [ERR] Failed to check the state of sock (session id: 26113dc9-1213-4f02-b402-5260cc0d90bf, error: SSLEOFError, message: EOF occurred in violation of protocol (_ssl.c:2427))
[03:17:22] [ERR] Failed to check the state of sock (session id: 26113dc9-1213-4f02-b402-5260cc0d90bf, error: SSLError, message: [SSL: BAD_LENGTH] bad length (_ssl.c:2427))
[03:17:32] [ERR] Failed to check the state of sock (session id: 26113dc9-1213-4f02-b402-5260cc0d90bf, error: SSLError, message: [SSL: BAD_LENGTH] bad length (_ssl.c:2427))
[03:17:42] [ERR] Failed to check the state of sock (session id: 26113dc9-1213-4f02-b402-5260cc0d90bf, error: SSLEOFError, message: EOF occurred in violation of protocol (_ssl.c:2427))
[03:17:52] [ERR] Failed to check the state of sock (session id: 26113dc9-1213-4f02-b402-5260cc0d90bf, error: SSLEOFError, message: EOF occurred in violation of protocol (_ssl.c:2427))
[03:18:52] [ERR] Failed to check the state of sock (session id: 1d1d3b31-2997-45b4-803b-1369b3006bd6, error: SSLEOFError, message: EOF occurred in violation of protocol (_ssl.c:2427))
[03:19:02] [ERR] Failed to check the state of sock (session id: 1d1d3b31-2997-45b4-803b-1369b3006bd6, error: SSLEOFError, message: EOF occurred in violation of protocol (_ssl.c:2427))
[03:19:13] [ERR] Failed to check the state of sock (session id: 1d1d3b31-2997-45b4-803b-1369b3006bd6, error: SSLError, message: [SSL: BAD_LENGTH] bad length (_ssl.c:2427))
[03:19:23] [ERR] Failed to check the state of sock (session id: 1d1d3b31-2997-45b4-803b-1369b3006bd6, error: SSLEOFError, message: EOF occurred in violation of protocol (_ssl.c:2427))
[03:19:33] [ERR] Failed to check the state of sock (session id: 1d1d3b31-2997-45b4-803b-1369b3006bd6, error: SSLEOFError, message: EOF occurred in violation of protocol (_ssl.c:2427))
[03:20:24] [ERR] Failed to check the state of sock (session id: 5f7a1ebc-3473-4f1f-9571-b8fa749bacc3, error: SSLEOFError, message: EOF occurred in violation of protocol (_ssl.c:2427))
[03:20:34] [ERR] Failed to check the state of sock (session id: 5f7a1ebc-3473-4f1f-9571-b8fa749bacc3, error: SSLEOFError, message: EOF occurred in violation of protocol (_ssl.c:2427))
[03:20:44] [ERR] Failed to check the state of sock (session id: 5f7a1ebc-3473-4f1f-9571-b8fa749bacc3, error: SSLEOFError, message: EOF occurred in violation of protocol (_ssl.c:2427))
[03:20:54] [ERR] Failed to check the state of sock (session id: 5f7a1ebc-3473-4f1f-9571-b8fa749bacc3, error: SSLEOFError, message: EOF occurred in violation of protocol (_ssl.c:2427))
[03:21:04] [ERR] Failed to check the state of sock (session id: 5f7a1ebc-3473-4f1f-9571-b8fa749bacc3, error: SSLEOFError, message: EOF occurred in violation of protocol (_ssl.c:2427))
[03:22:04] [ERR] Failed to check the state of sock (session id: 2d25d13b-2470-4fb0-ab21-2f934f50d366, error: SSLEOFError, message: EOF occurred in violation of protocol (_ssl.c:2427))
[03:22:14] [ERR] Failed to check the state of sock (session id: 2d25d13b-2470-4fb0-ab21-2f934f50d366, error: SSLError, message: [SSL: BAD_LENGTH] bad length (_ssl.c:2427))
[03:22:24] [ERR] Failed to check the state of sock (session id: 2d25d13b-2470-4fb0-ab21-2f934f50d366, error: SSLEOFError, message: EOF occurred in violation of protocol (_ssl.c:2427))
[03:22:34] [ERR] Failed to check the state of sock (session id: 2d25d13b-2470-4fb0-ab21-2f934f50d366, error: SSLError, message: [SSL: BAD_LENGTH] bad length (_ssl.c:2427))
[03:22:44] [ERR] Failed to check the state of sock (session id: 2d25d13b-2470-4fb0-ab21-2f934f50d366, error: SSLEOFError, message: EOF occurred in violation of protocol (_ssl.c:2427))
[03:23:55] [ERR] Failed to check the state of sock (session id: 0e8a33b2-34fd-4c9e-8946-00ea92005dfb, error: SSLEOFError, message: EOF occurred in violation of protocol (_ssl.c:2427))
[03:24:05] [ERR] Failed to check the state of sock (session id: 0e8a33b2-34fd-4c9e-8946-00ea92005dfb, error: SSLError, message: [SSL: BAD_LENGTH] bad length (_ssl.c:2427))
[03:24:15] [ERR] Failed to check the state of sock (session id: 0e8a33b2-34fd-4c9e-8946-00ea92005dfb, error: SSLEOFError, message: EOF occurred in violation of protocol (_ssl.c:2427))
[03:24:25] [ERR] Failed to check the state of sock (session id: 0e8a33b2-34fd-4c9e-8946-00ea92005dfb, error: SSLEOFError, message: EOF occurred in violation of protocol (_ssl.c:2427))
[03:24:35] [ERR] Failed to check the state of sock (session id: 0e8a33b2-34fd-4c9e-8946-00ea92005dfb, error: SSLEOFError, message: EOF occurred in violation of protocol (_ssl.c:2427))
[03:25:36] [ERR] Failed to check the state of sock (session id: 6421795d-c755-4429-b371-ab052dc8a222, error: SSLEOFError, message: EOF occurred in violation of protocol (_ssl.c:2427))
[03:25:46] [ERR] Failed to check the state of sock (session id: 6421795d-c755-4429-b371-ab052dc8a222, error: SSLError, message: [SSL: BAD_LENGTH] bad length (_ssl.c:2427))
[03:25:56] [ERR] Failed to check the state of sock (session id: 6421795d-c755-4429-b371-ab052dc8a222, error: SSLEOFError, message: EOF occurred in violation of protocol (_ssl.c:2427))
[03:26:06] [ERR] Failed to check the state of sock (session id: 6421795d-c755-4429-b371-ab052dc8a222, error: SSLEOFError, message: EOF occurred in violation of protocol (_ssl.c:2427))
[03:26:16] [ERR] Failed to check the state of sock (session id: 6421795d-c755-4429-b371-ab052dc8a222, error: SSLEOFError, message: EOF occurred in violation of protocol (_ssl.c:2427))
[03:27:17] [ERR] Failed to check the state of sock (session id: 6d097882-c4a1-455f-b6fd-0225bba8a3f5, error: SSLEOFError, message: EOF occurred in violation of protocol (_ssl.c:2427))
[03:27:27] [ERR] Failed to check the state of sock (session id: 6d097882-c4a1-455f-b6fd-0225bba8a3f5, error: SSLEOFError, message: EOF occurred in violation of protocol (_ssl.c:2427))
[03:27:37] [ERR] Failed to check the state of sock (session id: 6d097882-c4a1-455f-b6fd-0225bba8a3f5, error: SSLEOFError, message: EOF occurred in violation of protocol (_ssl.c:2427))
[03:27:47] [ERR] Failed to check the state of sock (session id: 6d097882-c4a1-455f-b6fd-0225bba8a3f5, error: SSLEOFError, message: EOF occurred in violation of protocol (_ssl.c:2427))
[03:27:57] [ERR] Failed to check the state of sock (session id: 6d097882-c4a1-455f-b6fd-0225bba8a3f5, error: SSLError, message: [SSL: BAD_LENGTH] bad length (_ssl.c:2427))
[03:28:58] [ERR] Failed to check the state of sock (session id: e8d425f6-dbfc-48cd-b7ec-d5139297b3cd, error: SSLEOFError, message: EOF occurred in violation of protocol (_ssl.c:2427))
[03:29:08] [ERR] Failed to check the state of sock (session id: e8d425f6-dbfc-48cd-b7ec-d5139297b3cd, error: SSLEOFError, message: EOF occurred in violation of protocol (_ssl.c:2427))
[03:29:18] [ERR] Failed to check the state of sock (session id: e8d425f6-dbfc-48cd-b7ec-d5139297b3cd, error: SSLEOFError, message: EOF occurred in violation of protocol (_ssl.c:2427))
[03:29:28] [ERR] Failed to check the state of sock (session id: e8d425f6-dbfc-48cd-b7ec-d5139297b3cd, error: SSLEOFError, message: EOF occurred in violation of protocol (_ssl.c:2427))
[03:29:38] [ERR] Failed to check the state of sock (session id: e8d425f6-dbfc-48cd-b7ec-d5139297b3cd, error: SSLEOFError, message: EOF occurred in violation of protocol (_ssl.c:2427))
[03:30:59] [ERR] Failed to check the state of sock (session id: 59d31332-e68e-40d6-bc5b-37783bac01cf, error: SSLEOFError, message: EOF occurred in violation of protocol (_ssl.c:2427))
[03:31:09] [ERR] Failed to check the state of sock (session id: 59d31332-e68e-40d6-bc5b-37783bac01cf, error: SSLEOFError, message: EOF occurred in violation of protocol (_ssl.c:2427))
[03:31:19] [ERR] Failed to check the state of sock (session id: 59d31332-e68e-40d6-bc5b-37783bac01cf, error: SSLEOFError, message: EOF occurred in violation of protocol (_ssl.c:2427))
[03:31:29] [ERR] Failed to check the state of sock (session id: 59d31332-e68e-40d6-bc5b-37783bac01cf, error: SSLEOFError, message: EOF occurred in violation of protocol (_ssl.c:2427))
[03:31:39] [ERR] Failed to check the state of sock (session id: 59d31332-e68e-40d6-bc5b-37783bac01cf, error: SSLError, message: [SSL: BAD_LENGTH] bad length (_ssl.c:2427))
[03:33:00] [ERR] Failed to check the state of sock (session id: a14b68db-d78e-4465-9815-6565abd065f9, error: SSLEOFError, message: EOF occurred in violation of protocol (_ssl.c:2427))
[03:33:10] [ERR] Failed to check the state of sock (session id: a14b68db-d78e-4465-9815-6565abd065f9, error: SSLEOFError, message: EOF occurred in violation of protocol (_ssl.c:2427))
[03:33:20] [ERR] Failed to check the state of sock (session id: a14b68db-d78e-4465-9815-6565abd065f9, error: SSLEOFError, message: EOF occurred in violation of protocol (_ssl.c:2427))
[03:33:30] [ERR] Failed to check the state of sock (session id: a14b68db-d78e-4465-9815-6565abd065f9, error: SSLEOFError, message: EOF occurred in violation of protocol (_ssl.c:2427))
[03:33:40] [ERR] Failed to check the state of sock (session id: a14b68db-d78e-4465-9815-6565abd065f9, error: SSLEOFError, message: EOF occurred in violation of protocol (_ssl.c:2427))
[03:34:41] [ERR] Failed to check the state of sock (session id: 93217368-b3d5-4233-b5e7-87e7e2174dae, error: SSLEOFError, message: EOF occurred in violation of protocol (_ssl.c:2427))
[03:34:51] [ERR] Failed to check the state of sock (session id: 93217368-b3d5-4233-b5e7-87e7e2174dae, error: SSLEOFError, message: EOF occurred in violation of protocol (_ssl.c:2427))
[03:35:01] [ERR] Failed to check the state of sock (session id: 93217368-b3d5-4233-b5e7-87e7e2174dae, error: SSLEOFError, message: EOF occurred in violation of protocol (_ssl.c:2427))
[03:35:11] [ERR] Failed to check the state of sock (session id: 93217368-b3d5-4233-b5e7-87e7e2174dae, error: SSLEOFError, message: EOF occurred in violation of protocol (_ssl.c:2427))
[03:35:21] [ERR] Failed to check the state of sock (session id: 93217368-b3d5-4233-b5e7-87e7e2174dae, error: SSLEOFError, message: EOF occurred in violation of protocol (_ssl.c:2427))
[03:36:22] [ERR] Failed to check the state of sock (session id: f24faf15-e9d9-4c10-b453-e9ac400eb8cf, error: SSLEOFError, message: EOF occurred in violation of protocol (_ssl.c:2427))
[03:36:32] [ERR] Failed to check the state of sock (session id: f24faf15-e9d9-4c10-b453-e9ac400eb8cf, error: SSLEOFError, message: EOF occurred in violation of protocol (_ssl.c:2427))
[03:36:42] [ERR] Failed to check the state of sock (session id: f24faf15-e9d9-4c10-b453-e9ac400eb8cf, error: SSLError, message: [SSL: BAD_LENGTH] bad length (_ssl.c:2427))
[03:36:52] [ERR] Failed to check the state of sock (session id: f24faf15-e9d9-4c10-b453-e9ac400eb8cf, error: SSLEOFError, message: EOF occurred in violation of protocol (_ssl.c:2427))
[03:37:02] [ERR] Failed to check the state of sock (session id: f24faf15-e9d9-4c10-b453-e9ac400eb8cf, error: SSLError, message: [SSL: BAD_LENGTH] bad length (_ssl.c:2427))
[03:38:03] [ERR] Failed to check the state of sock (session id: 5c32d170-478c-46ef-a30f-cac90f542bcc, error: SSLEOFError, message: EOF occurred in violation of protocol (_ssl.c:2427))
[03:38:13] [ERR] Failed to check the state of sock (session id: 5c32d170-478c-46ef-a30f-cac90f542bcc, error: SSLEOFError, message: EOF occurred in violation of protocol (_ssl.c:2427))
[03:38:23] [ERR] Failed to check the state of sock (session id: 5c32d170-478c-46ef-a30f-cac90f542bcc, error: SSLEOFError, message: EOF occurred in violation of protocol (_ssl.c:2427))
[03:38:33] [ERR] Failed to check the state of sock (session id: 5c32d170-478c-46ef-a30f-cac90f542bcc, error: SSLEOFError, message: EOF occurred in violation of protocol (_ssl.c:2427))
[03:38:43] [ERR] Failed to check the state of sock (session id: 5c32d170-478c-46ef-a30f-cac90f542bcc, error: SSLEOFError, message: EOF occurred in violation of protocol (_ssl.c:2427))
[03:40:04] [ERR] Failed to check the state of sock (session id: ea6a53b8-87dc-4299-9ac7-9fe48540e538, error: SSLEOFError, message: EOF occurred in violation of protocol (_ssl.c:2427))
[03:40:14] [ERR] Failed to check the state of sock (session id: ea6a53b8-87dc-4299-9ac7-9fe48540e538, error: SSLError, message: [SSL: BAD_LENGTH] bad length (_ssl.c:2427))
[03:40:24] [ERR] Failed to check the state of sock (session id: ea6a53b8-87dc-4299-9ac7-9fe48540e538, error: SSLEOFError, message: EOF occurred in violation of protocol (_ssl.c:2427))
[03:40:34] [ERR] Failed to check the state of sock (session id: ea6a53b8-87dc-4299-9ac7-9fe48540e538, error: SSLError, message: [SSL: BAD_LENGTH] bad length (_ssl.c:2427))
[03:40:44] [ERR] Failed to check the state of sock (session id: ea6a53b8-87dc-4299-9ac7-9fe48540e538, error: SSLEOFError, message: EOF occurred in violation of protocol (_ssl.c:2427))
[03:41:35] [ERR] Failed to check the state of sock (session id: 06cffe6e-5c3e-4fcb-884e-1bf7039cf600, error: SSLEOFError, message: EOF occurred in violation of protocol (_ssl.c:2427))
[03:41:45] [ERR] Failed to check the state of sock (session id: 06cffe6e-5c3e-4fcb-884e-1bf7039cf600, error: SSLEOFError, message: EOF occurred in violation of protocol (_ssl.c:2427))
[03:41:55] [ERR] Failed to check the state of sock (session id: 06cffe6e-5c3e-4fcb-884e-1bf7039cf600, error: SSLError, message: [SSL: BAD_LENGTH] bad length (_ssl.c:2427))
[03:42:05] [ERR] Failed to check the state of sock (session id: 06cffe6e-5c3e-4fcb-884e-1bf7039cf600, error: SSLError, message: [SSL: BAD_LENGTH] bad length (_ssl.c:2427))
[03:42:15] [ERR] Failed to check the state of sock (session id: 06cffe6e-5c3e-4fcb-884e-1bf7039cf600, error: SSLEOFError, message: EOF occurred in violation of protocol (_ssl.c:2427))
[03:43:36] [ERR] Failed to check the state of sock (session id: b9d82ce9-4371-4637-bad4-552fad9bb660, error: SSLEOFError, message: EOF occurred in violation of protocol (_ssl.c:2427))
[03:43:46] [ERR] Failed to check the state of sock (session id: b9d82ce9-4371-4637-bad4-552fad9bb660, error: SSLEOFError, message: EOF occurred in violation of protocol (_ssl.c:2427))
[03:43:56] [ERR] Failed to check the state of sock (session id: b9d82ce9-4371-4637-bad4-552fad9bb660, error: SSLError, message: [SSL: BAD_LENGTH] bad length (_ssl.c:2427))
[03:44:06] [ERR] Failed to check the state of sock (session id: b9d82ce9-4371-4637-bad4-552fad9bb660, error: SSLEOFError, message: EOF occurred in violation of protocol (_ssl.c:2427))
[03:44:16] [ERR] Failed to check the state of sock (session id: b9d82ce9-4371-4637-bad4-552fad9bb660, error: SSLError, message: [SSL: BAD_LENGTH] bad length (_ssl.c:2427))
[03:45:37] [ERR] Failed to check the state of sock (session id: 27f058c0-4377-4d60-a0c7-35a6705da0c4, error: SSLEOFError, message: EOF occurred in violation of protocol (_ssl.c:2427))
[03:45:47] [ERR] Failed to check the state of sock (session id: 27f058c0-4377-4d60-a0c7-35a6705da0c4, error: SSLEOFError, message: EOF occurred in violation of protocol (_ssl.c:2427))
[03:45:57] [ERR] Failed to check the state of sock (session id: 27f058c0-4377-4d60-a0c7-35a6705da0c4, error: SSLEOFError, message: EOF occurred in violation of protocol (_ssl.c:2427))
[03:46:07] [ERR] Failed to check the state of sock (session id: 27f058c0-4377-4d60-a0c7-35a6705da0c4, error: SSLEOFError, message: EOF occurred in violation of protocol (_ssl.c:2427))
[03:46:17] [ERR] Failed to check the state of sock (session id: 27f058c0-4377-4d60-a0c7-35a6705da0c4, error: SSLEOFError, message: EOF occurred in violation of protocol (_ssl.c:2427))
[03:47:28] [ERR] Failed to check the state of sock (session id: 6f43feb2-6935-42a5-a6d6-aa3d5041b09a, error: SSLEOFError, message: EOF occurred in violation of protocol (_ssl.c:2427))
[03:47:38] [ERR] Failed to check the state of sock (session id: 6f43feb2-6935-42a5-a6d6-aa3d5041b09a, error: SSLEOFError, message: EOF occurred in violation of protocol (_ssl.c:2427))
[03:47:48] [ERR] Failed to check the state of sock (session id: 6f43feb2-6935-42a5-a6d6-aa3d5041b09a, error: SSLEOFError, message: EOF occurred in violation of protocol (_ssl.c:2427))
[03:47:58] [ERR] Failed to check the state of sock (session id: 6f43feb2-6935-42a5-a6d6-aa3d5041b09a, error: SSLEOFError, message: EOF occurred in violation of protocol (_ssl.c:2427))
[03:48:08] [ERR] Failed to check the state of sock (session id: 6f43feb2-6935-42a5-a6d6-aa3d5041b09a, error: SSLEOFError, message: EOF occurred in violation of protocol (_ssl.c:2427))
[03:49:40] [ERR] Failed to check the state of sock (session id: e2a926ea-8750-486c-b171-6062d19c44a1, error: SSLEOFError, message: EOF occurred in violation of protocol (_ssl.c:2427))
[03:49:50] [ERR] Failed to check the state of sock (session id: e2a926ea-8750-486c-b171-6062d19c44a1, error: SSLEOFError, message: EOF occurred in violation of protocol (_ssl.c:2427))
[03:50:00] [ERR] Failed to check the state of sock (session id: e2a926ea-8750-486c-b171-6062d19c44a1, error: SSLEOFError, message: EOF occurred in violation of protocol (_ssl.c:2427))
[03:50:10] [ERR] Failed to check the state of sock (session id: e2a926ea-8750-486c-b171-6062d19c44a1, error: SSLEOFError, message: EOF occurred in violation of protocol (_ssl.c:2427))
[03:50:20] [ERR] Failed to check the state of sock (session id: e2a926ea-8750-486c-b171-6062d19c44a1, error: SSLEOFError, message: EOF occurred in violation of protocol (_ssl.c:2427))
[03:51:51] [ERR] Failed to check the state of sock (session id: 889f38b2-f077-45a3-9adc-d413707d3e5f, error: SSLEOFError, message: EOF occurred in violation of protocol (_ssl.c:2427))
[03:52:01] [ERR] Failed to check the state of sock (session id: 889f38b2-f077-45a3-9adc-d413707d3e5f, error: SSLEOFError, message: EOF occurred in violation of protocol (_ssl.c:2427))
[03:52:11] [ERR] Failed to check the state of sock (session id: 889f38b2-f077-45a3-9adc-d413707d3e5f, error: SSLEOFError, message: EOF occurred in violation of protocol (_ssl.c:2427))
[03:52:21] [ERR] Failed to check the state of sock (session id: 889f38b2-f077-45a3-9adc-d413707d3e5f, error: SSLEOFError, message: EOF occurred in violation of protocol (_ssl.c:2427))
[03:52:31] [ERR] Failed to check the state of sock (session id: 889f38b2-f077-45a3-9adc-d413707d3e5f, error: SSLError, message: [SSL: BAD_LENGTH] bad length (_ssl.c:2427))
[03:53:32] [ERR] Failed to check the state of sock (session id: 5b35d46e-88f5-4509-bcf4-20878cf3f419, error: SSLEOFError, message: EOF occurred in violation of protocol (_ssl.c:2427))
[03:53:42] [ERR] Failed to check the state of sock (session id: 5b35d46e-88f5-4509-bcf4-20878cf3f419, error: SSLEOFError, message: EOF occurred in violation of protocol (_ssl.c:2427))
[03:53:52] [ERR] Failed to check the state of sock (session id: 5b35d46e-88f5-4509-bcf4-20878cf3f419, error: SSLEOFError, message: EOF occurred in violation of protocol (_ssl.c:2427))
[03:54:02] [ERR] Failed to check the state of sock (session id: 5b35d46e-88f5-4509-bcf4-20878cf3f419, error: SSLEOFError, message: EOF occurred in violation of protocol (_ssl.c:2427))
[03:54:12] [ERR] Failed to check the state of sock (session id: 5b35d46e-88f5-4509-bcf4-20878cf3f419, error: SSLEOFError, message: EOF occurred in violation of protocol (_ssl.c:2427))
[03:55:13] [ERR] Failed to check the state of sock (session id: 3f87742c-485b-4215-a9cf-a2ffe4712515, error: SSLEOFError, message: EOF occurred in violation of protocol (_ssl.c:2427))
[03:55:23] [ERR] Failed to check the state of sock (session id: 3f87742c-485b-4215-a9cf-a2ffe4712515, error: SSLEOFError, message: EOF occurred in violation of protocol (_ssl.c:2427))
[03:55:33] [ERR] Failed to check the state of sock (session id: 3f87742c-485b-4215-a9cf-a2ffe4712515, error: SSLEOFError, message: EOF occurred in violation of protocol (_ssl.c:2427))
[03:55:43] [ERR] Failed to check the state of sock (session id: 3f87742c-485b-4215-a9cf-a2ffe4712515, error: SSLError, message: [SSL: BAD_LENGTH] bad length (_ssl.c:2427))
[03:55:53] [ERR] Failed to check the state of sock (session id: 3f87742c-485b-4215-a9cf-a2ffe4712515, error: SSLEOFError, message: EOF occurred in violation of protocol (_ssl.c:2427))
[03:56:54] [ERR] Failed to check the state of sock (session id: 4452c9c7-d301-487a-b695-47108b433ba2, error: SSLEOFError, message: EOF occurred in violation of protocol (_ssl.c:2427))
[03:57:04] [ERR] Failed to check the state of sock (session id: 4452c9c7-d301-487a-b695-47108b433ba2, error: SSLError, message: [SSL: BAD_LENGTH] bad length (_ssl.c:2427))
[03:57:14] [ERR] Failed to check the state of sock (session id: 4452c9c7-d301-487a-b695-47108b433ba2, error: SSLEOFError, message: EOF occurred in violation of protocol (_ssl.c:2427))
[03:57:24] [ERR] Failed to check the state of sock (session id: 4452c9c7-d301-487a-b695-47108b433ba2, error: SSLEOFError, message: EOF occurred in violation of protocol (_ssl.c:2427))
[03:57:34] [ERR] Failed to check the state of sock (session id: 4452c9c7-d301-487a-b695-47108b433ba2, error: SSLEOFError, message: EOF occurred in violation of protocol (_ssl.c:2427))
[03:58:35] [ERR] Failed to check the state of sock (session id: 35641223-4f4e-4424-8abb-ec39e71f9bd5, error: SSLEOFError, message: EOF occurred in violation of protocol (_ssl.c:2427))
[03:58:45] [ERR] Failed to check the state of sock (session id: 35641223-4f4e-4424-8abb-ec39e71f9bd5, error: SSLEOFError, message: EOF occurred in violation of protocol (_ssl.c:2427))
[03:58:55] [ERR] Failed to check the state of sock (session id: 35641223-4f4e-4424-8abb-ec39e71f9bd5, error: SSLEOFError, message: EOF occurred in violation of protocol (_ssl.c:2427))
[03:59:05] [ERR] Failed to check the state of sock (session id: 35641223-4f4e-4424-8abb-ec39e71f9bd5, error: SSLEOFError, message: EOF occurred in violation of protocol (_ssl.c:2427))
[03:59:15] [ERR] Failed to check the state of sock (session id: 35641223-4f4e-4424-8abb-ec39e71f9bd5, error: SSLEOFError, message: EOF occurred in violation of protocol (_ssl.c:2427))
[04:00:36] [ERR] Failed to check the state of sock (session id: 08521789-8bed-4fb4-a856-675fdd3d666d, error: SSLEOFError, message: EOF occurred in violation of protocol (_ssl.c:2427))
[04:00:46] [ERR] Failed to check the state of sock (session id: 08521789-8bed-4fb4-a856-675fdd3d666d, error: SSLEOFError, message: EOF occurred in violation of protocol (_ssl.c:2427))
[04:00:56] [ERR] Failed to check the state of sock (session id: 08521789-8bed-4fb4-a856-675fdd3d666d, error: SSLEOFError, message: EOF occurred in violation of protocol (_ssl.c:2427))
[04:01:06] [ERR] Failed to check the state of sock (session id: 08521789-8bed-4fb4-a856-675fdd3d666d, error: SSLEOFError, message: EOF occurred in violation of protocol (_ssl.c:2427))
[04:01:16] [ERR] Failed to check the state of sock (session id: 08521789-8bed-4fb4-a856-675fdd3d666d, error: SSLEOFError, message: EOF occurred in violation of protocol (_ssl.c:2427))
[04:02:17] [ERR] Failed to check the state of sock (session id: 0cf7c47f-e723-4ecb-a666-a734ca349be4, error: SSLEOFError, message: EOF occurred in violation of protocol (_ssl.c:2427))
[04:02:27] [ERR] Failed to check the state of sock (session id: 0cf7c47f-e723-4ecb-a666-a734ca349be4, error: SSLEOFError, message: EOF occurred in violation of protocol (_ssl.c:2427))
[04:02:37] [ERR] Failed to check the state of sock (session id: 0cf7c47f-e723-4ecb-a666-a734ca349be4, error: SSLEOFError, message: EOF occurred in violation of protocol (_ssl.c:2427))
[04:02:47] [ERR] Failed to check the state of sock (session id: 0cf7c47f-e723-4ecb-a666-a734ca349be4, error: SSLEOFError, message: EOF occurred in violation of protocol (_ssl.c:2427))
[04:02:57] [ERR] Failed to check the state of sock (session id: 0cf7c47f-e723-4ecb-a666-a734ca349be4, error: SSLEOFError, message: EOF occurred in violation of protocol (_ssl.c:2427))
[04:04:28] [ERR] Failed to check the state of sock (session id: 1eac433f-4f02-442d-8512-0862ad6b63d6, error: SSLEOFError, message: EOF occurred in violation of protocol (_ssl.c:2427))
[04:04:38] [ERR] Failed to check the state of sock (session id: 1eac433f-4f02-442d-8512-0862ad6b63d6, error: SSLEOFError, message: EOF occurred in violation of protocol (_ssl.c:2427))
[04:04:48] [ERR] Failed to check the state of sock (session id: 1eac433f-4f02-442d-8512-0862ad6b63d6, error: SSLEOFError, message: EOF occurred in violation of protocol (_ssl.c:2427))
[04:04:58] [ERR] Failed to check the state of sock (session id: 1eac433f-4f02-442d-8512-0862ad6b63d6, error: SSLError, message: [SSL: BAD_LENGTH] bad length (_ssl.c:2427))
[04:05:08] [ERR] Failed to check the state of sock (session id: 1eac433f-4f02-442d-8512-0862ad6b63d6, error: SSLEOFError, message: EOF occurred in violation of protocol (_ssl.c:2427))
[04:06:39] [ERR] Failed to check the state of sock (session id: f953fecb-7a30-4b58-b342-a50210b138d7, error: SSLEOFError, message: EOF occurred in violation of protocol (_ssl.c:2427))
[04:06:49] [ERR] Failed to check the state of sock (session id: f953fecb-7a30-4b58-b342-a50210b138d7, error: SSLEOFError, message: EOF occurred in violation of protocol (_ssl.c:2427))
[04:06:59] [ERR] Failed to check the state of sock (session id: f953fecb-7a30-4b58-b342-a50210b138d7, error: SSLEOFError, message: EOF occurred in violation of protocol (_ssl.c:2427))
[04:07:09] [ERR] Failed to check the state of sock (session id: f953fecb-7a30-4b58-b342-a50210b138d7, error: SSLEOFError, message: EOF occurred in violation of protocol (_ssl.c:2427))
[04:07:19] [ERR] Failed to check the state of sock (session id: f953fecb-7a30-4b58-b342-a50210b138d7, error: SSLEOFError, message: EOF occurred in violation of protocol (_ssl.c:2427))
[04:08:40] [ERR] Failed to check the state of sock (session id: a3f6f680-5c4d-4810-8641-60e30b85e8f3, error: SSLEOFError, message: EOF occurred in violation of protocol (_ssl.c:2427))
[04:08:50] [ERR] Failed to check the state of sock (session id: a3f6f680-5c4d-4810-8641-60e30b85e8f3, error: SSLError, message: [SSL: BAD_LENGTH] bad length (_ssl.c:2427))
[04:09:00] [ERR] Failed to check the state of sock (session id: a3f6f680-5c4d-4810-8641-60e30b85e8f3, error: SSLEOFError, message: EOF occurred in violation of protocol (_ssl.c:2427))
[04:09:10] [ERR] Failed to check the state of sock (session id: a3f6f680-5c4d-4810-8641-60e30b85e8f3, error: SSLEOFError, message: EOF occurred in violation of protocol (_ssl.c:2427))
[04:09:20] [ERR] Failed to check the state of sock (session id: a3f6f680-5c4d-4810-8641-60e30b85e8f3, error: SSLError, message: [SSL: BAD_LENGTH] bad length (_ssl.c:2427))
[04:10:11] [ERR] Failed to check the state of sock (session id: d3402576-7c49-4940-bc8b-74c982a721b8, error: SSLEOFError, message: EOF occurred in violation of protocol (_ssl.c:2427))
[04:10:21] [ERR] Failed to check the state of sock (session id: d3402576-7c49-4940-bc8b-74c982a721b8, error: SSLEOFError, message: EOF occurred in violation of protocol (_ssl.c:2427))
[04:10:31] [ERR] Failed to check the state of sock (session id: d3402576-7c49-4940-bc8b-74c982a721b8, error: SSLEOFError, message: EOF occurred in violation of protocol (_ssl.c:2427))
[04:10:41] [ERR] Failed to check the state of sock (session id: d3402576-7c49-4940-bc8b-74c982a721b8, error: SSLEOFError, message: EOF occurred in violation of protocol (_ssl.c:2427))
[04:10:51] [ERR] Failed to check the state of sock (session id: d3402576-7c49-4940-bc8b-74c982a721b8, error: SSLError, message: [SSL: BAD_LENGTH] bad length (_ssl.c:2427))
[04:12:12] [ERR] Failed to check the state of sock (session id: 0d1c6a97-5a00-49e5-94cd-9ef7e792274c, error: SSLEOFError, message: EOF occurred in violation of protocol (_ssl.c:2427))
[04:12:22] [ERR] Failed to check the state of sock (session id: 0d1c6a97-5a00-49e5-94cd-9ef7e792274c, error: SSLEOFError, message: EOF occurred in violation of protocol (_ssl.c:2427))
[04:12:32] [ERR] Failed to check the state of sock (session id: 0d1c6a97-5a00-49e5-94cd-9ef7e792274c, error: SSLError, message: [SSL: BAD_LENGTH] bad length (_ssl.c:2427))
[04:12:42] [ERR] Failed to check the state of sock (session id: 0d1c6a97-5a00-49e5-94cd-9ef7e792274c, error: SSLEOFError, message: EOF occurred in violation of protocol (_ssl.c:2427))
[04:12:52] [ERR] Failed to check the state of sock (session id: 0d1c6a97-5a00-49e5-94cd-9ef7e792274c, error: SSLError, message: [SSL: BAD_LENGTH] bad length (_ssl.c:2427))
[04:13:43] [ERR] Failed to check the state of sock (session id: 3e537013-877d-4ba8-a40c-6e001d191bb1, error: SSLEOFError, message: EOF occurred in violation of protocol (_ssl.c:2427))
[04:13:53] [ERR] Failed to check the state of sock (session id: 3e537013-877d-4ba8-a40c-6e001d191bb1, error: SSLError, message: [SSL: BAD_LENGTH] bad length (_ssl.c:2427))
[04:14:03] [ERR] Failed to check the state of sock (session id: 3e537013-877d-4ba8-a40c-6e001d191bb1, error: SSLEOFError, message: EOF occurred in violation of protocol (_ssl.c:2427))
[04:14:13] [ERR] Failed to check the state of sock (session id: 3e537013-877d-4ba8-a40c-6e001d191bb1, error: SSLError, message: [SSL: BAD_LENGTH] bad length (_ssl.c:2427))
[04:14:23] [ERR] Failed to check the state of sock (session id: 3e537013-877d-4ba8-a40c-6e001d191bb1, error: SSLEOFError, message: EOF occurred in violation of protocol (_ssl.c:2427))
[04:15:24] [ERR] Failed to check the state of sock (session id: eceb462a-be77-4d38-9c0c-bf537feb46ee, error: SSLEOFError, message: EOF occurred in violation of protocol (_ssl.c:2427))
[04:15:34] [ERR] Failed to check the state of sock (session id: eceb462a-be77-4d38-9c0c-bf537feb46ee, error: SSLEOFError, message: EOF occurred in violation of protocol (_ssl.c:2427))
[04:15:44] [ERR] Failed to check the state of sock (session id: eceb462a-be77-4d38-9c0c-bf537feb46ee, error: SSLEOFError, message: EOF occurred in violation of protocol (_ssl.c:2427))
[04:15:54] [ERR] Failed to check the state of sock (session id: eceb462a-be77-4d38-9c0c-bf537feb46ee, error: SSLEOFError, message: EOF occurred in violation of protocol (_ssl.c:2427))
[04:16:04] [ERR] Failed to check the state of sock (session id: eceb462a-be77-4d38-9c0c-bf537feb46ee, error: SSLEOFError, message: EOF occurred in violation of protocol (_ssl.c:2427))
[04:17:25] [ERR] Failed to check the state of sock (session id: 2f89dd3e-438a-483e-a8f3-c045158ce937, error: SSLEOFError, message: EOF occurred in violation of protocol (_ssl.c:2427))
[04:17:35] [ERR] Failed to check the state of sock (session id: 2f89dd3e-438a-483e-a8f3-c045158ce937, error: SSLError, message: [SSL: BAD_LENGTH] bad length (_ssl.c:2427))
[04:17:45] [ERR] Failed to check the state of sock (session id: 2f89dd3e-438a-483e-a8f3-c045158ce937, error: SSLEOFError, message: EOF occurred in violation of protocol (_ssl.c:2427))
[04:17:55] [ERR] Failed to check the state of sock (session id: 2f89dd3e-438a-483e-a8f3-c045158ce937, error: SSLError, message: [SSL: BAD_LENGTH] bad length (_ssl.c:2427))
[04:18:05] [ERR] Failed to check the state of sock (session id: 2f89dd3e-438a-483e-a8f3-c045158ce937, error: SSLEOFError, message: EOF occurred in violation of protocol (_ssl.c:2427))
[04:18:56] [ERR] Failed to check the state of sock (session id: 0c6b58b1-8849-4ee4-8ffa-b0ad6f2f8939, error: SSLEOFError, message: EOF occurred in violation of protocol (_ssl.c:2427))
[04:19:06] [ERR] Failed to check the state of sock (session id: 0c6b58b1-8849-4ee4-8ffa-b0ad6f2f8939, error: SSLEOFError, message: EOF occurred in violation of protocol (_ssl.c:2427))
[04:19:16] [ERR] Failed to check the state of sock (session id: 0c6b58b1-8849-4ee4-8ffa-b0ad6f2f8939, error: SSLEOFError, message: EOF occurred in violation of protocol (_ssl.c:2427))
[04:19:26] [ERR] Failed to check the state of sock (session id: 0c6b58b1-8849-4ee4-8ffa-b0ad6f2f8939, error: SSLEOFError, message: EOF occurred in violation of protocol (_ssl.c:2427))
[04:19:36] [ERR] Failed to check the state of sock (session id: 0c6b58b1-8849-4ee4-8ffa-b0ad6f2f8939, error: SSLEOFError, message: EOF occurred in violation of protocol (_ssl.c:2427))
[04:21:07] [ERR] Failed to check the state of sock (session id: aa6d6352-2406-485b-aea9-beb2953c96dc, error: SSLEOFError, message: EOF occurred in violation of protocol (_ssl.c:2427))
[04:21:17] [ERR] Failed to check the state of sock (session id: aa6d6352-2406-485b-aea9-beb2953c96dc, error: SSLEOFError, message: EOF occurred in violation of protocol (_ssl.c:2427))
[04:21:27] [ERR] Failed to check the state of sock (session id: aa6d6352-2406-485b-aea9-beb2953c96dc, error: SSLEOFError, message: EOF occurred in violation of protocol (_ssl.c:2427))
[04:21:37] [ERR] Failed to check the state of sock (session id: aa6d6352-2406-485b-aea9-beb2953c96dc, error: SSLEOFError, message: EOF occurred in violation of protocol (_ssl.c:2427))
[04:21:47] [ERR] Failed to check the state of sock (session id: aa6d6352-2406-485b-aea9-beb2953c96dc, error: SSLEOFError, message: EOF occurred in violation of protocol (_ssl.c:2427))
[04:22:49] [ERR] Failed to check the state of sock (session id: 7f504d69-ee5a-4167-99ba-f0989d5462b7, error: SSLEOFError, message: EOF occurred in violation of protocol (_ssl.c:2427))
[04:22:59] [ERR] Failed to check the state of sock (session id: 7f504d69-ee5a-4167-99ba-f0989d5462b7, error: SSLEOFError, message: EOF occurred in violation of protocol (_ssl.c:2427))
[04:23:09] [ERR] Failed to check the state of sock (session id: 7f504d69-ee5a-4167-99ba-f0989d5462b7, error: SSLEOFError, message: EOF occurred in violation of protocol (_ssl.c:2427))
[04:23:19] [ERR] Failed to check the state of sock (session id: 7f504d69-ee5a-4167-99ba-f0989d5462b7, error: SSLEOFError, message: EOF occurred in violation of protocol (_ssl.c:2427))
[04:23:29] [ERR] Failed to check the state of sock (session id: 7f504d69-ee5a-4167-99ba-f0989d5462b7, error: SSLEOFError, message: EOF occurred in violation of protocol (_ssl.c:2427))
[04:24:30] [ERR] Failed to check the state of sock (session id: 4c7ff831-f4fc-4fff-8e67-d3b190df7176, error: SSLEOFError, message: EOF occurred in violation of protocol (_ssl.c:2427))
[04:24:40] [ERR] Failed to check the state of sock (session id: 4c7ff831-f4fc-4fff-8e67-d3b190df7176, error: SSLEOFError, message: EOF occurred in violation of protocol (_ssl.c:2427))
[04:24:50] [ERR] Failed to check the state of sock (session id: 4c7ff831-f4fc-4fff-8e67-d3b190df7176, error: SSLError, message: [SSL: BAD_LENGTH] bad length (_ssl.c:2427))
[04:25:00] [ERR] Failed to check the state of sock (session id: 4c7ff831-f4fc-4fff-8e67-d3b190df7176, error: SSLEOFError, message: EOF occurred in violation of protocol (_ssl.c:2427))
[04:25:10] [ERR] Failed to check the state of sock (session id: 4c7ff831-f4fc-4fff-8e67-d3b190df7176, error: SSLEOFError, message: EOF occurred in violation of protocol (_ssl.c:2427))
[04:26:11] [ERR] Failed to check the state of sock (session id: c6aadc0d-1b84-4a85-9e10-0aedf9ac995a, error: SSLEOFError, message: EOF occurred in violation of protocol (_ssl.c:2427))
[04:26:21] [ERR] Failed to check the state of sock (session id: c6aadc0d-1b84-4a85-9e10-0aedf9ac995a, error: SSLEOFError, message: EOF occurred in violation of protocol (_ssl.c:2427))
[04:26:31] [ERR] Failed to check the state of sock (session id: c6aadc0d-1b84-4a85-9e10-0aedf9ac995a, error: SSLError, message: [SSL: BAD_LENGTH] bad length (_ssl.c:2427))
[04:26:41] [ERR] Failed to check the state of sock (session id: c6aadc0d-1b84-4a85-9e10-0aedf9ac995a, error: SSLError, message: [SSL: BAD_LENGTH] bad length (_ssl.c:2427))
[04:26:51] [ERR] Failed to check the state of sock (session id: c6aadc0d-1b84-4a85-9e10-0aedf9ac995a, error: SSLEOFError, message: EOF occurred in violation of protocol (_ssl.c:2427))
[04:27:52] [ERR] Failed to check the state of sock (session id: 9c9175f3-7a1b-448a-91a3-f420e0810c16, error: SSLEOFError, message: EOF occurred in violation of protocol (_ssl.c:2427))
[04:28:02] [ERR] Failed to check the state of sock (session id: 9c9175f3-7a1b-448a-91a3-f420e0810c16, error: SSLEOFError, message: EOF occurred in violation of protocol (_ssl.c:2427))
[04:28:12] [ERR] Failed to check the state of sock (session id: 9c9175f3-7a1b-448a-91a3-f420e0810c16, error: SSLEOFError, message: EOF occurred in violation of protocol (_ssl.c:2427))
[04:28:22] [ERR] Failed to check the state of sock (session id: 9c9175f3-7a1b-448a-91a3-f420e0810c16, error: SSLEOFError, message: EOF occurred in violation of protocol (_ssl.c:2427))
[04:28:32] [ERR] Failed to check the state of sock (session id: 9c9175f3-7a1b-448a-91a3-f420e0810c16, error: SSLEOFError, message: EOF occurred in violation of protocol (_ssl.c:2427))
[04:30:03] [ERR] Failed to check the state of sock (session id: 4d05f888-03e7-44c5-bf27-0f6423960bc0, error: SSLEOFError, message: EOF occurred in violation of protocol (_ssl.c:2427))
[04:30:13] [ERR] Failed to check the state of sock (session id: 4d05f888-03e7-44c5-bf27-0f6423960bc0, error: SSLEOFError, message: EOF occurred in violation of protocol (_ssl.c:2427))
[04:30:23] [ERR] Failed to check the state of sock (session id: 4d05f888-03e7-44c5-bf27-0f6423960bc0, error: SSLEOFError, message: EOF occurred in violation of protocol (_ssl.c:2427))
[04:30:33] [ERR] Failed to check the state of sock (session id: 4d05f888-03e7-44c5-bf27-0f6423960bc0, error: SSLEOFError, message: EOF occurred in violation of protocol (_ssl.c:2427))
[04:30:43] [ERR] Failed to check the state of sock (session id: 4d05f888-03e7-44c5-bf27-0f6423960bc0, error: SSLEOFError, message: EOF occurred in violation of protocol (_ssl.c:2427))
[04:32:14] [ERR] Failed to check the state of sock (session id: 6ef8bd21-693a-442f-8a6a-7b04ca9c0b82, error: SSLEOFError, message: EOF occurred in violation of protocol (_ssl.c:2427))
[04:32:24] [ERR] Failed to check the state of sock (session id: 6ef8bd21-693a-442f-8a6a-7b04ca9c0b82, error: SSLEOFError, message: EOF occurred in violation of protocol (_ssl.c:2427))
[04:32:34] [ERR] Failed to check the state of sock (session id: 6ef8bd21-693a-442f-8a6a-7b04ca9c0b82, error: SSLError, message: [SSL: BAD_LENGTH] bad length (_ssl.c:2427))
[04:32:44] [ERR] Failed to check the state of sock (session id: 6ef8bd21-693a-442f-8a6a-7b04ca9c0b82, error: SSLEOFError, message: EOF occurred in violation of protocol (_ssl.c:2427))
[04:32:54] [ERR] Failed to check the state of sock (session id: 6ef8bd21-693a-442f-8a6a-7b04ca9c0b82, error: SSLEOFError, message: EOF occurred in violation of protocol (_ssl.c:2427))
[04:34:25] [ERR] Failed to check the state of sock (session id: 77a4f37e-cd37-49bc-a34c-d44c1335398e, error: SSLEOFError, message: EOF occurred in violation of protocol (_ssl.c:2427))
[04:34:35] [ERR] Failed to check the state of sock (session id: 77a4f37e-cd37-49bc-a34c-d44c1335398e, error: SSLEOFError, message: EOF occurred in violation of protocol (_ssl.c:2427))
[04:34:45] [ERR] Failed to check the state of sock (session id: 77a4f37e-cd37-49bc-a34c-d44c1335398e, error: SSLEOFError, message: EOF occurred in violation of protocol (_ssl.c:2427))
[04:34:55] [ERR] Failed to check the state of sock (session id: 77a4f37e-cd37-49bc-a34c-d44c1335398e, error: SSLEOFError, message: EOF occurred in violation of protocol (_ssl.c:2427))
[04:35:05] [ERR] Failed to check the state of sock (session id: 77a4f37e-cd37-49bc-a34c-d44c1335398e, error: SSLError, message: [SSL: BAD_LENGTH] bad length (_ssl.c:2427))
[04:36:06] [ERR] Failed to check the state of sock (session id: e6a37edd-740e-480c-94f7-38b42d6015dc, error: SSLEOFError, message: EOF occurred in violation of protocol (_ssl.c:2427))
[04:36:16] [ERR] Failed to check the state of sock (session id: e6a37edd-740e-480c-94f7-38b42d6015dc, error: SSLEOFError, message: EOF occurred in violation of protocol (_ssl.c:2427))
[04:36:26] [ERR] Failed to check the state of sock (session id: e6a37edd-740e-480c-94f7-38b42d6015dc, error: SSLEOFError, message: EOF occurred in violation of protocol (_ssl.c:2427))
[04:36:36] [ERR] Failed to check the state of sock (session id: e6a37edd-740e-480c-94f7-38b42d6015dc, error: SSLEOFError, message: EOF occurred in violation of protocol (_ssl.c:2427))
[04:36:46] [ERR] Failed to check the state of sock (session id: e6a37edd-740e-480c-94f7-38b42d6015dc, error: SSLEOFError, message: EOF occurred in violation of protocol (_ssl.c:2427))
[04:37:47] [ERR] Failed to check the state of sock (session id: 6a02053a-e3a6-4cbb-b216-22fc2a2e4595, error: SSLEOFError, message: EOF occurred in violation of protocol (_ssl.c:2427))
[04:37:57] [ERR] Failed to check the state of sock (session id: 6a02053a-e3a6-4cbb-b216-22fc2a2e4595, error: SSLError, message: [SSL: BAD_LENGTH] bad length (_ssl.c:2427))
[04:38:07] [ERR] Failed to check the state of sock (session id: 6a02053a-e3a6-4cbb-b216-22fc2a2e4595, error: SSLEOFError, message: EOF occurred in violation of protocol (_ssl.c:2427))
[04:38:17] [ERR] Failed to check the state of sock (session id: 6a02053a-e3a6-4cbb-b216-22fc2a2e4595, error: SSLEOFError, message: EOF occurred in violation of protocol (_ssl.c:2427))
[04:38:27] [ERR] Failed to check the state of sock (session id: 6a02053a-e3a6-4cbb-b216-22fc2a2e4595, error: SSLEOFError, message: EOF occurred in violation of protocol (_ssl.c:2427))
[04:39:28] [ERR] Failed to check the state of sock (session id: 5813ee2e-ed7d-44ac-ace9-8f18e801b59c, error: SSLEOFError, message: EOF occurred in violation of protocol (_ssl.c:2427))
[04:39:38] [ERR] Failed to check the state of sock (session id: 5813ee2e-ed7d-44ac-ace9-8f18e801b59c, error: SSLEOFError, message: EOF occurred in violation of protocol (_ssl.c:2427))
[04:39:48] [ERR] Failed to check the state of sock (session id: 5813ee2e-ed7d-44ac-ace9-8f18e801b59c, error: SSLEOFError, message: EOF occurred in violation of protocol (_ssl.c:2427))
[04:39:58] [ERR] Failed to check the state of sock (session id: 5813ee2e-ed7d-44ac-ace9-8f18e801b59c, error: SSLEOFError, message: EOF occurred in violation of protocol (_ssl.c:2427))
[04:40:08] [ERR] Failed to check the state of sock (session id: 5813ee2e-ed7d-44ac-ace9-8f18e801b59c, error: SSLError, message: [SSL: BAD_LENGTH] bad length (_ssl.c:2427))
[04:41:09] [ERR] Failed to check the state of sock (session id: 3be6d291-9985-4ed4-ace0-e005c7045b37, error: SSLEOFError, message: EOF occurred in violation of protocol (_ssl.c:2427))
[04:41:19] [ERR] Failed to check the state of sock (session id: 3be6d291-9985-4ed4-ace0-e005c7045b37, error: SSLEOFError, message: EOF occurred in violation of protocol (_ssl.c:2427))
[04:41:29] [ERR] Failed to check the state of sock (session id: 3be6d291-9985-4ed4-ace0-e005c7045b37, error: SSLEOFError, message: EOF occurred in violation of protocol (_ssl.c:2427))
[04:41:39] [ERR] Failed to check the state of sock (session id: 3be6d291-9985-4ed4-ace0-e005c7045b37, error: SSLEOFError, message: EOF occurred in violation of protocol (_ssl.c:2427))
[04:41:49] [ERR] Failed to check the state of sock (session id: 3be6d291-9985-4ed4-ace0-e005c7045b37, error: SSLEOFError, message: EOF occurred in violation of protocol (_ssl.c:2427))
[04:42:40] [ERR] Failed to check the state of sock (session id: 45540d57-ebbe-4fb7-a642-74d43578066c, error: SSLEOFError, message: EOF occurred in violation of protocol (_ssl.c:2427))
[04:42:50] [ERR] Failed to check the state of sock (session id: 45540d57-ebbe-4fb7-a642-74d43578066c, error: SSLEOFError, message: EOF occurred in violation of protocol (_ssl.c:2427))
[04:43:00] [ERR] Failed to check the state of sock (session id: 45540d57-ebbe-4fb7-a642-74d43578066c, error: SSLEOFError, message: EOF occurred in violation of protocol (_ssl.c:2427))
[04:43:10] [ERR] Failed to check the state of sock (session id: 45540d57-ebbe-4fb7-a642-74d43578066c, error: SSLEOFError, message: EOF occurred in violation of protocol (_ssl.c:2427))
[04:43:20] [ERR] Failed to check the state of sock (session id: 45540d57-ebbe-4fb7-a642-74d43578066c, error: SSLEOFError, message: EOF occurred in violation of protocol (_ssl.c:2427))
[04:44:21] [ERR] Failed to check the state of sock (session id: 59843346-3f60-460b-9469-c1f4682dc4f3, error: SSLEOFError, message: EOF occurred in violation of protocol (_ssl.c:2427))
[04:44:31] [ERR] Failed to check the state of sock (session id: 59843346-3f60-460b-9469-c1f4682dc4f3, error: SSLEOFError, message: EOF occurred in violation of protocol (_ssl.c:2427))
[04:44:41] [ERR] Failed to check the state of sock (session id: 59843346-3f60-460b-9469-c1f4682dc4f3, error: SSLEOFError, message: EOF occurred in violation of protocol (_ssl.c:2427))
[04:44:51] [ERR] Failed to check the state of sock (session id: 59843346-3f60-460b-9469-c1f4682dc4f3, error: SSLEOFError, message: EOF occurred in violation of protocol (_ssl.c:2427))
[04:45:01] [ERR] Failed to check the state of sock (session id: 59843346-3f60-460b-9469-c1f4682dc4f3, error: SSLEOFError, message: EOF occurred in violation of protocol (_ssl.c:2427))
[04:46:22] [ERR] Failed to check the state of sock (session id: 70c6063e-d7f9-42b2-bb52-c93e2621f2da, error: SSLEOFError, message: EOF occurred in violation of protocol (_ssl.c:2427))
[04:46:32] [ERR] Failed to check the state of sock (session id: 70c6063e-d7f9-42b2-bb52-c93e2621f2da, error: SSLError, message: [SSL: BAD_LENGTH] bad length (_ssl.c:2427))
[04:46:42] [ERR] Failed to check the state of sock (session id: 70c6063e-d7f9-42b2-bb52-c93e2621f2da, error: SSLEOFError, message: EOF occurred in violation of protocol (_ssl.c:2427))
[04:46:52] [ERR] Failed to check the state of sock (session id: 70c6063e-d7f9-42b2-bb52-c93e2621f2da, error: SSLError, message: [SSL: BAD_LENGTH] bad length (_ssl.c:2427))
[04:47:02] [ERR] Failed to check the state of sock (session id: 70c6063e-d7f9-42b2-bb52-c93e2621f2da, error: SSLEOFError, message: EOF occurred in violation of protocol (_ssl.c:2427))
[04:48:03] [ERR] Failed to check the state of sock (session id: 16506363-9aab-424f-9012-a7abd7f60522, error: SSLEOFError, message: EOF occurred in violation of protocol (_ssl.c:2427))
[04:48:13] [ERR] Failed to check the state of sock (session id: 16506363-9aab-424f-9012-a7abd7f60522, error: SSLEOFError, message: EOF occurred in violation of protocol (_ssl.c:2427))
[04:48:23] [ERR] Failed to check the state of sock (session id: 16506363-9aab-424f-9012-a7abd7f60522, error: SSLEOFError, message: EOF occurred in violation of protocol (_ssl.c:2427))
[04:48:33] [ERR] Failed to check the state of sock (session id: 16506363-9aab-424f-9012-a7abd7f60522, error: SSLError, message: [SSL: BAD_LENGTH] bad length (_ssl.c:2427))
[04:48:43] [ERR] Failed to check the state of sock (session id: 16506363-9aab-424f-9012-a7abd7f60522, error: SSLEOFError, message: EOF occurred in violation of protocol (_ssl.c:2427))
[04:49:54] [ERR] Failed to check the state of sock (session id: 48479eb2-ae49-428a-b90b-46ab69340a3d, error: SSLEOFError, message: EOF occurred in violation of protocol (_ssl.c:2427))
[04:50:04] [ERR] Failed to check the state of sock (session id: 48479eb2-ae49-428a-b90b-46ab69340a3d, error: SSLEOFError, message: EOF occurred in violation of protocol (_ssl.c:2427))
[04:50:14] [ERR] Failed to check the state of sock (session id: 48479eb2-ae49-428a-b90b-46ab69340a3d, error: SSLEOFError, message: EOF occurred in violation of protocol (_ssl.c:2427))
[04:50:24] [ERR] Failed to check the state of sock (session id: 48479eb2-ae49-428a-b90b-46ab69340a3d, error: SSLEOFError, message: EOF occurred in violation of protocol (_ssl.c:2427))
[04:50:34] [ERR] Failed to check the state of sock (session id: 48479eb2-ae49-428a-b90b-46ab69340a3d, error: SSLEOFError, message: EOF occurred in violation of protocol (_ssl.c:2427))
[04:51:35] [ERR] Failed to check the state of sock (session id: 5d9623cf-810f-4943-b41f-ada10053694d, error: SSLEOFError, message: EOF occurred in violation of protocol (_ssl.c:2427))
[04:51:45] [ERR] Failed to check the state of sock (session id: 5d9623cf-810f-4943-b41f-ada10053694d, error: SSLEOFError, message: EOF occurred in violation of protocol (_ssl.c:2427))
[04:51:55] [ERR] Failed to check the state of sock (session id: 5d9623cf-810f-4943-b41f-ada10053694d, error: SSLError, message: [SSL: BAD_LENGTH] bad length (_ssl.c:2427))
[04:52:05] [ERR] Failed to check the state of sock (session id: 5d9623cf-810f-4943-b41f-ada10053694d, error: SSLEOFError, message: EOF occurred in violation of protocol (_ssl.c:2427))
[04:52:15] [ERR] Failed to check the state of sock (session id: 5d9623cf-810f-4943-b41f-ada10053694d, error: SSLEOFError, message: EOF occurred in violation of protocol (_ssl.c:2427))
[04:53:26] [ERR] Failed to check the state of sock (session id: 6e930cf3-268d-485c-bff9-687fdae64a33, error: SSLEOFError, message: EOF occurred in violation of protocol (_ssl.c:2427))
[04:53:36] [ERR] Failed to check the state of sock (session id: 6e930cf3-268d-485c-bff9-687fdae64a33, error: SSLEOFError, message: EOF occurred in violation of protocol (_ssl.c:2427))
[04:53:46] [ERR] Failed to check the state of sock (session id: 6e930cf3-268d-485c-bff9-687fdae64a33, error: SSLError, message: [SSL: BAD_LENGTH] bad length (_ssl.c:2427))
[04:53:56] [ERR] Failed to check the state of sock (session id: 6e930cf3-268d-485c-bff9-687fdae64a33, error: SSLEOFError, message: EOF occurred in violation of protocol (_ssl.c:2427))
[04:54:06] [ERR] Failed to check the state of sock (session id: 6e930cf3-268d-485c-bff9-687fdae64a33, error: SSLEOFError, message: EOF occurred in violation of protocol (_ssl.c:2427))
[04:55:07] [ERR] Failed to check the state of sock (session id: 974383c6-75d2-4292-baf2-44cfee2359a4, error: SSLEOFError, message: EOF occurred in violation of protocol (_ssl.c:2427))
[04:55:17] [ERR] Failed to check the state of sock (session id: 974383c6-75d2-4292-baf2-44cfee2359a4, error: SSLEOFError, message: EOF occurred in violation of protocol (_ssl.c:2427))
[04:55:27] [ERR] Failed to check the state of sock (session id: 974383c6-75d2-4292-baf2-44cfee2359a4, error: SSLError, message: [SSL: BAD_LENGTH] bad length (_ssl.c:2427))
[04:55:37] [ERR] Failed to check the state of sock (session id: 974383c6-75d2-4292-baf2-44cfee2359a4, error: SSLEOFError, message: EOF occurred in violation of protocol (_ssl.c:2427))
[04:55:47] [ERR] Failed to check the state of sock (session id: 974383c6-75d2-4292-baf2-44cfee2359a4, error: SSLEOFError, message: EOF occurred in violation of protocol (_ssl.c:2427))
[04:56:48] [ERR] Failed to check the state of sock (session id: 31aedbdc-7361-4c3e-bc9a-c361f6370861, error: SSLEOFError, message: EOF occurred in violation of protocol (_ssl.c:2427))
[04:56:58] [ERR] Failed to check the state of sock (session id: 31aedbdc-7361-4c3e-bc9a-c361f6370861, error: SSLEOFError, message: EOF occurred in violation of protocol (_ssl.c:2427))
[04:57:08] [ERR] Failed to check the state of sock (session id: 31aedbdc-7361-4c3e-bc9a-c361f6370861, error: SSLEOFError, message: EOF occurred in violation of protocol (_ssl.c:2427))
[04:57:18] [ERR] Failed to check the state of sock (session id: 31aedbdc-7361-4c3e-bc9a-c361f6370861, error: SSLEOFError, message: EOF occurred in violation of protocol (_ssl.c:2427))
[04:57:28] [ERR] Failed to check the state of sock (session id: 31aedbdc-7361-4c3e-bc9a-c361f6370861, error: SSLEOFError, message: EOF occurred in violation of protocol (_ssl.c:2427))
[04:58:29] [ERR] Failed to check the state of sock (session id: 2b37c3d1-0624-4a1d-b392-34a2f3265d93, error: SSLEOFError, message: EOF occurred in violation of protocol (_ssl.c:2427))
[04:58:39] [ERR] Failed to check the state of sock (session id: 2b37c3d1-0624-4a1d-b392-34a2f3265d93, error: SSLEOFError, message: EOF occurred in violation of protocol (_ssl.c:2427))
[04:58:49] [ERR] Failed to check the state of sock (session id: 2b37c3d1-0624-4a1d-b392-34a2f3265d93, error: SSLEOFError, message: EOF occurred in violation of protocol (_ssl.c:2427))
[04:58:59] [ERR] Failed to check the state of sock (session id: 2b37c3d1-0624-4a1d-b392-34a2f3265d93, error: SSLEOFError, message: EOF occurred in violation of protocol (_ssl.c:2427))
[04:59:09] [ERR] Failed to check the state of sock (session id: 2b37c3d1-0624-4a1d-b392-34a2f3265d93, error: SSLEOFError, message: EOF occurred in violation of protocol (_ssl.c:2427))
[05:00:30] [ERR] Failed to check the state of sock (session id: 24403d91-9264-40ad-994d-e515ded91dfb, error: SSLEOFError, message: EOF occurred in violation of protocol (_ssl.c:2427))
[05:00:40] [ERR] Failed to check the state of sock (session id: 24403d91-9264-40ad-994d-e515ded91dfb, error: SSLEOFError, message: EOF occurred in violation of protocol (_ssl.c:2427))
[05:00:50] [ERR] Failed to check the state of sock (session id: 24403d91-9264-40ad-994d-e515ded91dfb, error: SSLEOFError, message: EOF occurred in violation of protocol (_ssl.c:2427))
[05:01:00] [ERR] Failed to check the state of sock (session id: 24403d91-9264-40ad-994d-e515ded91dfb, error: SSLEOFError, message: EOF occurred in violation of protocol (_ssl.c:2427))
[05:01:10] [ERR] Failed to check the state of sock (session id: 24403d91-9264-40ad-994d-e515ded91dfb, error: SSLEOFError, message: EOF occurred in violation of protocol (_ssl.c:2427))
[05:02:31] [ERR] Failed to check the state of sock (session id: 7a4c1e97-14b7-4042-9893-ac1983405bae, error: SSLEOFError, message: EOF occurred in violation of protocol (_ssl.c:2427))
[05:02:41] [ERR] Failed to check the state of sock (session id: 7a4c1e97-14b7-4042-9893-ac1983405bae, error: SSLEOFError, message: EOF occurred in violation of protocol (_ssl.c:2427))
[05:02:51] [ERR] Failed to check the state of sock (session id: 7a4c1e97-14b7-4042-9893-ac1983405bae, error: SSLEOFError, message: EOF occurred in violation of protocol (_ssl.c:2427))
[05:03:01] [ERR] Failed to check the state of sock (session id: 7a4c1e97-14b7-4042-9893-ac1983405bae, error: SSLError, message: [SSL: BAD_LENGTH] bad length (_ssl.c:2427))
[05:03:11] [ERR] Failed to check the state of sock (session id: 7a4c1e97-14b7-4042-9893-ac1983405bae, error: SSLEOFError, message: EOF occurred in violation of protocol (_ssl.c:2427))
[05:04:32] [ERR] Failed to check the state of sock (session id: b0057d0f-78ca-42e5-b50c-22586ecd599a, error: SSLEOFError, message: EOF occurred in violation of protocol (_ssl.c:2427))
[05:04:42] [ERR] Failed to check the state of sock (session id: b0057d0f-78ca-42e5-b50c-22586ecd599a, error: SSLError, message: [SSL: BAD_LENGTH] bad length (_ssl.c:2427))
[05:04:52] [ERR] Failed to check the state of sock (session id: b0057d0f-78ca-42e5-b50c-22586ecd599a, error: SSLEOFError, message: EOF occurred in violation of protocol (_ssl.c:2427))
[05:05:02] [ERR] Failed to check the state of sock (session id: b0057d0f-78ca-42e5-b50c-22586ecd599a, error: SSLEOFError, message: EOF occurred in violation of protocol (_ssl.c:2427))
[05:05:12] [ERR] Failed to check the state of sock (session id: b0057d0f-78ca-42e5-b50c-22586ecd599a, error: SSLEOFError, message: EOF occurred in violation of protocol (_ssl.c:2427))
[05:06:33] [ERR] Failed to check the state of sock (session id: e1117d37-cf79-4af3-9f85-534aa53bdc7a, error: SSLEOFError, message: EOF occurred in violation of protocol (_ssl.c:2427))
[05:06:43] [ERR] Failed to check the state of sock (session id: e1117d37-cf79-4af3-9f85-534aa53bdc7a, error: SSLError, message: [SSL: BAD_LENGTH] bad length (_ssl.c:2427))
[05:06:53] [ERR] Failed to check the state of sock (session id: e1117d37-cf79-4af3-9f85-534aa53bdc7a, error: SSLEOFError, message: EOF occurred in violation of protocol (_ssl.c:2427))
[05:07:03] [ERR] Failed to check the state of sock (session id: e1117d37-cf79-4af3-9f85-534aa53bdc7a, error: SSLEOFError, message: EOF occurred in violation of protocol (_ssl.c:2427))
[05:07:13] [ERR] Failed to check the state of sock (session id: e1117d37-cf79-4af3-9f85-534aa53bdc7a, error: SSLEOFError, message: EOF occurred in violation of protocol (_ssl.c:2427))
[05:08:14] [ERR] Failed to check the state of sock (session id: 542fc4be-ed4f-43dd-84bc-a2e137934ad6, error: SSLEOFError, message: EOF occurred in violation of protocol (_ssl.c:2427))
[05:08:24] [ERR] Failed to check the state of sock (session id: 542fc4be-ed4f-43dd-84bc-a2e137934ad6, error: SSLEOFError, message: EOF occurred in violation of protocol (_ssl.c:2427))
[05:08:34] [ERR] Failed to check the state of sock (session id: 542fc4be-ed4f-43dd-84bc-a2e137934ad6, error: SSLEOFError, message: EOF occurred in violation of protocol (_ssl.c:2427))
[05:08:44] [ERR] Failed to check the state of sock (session id: 542fc4be-ed4f-43dd-84bc-a2e137934ad6, error: SSLEOFError, message: EOF occurred in violation of protocol (_ssl.c:2427))
[05:08:54] [ERR] Failed to check the state of sock (session id: 542fc4be-ed4f-43dd-84bc-a2e137934ad6, error: SSLEOFError, message: EOF occurred in violation of protocol (_ssl.c:2427))
[05:09:55] [ERR] Failed to check the state of sock (session id: 63b6d9c0-0413-481c-9975-f4bf815a8ac5, error: SSLEOFError, message: EOF occurred in violation of protocol (_ssl.c:2427))
[05:10:05] [ERR] Failed to check the state of sock (session id: 63b6d9c0-0413-481c-9975-f4bf815a8ac5, error: SSLError, message: [SSL: BAD_LENGTH] bad length (_ssl.c:2427))
[05:10:15] [ERR] Failed to check the state of sock (session id: 63b6d9c0-0413-481c-9975-f4bf815a8ac5, error: SSLEOFError, message: EOF occurred in violation of protocol (_ssl.c:2427))
[05:10:25] [ERR] Failed to check the state of sock (session id: 63b6d9c0-0413-481c-9975-f4bf815a8ac5, error: SSLEOFError, message: EOF occurred in violation of protocol (_ssl.c:2427))
[05:10:35] [ERR] Failed to check the state of sock (session id: 63b6d9c0-0413-481c-9975-f4bf815a8ac5, error: SSLEOFError, message: EOF occurred in violation of protocol (_ssl.c:2427))
[05:11:26] [ERR] Failed to check the state of sock (session id: 216d7c28-6bdc-4485-8080-41c69edd4a72, error: SSLEOFError, message: EOF occurred in violation of protocol (_ssl.c:2427))
[05:11:36] [ERR] Failed to check the state of sock (session id: 216d7c28-6bdc-4485-8080-41c69edd4a72, error: SSLEOFError, message: EOF occurred in violation of protocol (_ssl.c:2427))
[05:11:46] [ERR] Failed to check the state of sock (session id: 216d7c28-6bdc-4485-8080-41c69edd4a72, error: SSLEOFError, message: EOF occurred in violation of protocol (_ssl.c:2427))
[05:11:56] [ERR] Failed to check the state of sock (session id: 216d7c28-6bdc-4485-8080-41c69edd4a72, error: SSLEOFError, message: EOF occurred in violation of protocol (_ssl.c:2427))
[05:12:06] [ERR] Failed to check the state of sock (session id: 216d7c28-6bdc-4485-8080-41c69edd4a72, error: SSLEOFError, message: EOF occurred in violation of protocol (_ssl.c:2427))
[05:13:07] [ERR] Failed to check the state of sock (session id: e16eb461-1f67-4dac-8910-ca6d1796c1bb, error: SSLEOFError, message: EOF occurred in violation of protocol (_ssl.c:2427))
[05:13:17] [ERR] Failed to check the state of sock (session id: e16eb461-1f67-4dac-8910-ca6d1796c1bb, error: SSLEOFError, message: EOF occurred in violation of protocol (_ssl.c:2427))
[05:13:27] [ERR] Failed to check the state of sock (session id: e16eb461-1f67-4dac-8910-ca6d1796c1bb, error: SSLError, message: [SSL: BAD_LENGTH] bad length (_ssl.c:2427))
[05:13:37] [ERR] Failed to check the state of sock (session id: e16eb461-1f67-4dac-8910-ca6d1796c1bb, error: SSLEOFError, message: EOF occurred in violation of protocol (_ssl.c:2427))
[05:13:47] [ERR] Failed to check the state of sock (session id: e16eb461-1f67-4dac-8910-ca6d1796c1bb, error: SSLEOFError, message: EOF occurred in violation of protocol (_ssl.c:2427))
[05:14:48] [ERR] Failed to check the state of sock (session id: ee3c1608-da1d-475f-8630-0da2aab5fb7f, error: SSLEOFError, message: EOF occurred in violation of protocol (_ssl.c:2427))
[05:14:58] [ERR] Failed to check the state of sock (session id: ee3c1608-da1d-475f-8630-0da2aab5fb7f, error: SSLEOFError, message: EOF occurred in violation of protocol (_ssl.c:2427))
[05:15:08] [ERR] Failed to check the state of sock (session id: ee3c1608-da1d-475f-8630-0da2aab5fb7f, error: SSLEOFError, message: EOF occurred in violation of protocol (_ssl.c:2427))
[05:15:18] [ERR] Failed to check the state of sock (session id: ee3c1608-da1d-475f-8630-0da2aab5fb7f, error: SSLError, message: [SSL: BAD_LENGTH] bad length (_ssl.c:2427))
[05:15:28] [ERR] Failed to check the state of sock (session id: ee3c1608-da1d-475f-8630-0da2aab5fb7f, error: SSLEOFError, message: EOF occurred in violation of protocol (_ssl.c:2427))
[05:16:59] [ERR] Failed to check the state of sock (session id: 6b0fc4c8-5c11-4339-a958-4fa4cc8a35db, error: SSLEOFError, message: EOF occurred in violation of protocol (_ssl.c:2427))
[05:17:09] [ERR] Failed to check the state of sock (session id: 6b0fc4c8-5c11-4339-a958-4fa4cc8a35db, error: SSLEOFError, message: EOF occurred in violation of protocol (_ssl.c:2427))
[05:17:19] [ERR] Failed to check the state of sock (session id: 6b0fc4c8-5c11-4339-a958-4fa4cc8a35db, error: SSLEOFError, message: EOF occurred in violation of protocol (_ssl.c:2427))
[05:17:29] [ERR] Failed to check the state of sock (session id: 6b0fc4c8-5c11-4339-a958-4fa4cc8a35db, error: SSLEOFError, message: EOF occurred in violation of protocol (_ssl.c:2427))
[05:17:39] [ERR] Failed to check the state of sock (session id: 6b0fc4c8-5c11-4339-a958-4fa4cc8a35db, error: SSLEOFError, message: EOF occurred in violation of protocol (_ssl.c:2427))
[05:18:40] [ERR] Failed to check the state of sock (session id: 69140ddd-7cc4-4f24-a1bb-bcc385f471b7, error: SSLEOFError, message: EOF occurred in violation of protocol (_ssl.c:2427))
[05:18:50] [ERR] Failed to check the state of sock (session id: 69140ddd-7cc4-4f24-a1bb-bcc385f471b7, error: SSLEOFError, message: EOF occurred in violation of protocol (_ssl.c:2427))
[05:19:00] [ERR] Failed to check the state of sock (session id: 69140ddd-7cc4-4f24-a1bb-bcc385f471b7, error: SSLError, message: [SSL: BAD_LENGTH] bad length (_ssl.c:2427))
[05:19:10] [ERR] Failed to check the state of sock (session id: 69140ddd-7cc4-4f24-a1bb-bcc385f471b7, error: SSLEOFError, message: EOF occurred in violation of protocol (_ssl.c:2427))
[05:19:20] [ERR] Failed to check the state of sock (session id: 69140ddd-7cc4-4f24-a1bb-bcc385f471b7, error: SSLError, message: [SSL: BAD_LENGTH] bad length (_ssl.c:2427))
[05:20:41] [ERR] Failed to check the state of sock (session id: 2fb216f7-b4b2-4af3-a448-75e1b5a828ca, error: SSLEOFError, message: EOF occurred in violation of protocol (_ssl.c:2427))
[05:20:51] [ERR] Failed to check the state of sock (session id: 2fb216f7-b4b2-4af3-a448-75e1b5a828ca, error: SSLEOFError, message: EOF occurred in violation of protocol (_ssl.c:2427))
[05:21:01] [ERR] Failed to check the state of sock (session id: 2fb216f7-b4b2-4af3-a448-75e1b5a828ca, error: SSLEOFError, message: EOF occurred in violation of protocol (_ssl.c:2427))
[05:21:11] [ERR] Failed to check the state of sock (session id: 2fb216f7-b4b2-4af3-a448-75e1b5a828ca, error: SSLEOFError, message: EOF occurred in violation of protocol (_ssl.c:2427))
[05:21:21] [ERR] Failed to check the state of sock (session id: 2fb216f7-b4b2-4af3-a448-75e1b5a828ca, error: SSLEOFError, message: EOF occurred in violation of protocol (_ssl.c:2427))
[05:22:42] [ERR] Failed to check the state of sock (session id: b5068f6f-5e52-4cda-9e26-4fdb603859fc, error: SSLEOFError, message: EOF occurred in violation of protocol (_ssl.c:2427))
[05:22:52] [ERR] Failed to check the state of sock (session id: b5068f6f-5e52-4cda-9e26-4fdb603859fc, error: SSLEOFError, message: EOF occurred in violation of protocol (_ssl.c:2427))
[05:23:02] [ERR] Failed to check the state of sock (session id: b5068f6f-5e52-4cda-9e26-4fdb603859fc, error: SSLEOFError, message: EOF occurred in violation of protocol (_ssl.c:2427))
[05:23:12] [ERR] Failed to check the state of sock (session id: b5068f6f-5e52-4cda-9e26-4fdb603859fc, error: SSLEOFError, message: EOF occurred in violation of protocol (_ssl.c:2427))
[05:23:22] [ERR] Failed to check the state of sock (session id: b5068f6f-5e52-4cda-9e26-4fdb603859fc, error: SSLEOFError, message: EOF occurred in violation of protocol (_ssl.c:2427))
[05:24:54] [ERR] Failed to check the state of sock (session id: 9f98c2af-0d1b-4673-bdf4-f18fe386b1d8, error: SSLEOFError, message: EOF occurred in violation of protocol (_ssl.c:2427))
[05:25:04] [ERR] Failed to check the state of sock (session id: 9f98c2af-0d1b-4673-bdf4-f18fe386b1d8, error: SSLError, message: [SSL: BAD_LENGTH] bad length (_ssl.c:2427))
[05:25:14] [ERR] Failed to check the state of sock (session id: 9f98c2af-0d1b-4673-bdf4-f18fe386b1d8, error: SSLEOFError, message: EOF occurred in violation of protocol (_ssl.c:2427))
[05:25:24] [ERR] Failed to check the state of sock (session id: 9f98c2af-0d1b-4673-bdf4-f18fe386b1d8, error: SSLEOFError, message: EOF occurred in violation of protocol (_ssl.c:2427))
[05:25:34] [ERR] Failed to check the state of sock (session id: 9f98c2af-0d1b-4673-bdf4-f18fe386b1d8, error: SSLEOFError, message: EOF occurred in violation of protocol (_ssl.c:2427))
[05:26:35] [ERR] Failed to check the state of sock (session id: 7f2a2004-48aa-4ccb-ab4e-09b236891bfe, error: SSLEOFError, message: EOF occurred in violation of protocol (_ssl.c:2427))
[05:26:45] [ERR] Failed to check the state of sock (session id: 7f2a2004-48aa-4ccb-ab4e-09b236891bfe, error: SSLEOFError, message: EOF occurred in violation of protocol (_ssl.c:2427))
[05:26:55] [ERR] Failed to check the state of sock (session id: 7f2a2004-48aa-4ccb-ab4e-09b236891bfe, error: SSLEOFError, message: EOF occurred in violation of protocol (_ssl.c:2427))
[05:27:05] [ERR] Failed to check the state of sock (session id: 7f2a2004-48aa-4ccb-ab4e-09b236891bfe, error: SSLError, message: [SSL: BAD_LENGTH] bad length (_ssl.c:2427))
[05:27:15] [ERR] Failed to check the state of sock (session id: 7f2a2004-48aa-4ccb-ab4e-09b236891bfe, error: SSLEOFError, message: EOF occurred in violation of protocol (_ssl.c:2427))
[05:28:36] [ERR] Failed to check the state of sock (session id: d3949cb1-8a67-4787-af3b-84211ae1f566, error: SSLEOFError, message: EOF occurred in violation of protocol (_ssl.c:2427))
[05:28:46] [ERR] Failed to check the state of sock (session id: d3949cb1-8a67-4787-af3b-84211ae1f566, error: SSLEOFError, message: EOF occurred in violation of protocol (_ssl.c:2427))
[05:28:56] [ERR] Failed to check the state of sock (session id: d3949cb1-8a67-4787-af3b-84211ae1f566, error: SSLEOFError, message: EOF occurred in violation of protocol (_ssl.c:2427))
[05:29:06] [ERR] Failed to check the state of sock (session id: d3949cb1-8a67-4787-af3b-84211ae1f566, error: SSLEOFError, message: EOF occurred in violation of protocol (_ssl.c:2427))
[05:29:16] [ERR] Failed to check the state of sock (session id: d3949cb1-8a67-4787-af3b-84211ae1f566, error: SSLError, message: [SSL: BAD_LENGTH] bad length (_ssl.c:2427))
[05:30:17] [ERR] Failed to check the state of sock (session id: f9c2b78c-e217-4cf7-9abc-8c85e77e5b05, error: SSLEOFError, message: EOF occurred in violation of protocol (_ssl.c:2427))
[05:30:27] [ERR] Failed to check the state of sock (session id: f9c2b78c-e217-4cf7-9abc-8c85e77e5b05, error: SSLEOFError, message: EOF occurred in violation of protocol (_ssl.c:2427))
[05:30:37] [ERR] Failed to check the state of sock (session id: f9c2b78c-e217-4cf7-9abc-8c85e77e5b05, error: SSLEOFError, message: EOF occurred in violation of protocol (_ssl.c:2427))
[05:30:47] [ERR] Failed to check the state of sock (session id: f9c2b78c-e217-4cf7-9abc-8c85e77e5b05, error: SSLEOFError, message: EOF occurred in violation of protocol (_ssl.c:2427))
[05:30:57] [ERR] Failed to check the state of sock (session id: f9c2b78c-e217-4cf7-9abc-8c85e77e5b05, error: SSLEOFError, message: EOF occurred in violation of protocol (_ssl.c:2427))
[05:32:08] [ERR] Failed to check the state of sock (session id: 781a0e99-3828-4199-915d-aeafc2d5d11d, error: SSLEOFError, message: EOF occurred in violation of protocol (_ssl.c:2427))
[05:32:18] [ERR] Failed to check the state of sock (session id: 781a0e99-3828-4199-915d-aeafc2d5d11d, error: SSLEOFError, message: EOF occurred in violation of protocol (_ssl.c:2427))
[05:32:28] [ERR] Failed to check the state of sock (session id: 781a0e99-3828-4199-915d-aeafc2d5d11d, error: SSLEOFError, message: EOF occurred in violation of protocol (_ssl.c:2427))
[05:32:38] [ERR] Failed to check the state of sock (session id: 781a0e99-3828-4199-915d-aeafc2d5d11d, error: SSLEOFError, message: EOF occurred in violation of protocol (_ssl.c:2427))
[05:32:48] [ERR] Failed to check the state of sock (session id: 781a0e99-3828-4199-915d-aeafc2d5d11d, error: SSLEOFError, message: EOF occurred in violation of protocol (_ssl.c:2427))
[05:33:49] [ERR] Failed to check the state of sock (session id: 5dfa8eba-3f74-41f7-92bc-43a5e6d5f45e, error: SSLEOFError, message: EOF occurred in violation of protocol (_ssl.c:2427))
[05:33:59] [ERR] Failed to check the state of sock (session id: 5dfa8eba-3f74-41f7-92bc-43a5e6d5f45e, error: SSLEOFError, message: EOF occurred in violation of protocol (_ssl.c:2427))
[05:34:09] [ERR] Failed to check the state of sock (session id: 5dfa8eba-3f74-41f7-92bc-43a5e6d5f45e, error: SSLEOFError, message: EOF occurred in violation of protocol (_ssl.c:2427))
[05:34:19] [ERR] Failed to check the state of sock (session id: 5dfa8eba-3f74-41f7-92bc-43a5e6d5f45e, error: SSLEOFError, message: EOF occurred in violation of protocol (_ssl.c:2427))
[05:34:29] [ERR] Failed to check the state of sock (session id: 5dfa8eba-3f74-41f7-92bc-43a5e6d5f45e, error: SSLEOFError, message: EOF occurred in violation of protocol (_ssl.c:2427))
[05:35:30] [ERR] Failed to check the state of sock (session id: 3e10d90f-883a-4409-86ce-4197a291a00e, error: SSLEOFError, message: EOF occurred in violation of protocol (_ssl.c:2427))
[05:35:40] [ERR] Failed to check the state of sock (session id: 3e10d90f-883a-4409-86ce-4197a291a00e, error: SSLEOFError, message: EOF occurred in violation of protocol (_ssl.c:2427))
[05:35:50] [ERR] Failed to check the state of sock (session id: 3e10d90f-883a-4409-86ce-4197a291a00e, error: SSLEOFError, message: EOF occurred in violation of protocol (_ssl.c:2427))
[05:36:00] [ERR] Failed to check the state of sock (session id: 3e10d90f-883a-4409-86ce-4197a291a00e, error: SSLError, message: [SSL: BAD_LENGTH] bad length (_ssl.c:2427))
[05:36:10] [ERR] Failed to check the state of sock (session id: 3e10d90f-883a-4409-86ce-4197a291a00e, error: SSLEOFError, message: EOF occurred in violation of protocol (_ssl.c:2427))
[05:37:31] [ERR] Failed to check the state of sock (session id: be1b4648-d328-4203-8706-e40580f8d432, error: SSLEOFError, message: EOF occurred in violation of protocol (_ssl.c:2427))
[05:37:41] [ERR] Failed to check the state of sock (session id: be1b4648-d328-4203-8706-e40580f8d432, error: SSLEOFError, message: EOF occurred in violation of protocol (_ssl.c:2427))
[05:37:51] [ERR] Failed to check the state of sock (session id: be1b4648-d328-4203-8706-e40580f8d432, error: SSLEOFError, message: EOF occurred in violation of protocol (_ssl.c:2427))
[05:38:01] [ERR] Failed to check the state of sock (session id: be1b4648-d328-4203-8706-e40580f8d432, error: SSLEOFError, message: EOF occurred in violation of protocol (_ssl.c:2427))
[05:38:11] [ERR] Failed to check the state of sock (session id: be1b4648-d328-4203-8706-e40580f8d432, error: SSLEOFError, message: EOF occurred in violation of protocol (_ssl.c:2427))
[05:39:32] [ERR] Failed to check the state of sock (session id: b09d4dbd-52ce-4a03-b9ab-46b9dc3b8935, error: SSLEOFError, message: EOF occurred in violation of protocol (_ssl.c:2427))
[05:39:42] [ERR] Failed to check the state of sock (session id: b09d4dbd-52ce-4a03-b9ab-46b9dc3b8935, error: SSLError, message: [SSL: BAD_LENGTH] bad length (_ssl.c:2427))
[05:39:52] [ERR] Failed to check the state of sock (session id: b09d4dbd-52ce-4a03-b9ab-46b9dc3b8935, error: SSLEOFError, message: EOF occurred in violation of protocol (_ssl.c:2427))
[05:40:02] [ERR] Failed to check the state of sock (session id: b09d4dbd-52ce-4a03-b9ab-46b9dc3b8935, error: SSLError, message: [SSL: BAD_LENGTH] bad length (_ssl.c:2427))
[05:40:12] [ERR] Failed to check the state of sock (session id: b09d4dbd-52ce-4a03-b9ab-46b9dc3b8935, error: SSLEOFError, message: EOF occurred in violation of protocol (_ssl.c:2427))
[05:41:33] [ERR] Failed to check the state of sock (session id: a37e0287-c98d-4739-8edf-5f97216beaae, error: SSLEOFError, message: EOF occurred in violation of protocol (_ssl.c:2427))
[05:41:43] [ERR] Failed to check the state of sock (session id: a37e0287-c98d-4739-8edf-5f97216beaae, error: SSLError, message: [SSL: BAD_LENGTH] bad length (_ssl.c:2427))
[05:41:53] [ERR] Failed to check the state of sock (session id: a37e0287-c98d-4739-8edf-5f97216beaae, error: SSLError, message: [SSL: BAD_LENGTH] bad length (_ssl.c:2427))
[05:42:03] [ERR] Failed to check the state of sock (session id: a37e0287-c98d-4739-8edf-5f97216beaae, error: SSLError, message: [SSL: BAD_LENGTH] bad length (_ssl.c:2427))
[05:42:13] [ERR] Failed to check the state of sock (session id: a37e0287-c98d-4739-8edf-5f97216beaae, error: SSLEOFError, message: EOF occurred in violation of protocol (_ssl.c:2427))
[05:43:14] [ERR] Failed to check the state of sock (session id: 6bcd1210-907c-40b2-a269-f5da66cca8d8, error: SSLEOFError, message: EOF occurred in violation of protocol (_ssl.c:2427))
[05:43:24] [ERR] Failed to check the state of sock (session id: 6bcd1210-907c-40b2-a269-f5da66cca8d8, error: SSLEOFError, message: EOF occurred in violation of protocol (_ssl.c:2427))
[05:43:34] [ERR] Failed to check the state of sock (session id: 6bcd1210-907c-40b2-a269-f5da66cca8d8, error: SSLEOFError, message: EOF occurred in violation of protocol (_ssl.c:2427))
[05:43:44] [ERR] Failed to check the state of sock (session id: 6bcd1210-907c-40b2-a269-f5da66cca8d8, error: SSLEOFError, message: EOF occurred in violation of protocol (_ssl.c:2427))
[05:43:54] [ERR] Failed to check the state of sock (session id: 6bcd1210-907c-40b2-a269-f5da66cca8d8, error: SSLEOFError, message: EOF occurred in violation of protocol (_ssl.c:2427))
[05:45:05] [ERR] Failed to check the state of sock (session id: 809ef3e1-2f88-438e-81d0-bd27e5329c89, error: SSLEOFError, message: EOF occurred in violation of protocol (_ssl.c:2427))
[05:45:15] [ERR] Failed to check the state of sock (session id: 809ef3e1-2f88-438e-81d0-bd27e5329c89, error: SSLEOFError, message: EOF occurred in violation of protocol (_ssl.c:2427))
[05:45:25] [ERR] Failed to check the state of sock (session id: 809ef3e1-2f88-438e-81d0-bd27e5329c89, error: SSLError, message: [SSL: BAD_LENGTH] bad length (_ssl.c:2427))
[05:45:35] [ERR] Failed to check the state of sock (session id: 809ef3e1-2f88-438e-81d0-bd27e5329c89, error: SSLError, message: [SSL: BAD_LENGTH] bad length (_ssl.c:2427))
[05:45:45] [ERR] Failed to check the state of sock (session id: 809ef3e1-2f88-438e-81d0-bd27e5329c89, error: SSLEOFError, message: EOF occurred in violation of protocol (_ssl.c:2427))
[05:47:07] [ERR] Failed to check the state of sock (session id: f9cb61fc-670b-4d93-812b-5c5faccc0856, error: SSLEOFError, message: EOF occurred in violation of protocol (_ssl.c:2427))
[05:47:17] [ERR] Failed to check the state of sock (session id: f9cb61fc-670b-4d93-812b-5c5faccc0856, error: SSLEOFError, message: EOF occurred in violation of protocol (_ssl.c:2427))
[05:47:27] [ERR] Failed to check the state of sock (session id: f9cb61fc-670b-4d93-812b-5c5faccc0856, error: SSLEOFError, message: EOF occurred in violation of protocol (_ssl.c:2427))
[05:47:37] [ERR] Failed to check the state of sock (session id: f9cb61fc-670b-4d93-812b-5c5faccc0856, error: SSLEOFError, message: EOF occurred in violation of protocol (_ssl.c:2427))
[05:47:47] [ERR] Failed to check the state of sock (session id: f9cb61fc-670b-4d93-812b-5c5faccc0856, error: SSLEOFError, message: EOF occurred in violation of protocol (_ssl.c:2427))
[05:48:48] [ERR] Failed to check the state of sock (session id: f35c8772-809c-4209-b0dd-a9f663aa414c, error: SSLEOFError, message: EOF occurred in violation of protocol (_ssl.c:2427))
[05:48:58] [ERR] Failed to check the state of sock (session id: f35c8772-809c-4209-b0dd-a9f663aa414c, error: SSLEOFError, message: EOF occurred in violation of protocol (_ssl.c:2427))
[05:49:08] [ERR] Failed to check the state of sock (session id: f35c8772-809c-4209-b0dd-a9f663aa414c, error: SSLEOFError, message: EOF occurred in violation of protocol (_ssl.c:2427))
[05:49:18] [ERR] Failed to check the state of sock (session id: f35c8772-809c-4209-b0dd-a9f663aa414c, error: SSLEOFError, message: EOF occurred in violation of protocol (_ssl.c:2427))
[05:49:28] [ERR] Failed to check the state of sock (session id: f35c8772-809c-4209-b0dd-a9f663aa414c, error: SSLError, message: [SSL: BAD_LENGTH] bad length (_ssl.c:2427))
[05:50:29] [ERR] Failed to check the state of sock (session id: 14a30f00-014b-461e-99f6-98286935240f, error: SSLEOFError, message: EOF occurred in violation of protocol (_ssl.c:2427))
[05:50:39] [ERR] Failed to check the state of sock (session id: 14a30f00-014b-461e-99f6-98286935240f, error: SSLError, message: [SSL: BAD_LENGTH] bad length (_ssl.c:2427))
[05:50:49] [ERR] Failed to check the state of sock (session id: 14a30f00-014b-461e-99f6-98286935240f, error: SSLEOFError, message: EOF occurred in violation of protocol (_ssl.c:2427))
[05:50:59] [ERR] Failed to check the state of sock (session id: 14a30f00-014b-461e-99f6-98286935240f, error: SSLEOFError, message: EOF occurred in violation of protocol (_ssl.c:2427))
[05:51:09] [ERR] Failed to check the state of sock (session id: 14a30f00-014b-461e-99f6-98286935240f, error: SSLEOFError, message: EOF occurred in violation of protocol (_ssl.c:2427))
[05:52:10] [ERR] Failed to check the state of sock (session id: 2c526a57-5e94-4c35-9e2d-f01daeb5d825, error: SSLEOFError, message: EOF occurred in violation of protocol (_ssl.c:2427))
[05:52:20] [ERR] Failed to check the state of sock (session id: 2c526a57-5e94-4c35-9e2d-f01daeb5d825, error: SSLEOFError, message: EOF occurred in violation of protocol (_ssl.c:2427))
[05:52:30] [ERR] Failed to check the state of sock (session id: 2c526a57-5e94-4c35-9e2d-f01daeb5d825, error: SSLEOFError, message: EOF occurred in violation of protocol (_ssl.c:2427))
[05:52:40] [ERR] Failed to check the state of sock (session id: 2c526a57-5e94-4c35-9e2d-f01daeb5d825, error: SSLError, message: [SSL: BAD_LENGTH] bad length (_ssl.c:2427))
[05:52:50] [ERR] Failed to check the state of sock (session id: 2c526a57-5e94-4c35-9e2d-f01daeb5d825, error: SSLEOFError, message: EOF occurred in violation of protocol (_ssl.c:2427))
[05:54:11] [ERR] Failed to check the state of sock (session id: 51d1115a-8be0-4ad1-b4d4-f75e64b132a1, error: SSLEOFError, message: EOF occurred in violation of protocol (_ssl.c:2427))
[05:54:21] [ERR] Failed to check the state of sock (session id: 51d1115a-8be0-4ad1-b4d4-f75e64b132a1, error: SSLEOFError, message: EOF occurred in violation of protocol (_ssl.c:2427))
[05:54:31] [ERR] Failed to check the state of sock (session id: 51d1115a-8be0-4ad1-b4d4-f75e64b132a1, error: SSLEOFError, message: EOF occurred in violation of protocol (_ssl.c:2427))
[05:54:41] [ERR] Failed to check the state of sock (session id: 51d1115a-8be0-4ad1-b4d4-f75e64b132a1, error: SSLEOFError, message: EOF occurred in violation of protocol (_ssl.c:2427))
[05:54:51] [ERR] Failed to check the state of sock (session id: 51d1115a-8be0-4ad1-b4d4-f75e64b132a1, error: SSLEOFError, message: EOF occurred in violation of protocol (_ssl.c:2427))
[05:56:22] [ERR] Failed to check the state of sock (session id: 6fdb2c1f-90ac-45a9-9456-faf8b227d073, error: SSLEOFError, message: EOF occurred in violation of protocol (_ssl.c:2427))
[05:56:32] [ERR] Failed to check the state of sock (session id: 6fdb2c1f-90ac-45a9-9456-faf8b227d073, error: SSLEOFError, message: EOF occurred in violation of protocol (_ssl.c:2427))
[05:56:42] [ERR] Failed to check the state of sock (session id: 6fdb2c1f-90ac-45a9-9456-faf8b227d073, error: SSLEOFError, message: EOF occurred in violation of protocol (_ssl.c:2427))
[05:56:52] [ERR] Failed to check the state of sock (session id: 6fdb2c1f-90ac-45a9-9456-faf8b227d073, error: SSLEOFError, message: EOF occurred in violation of protocol (_ssl.c:2427))
[05:57:02] [ERR] Failed to check the state of sock (session id: 6fdb2c1f-90ac-45a9-9456-faf8b227d073, error: SSLEOFError, message: EOF occurred in violation of protocol (_ssl.c:2427))
[05:58:03] [ERR] Failed to check the state of sock (session id: bce1b132-7734-48a7-aab9-7e5584f17a6d, error: SSLEOFError, message: EOF occurred in violation of protocol (_ssl.c:2427))
[05:58:13] [ERR] Failed to check the state of sock (session id: bce1b132-7734-48a7-aab9-7e5584f17a6d, error: SSLEOFError, message: EOF occurred in violation of protocol (_ssl.c:2427))
[05:58:23] [ERR] Failed to check the state of sock (session id: bce1b132-7734-48a7-aab9-7e5584f17a6d, error: SSLEOFError, message: EOF occurred in violation of protocol (_ssl.c:2427))
[05:58:33] [ERR] Failed to check the state of sock (session id: bce1b132-7734-48a7-aab9-7e5584f17a6d, error: SSLEOFError, message: EOF occurred in violation of protocol (_ssl.c:2427))
[05:58:43] [ERR] Failed to check the state of sock (session id: bce1b132-7734-48a7-aab9-7e5584f17a6d, error: SSLEOFError, message: EOF occurred in violation of protocol (_ssl.c:2427))
[05:59:44] [ERR] Failed to check the state of sock (session id: ee1cf5c9-bb17-43a5-810b-754a846ad8b2, error: SSLEOFError, message: EOF occurred in violation of protocol (_ssl.c:2427))
[05:59:54] [ERR] Failed to check the state of sock (session id: ee1cf5c9-bb17-43a5-810b-754a846ad8b2, error: SSLEOFError, message: EOF occurred in violation of protocol (_ssl.c:2427))
[06:00:04] [ERR] Failed to check the state of sock (session id: ee1cf5c9-bb17-43a5-810b-754a846ad8b2, error: SSLEOFError, message: EOF occurred in violation of protocol (_ssl.c:2427))
[06:00:14] [ERR] Failed to check the state of sock (session id: ee1cf5c9-bb17-43a5-810b-754a846ad8b2, error: SSLEOFError, message: EOF occurred in violation of protocol (_ssl.c:2427))
[06:00:24] [ERR] Failed to check the state of sock (session id: ee1cf5c9-bb17-43a5-810b-754a846ad8b2, error: SSLEOFError, message: EOF occurred in violation of protocol (_ssl.c:2427))
[06:01:45] [ERR] Failed to check the state of sock (session id: a7749927-8679-4b9d-87aa-4c21f49fc901, error: SSLEOFError, message: EOF occurred in violation of protocol (_ssl.c:2427))
[06:01:55] [ERR] Failed to check the state of sock (session id: a7749927-8679-4b9d-87aa-4c21f49fc901, error: SSLEOFError, message: EOF occurred in violation of protocol (_ssl.c:2427))
[06:02:05] [ERR] Failed to check the state of sock (session id: a7749927-8679-4b9d-87aa-4c21f49fc901, error: SSLError, message: [SSL: BAD_LENGTH] bad length (_ssl.c:2427))
[06:02:15] [ERR] Failed to check the state of sock (session id: a7749927-8679-4b9d-87aa-4c21f49fc901, error: SSLEOFError, message: EOF occurred in violation of protocol (_ssl.c:2427))
[06:02:25] [ERR] Failed to check the state of sock (session id: a7749927-8679-4b9d-87aa-4c21f49fc901, error: SSLError, message: [SSL: BAD_LENGTH] bad length (_ssl.c:2427))
[06:03:26] [ERR] Failed to check the state of sock (session id: 3c139b18-7c16-4fd1-b476-06a54dcc2bd9, error: SSLEOFError, message: EOF occurred in violation of protocol (_ssl.c:2427))
[06:03:36] [ERR] Failed to check the state of sock (session id: 3c139b18-7c16-4fd1-b476-06a54dcc2bd9, error: SSLEOFError, message: EOF occurred in violation of protocol (_ssl.c:2427))
[06:03:46] [ERR] Failed to check the state of sock (session id: 3c139b18-7c16-4fd1-b476-06a54dcc2bd9, error: SSLEOFError, message: EOF occurred in violation of protocol (_ssl.c:2427))
[06:03:56] [ERR] Failed to check the state of sock (session id: 3c139b18-7c16-4fd1-b476-06a54dcc2bd9, error: SSLError, message: [SSL: BAD_LENGTH] bad length (_ssl.c:2427))
[06:04:06] [ERR] Failed to check the state of sock (session id: 3c139b18-7c16-4fd1-b476-06a54dcc2bd9, error: SSLEOFError, message: EOF occurred in violation of protocol (_ssl.c:2427))
[06:05:38] [ERR] Failed to check the state of sock (session id: bcba2a5b-b68b-46d0-b203-8b907875f673, error: SSLEOFError, message: EOF occurred in violation of protocol (_ssl.c:2427))
[06:05:48] [ERR] Failed to check the state of sock (session id: bcba2a5b-b68b-46d0-b203-8b907875f673, error: SSLEOFError, message: EOF occurred in violation of protocol (_ssl.c:2427))
[06:05:58] [ERR] Failed to check the state of sock (session id: bcba2a5b-b68b-46d0-b203-8b907875f673, error: SSLEOFError, message: EOF occurred in violation of protocol (_ssl.c:2427))
[06:06:08] [ERR] Failed to check the state of sock (session id: bcba2a5b-b68b-46d0-b203-8b907875f673, error: SSLEOFError, message: EOF occurred in violation of protocol (_ssl.c:2427))
[06:06:18] [ERR] Failed to check the state of sock (session id: bcba2a5b-b68b-46d0-b203-8b907875f673, error: SSLEOFError, message: EOF occurred in violation of protocol (_ssl.c:2427))
[06:07:39] [ERR] Failed to check the state of sock (session id: 4dc69af5-ec05-43aa-b2cf-6076cb24cf3f, error: SSLEOFError, message: EOF occurred in violation of protocol (_ssl.c:2427))
[06:07:49] [ERR] Failed to check the state of sock (session id: 4dc69af5-ec05-43aa-b2cf-6076cb24cf3f, error: SSLEOFError, message: EOF occurred in violation of protocol (_ssl.c:2427))
[06:07:59] [ERR] Failed to check the state of sock (session id: 4dc69af5-ec05-43aa-b2cf-6076cb24cf3f, error: SSLEOFError, message: EOF occurred in violation of protocol (_ssl.c:2427))
[06:08:09] [ERR] Failed to check the state of sock (session id: 4dc69af5-ec05-43aa-b2cf-6076cb24cf3f, error: SSLEOFError, message: EOF occurred in violation of protocol (_ssl.c:2427))
[06:08:19] [ERR] Failed to check the state of sock (session id: 4dc69af5-ec05-43aa-b2cf-6076cb24cf3f, error: SSLEOFError, message: EOF occurred in violation of protocol (_ssl.c:2427))
[06:09:20] [ERR] Failed to check the state of sock (session id: f98e8c03-1cd1-45f0-b6cd-963ea6169710, error: SSLEOFError, message: EOF occurred in violation of protocol (_ssl.c:2427))
[06:09:30] [ERR] Failed to check the state of sock (session id: f98e8c03-1cd1-45f0-b6cd-963ea6169710, error: SSLError, message: [SSL: BAD_LENGTH] bad length (_ssl.c:2427))
[06:09:40] [ERR] Failed to check the state of sock (session id: f98e8c03-1cd1-45f0-b6cd-963ea6169710, error: SSLEOFError, message: EOF occurred in violation of protocol (_ssl.c:2427))
[06:09:50] [ERR] Failed to check the state of sock (session id: f98e8c03-1cd1-45f0-b6cd-963ea6169710, error: SSLEOFError, message: EOF occurred in violation of protocol (_ssl.c:2427))
[06:10:00] [ERR] Failed to check the state of sock (session id: f98e8c03-1cd1-45f0-b6cd-963ea6169710, error: SSLError, message: [SSL: BAD_LENGTH] bad length (_ssl.c:2427))
[06:10:51] [ERR] Failed to check the state of sock (session id: c38ad5eb-5574-4ecd-b958-bb8e21153043, error: SSLEOFError, message: EOF occurred in violation of protocol (_ssl.c:2427))
[06:11:01] [ERR] Failed to check the state of sock (session id: c38ad5eb-5574-4ecd-b958-bb8e21153043, error: SSLEOFError, message: EOF occurred in violation of protocol (_ssl.c:2427))
[06:11:11] [ERR] Failed to check the state of sock (session id: c38ad5eb-5574-4ecd-b958-bb8e21153043, error: SSLEOFError, message: EOF occurred in violation of protocol (_ssl.c:2427))
[06:11:21] [ERR] Failed to check the state of sock (session id: c38ad5eb-5574-4ecd-b958-bb8e21153043, error: SSLError, message: [SSL: BAD_LENGTH] bad length (_ssl.c:2427))
[06:11:31] [ERR] Failed to check the state of sock (session id: c38ad5eb-5574-4ecd-b958-bb8e21153043, error: SSLError, message: [SSL: BAD_LENGTH] bad length (_ssl.c:2427))
[06:12:31] [ERR] Failed to check the state of sock (session id: 61bf1bb6-5595-4285-a431-959ef923a2dc, error: SSLEOFError, message: EOF occurred in violation of protocol (_ssl.c:2427))
[06:12:41] [ERR] Failed to check the state of sock (session id: 61bf1bb6-5595-4285-a431-959ef923a2dc, error: SSLEOFError, message: EOF occurred in violation of protocol (_ssl.c:2427))
[06:12:51] [ERR] Failed to check the state of sock (session id: 61bf1bb6-5595-4285-a431-959ef923a2dc, error: SSLEOFError, message: EOF occurred in violation of protocol (_ssl.c:2427))
[06:13:01] [ERR] Failed to check the state of sock (session id: 61bf1bb6-5595-4285-a431-959ef923a2dc, error: SSLEOFError, message: EOF occurred in violation of protocol (_ssl.c:2427))
[06:13:11] [ERR] Failed to check the state of sock (session id: 61bf1bb6-5595-4285-a431-959ef923a2dc, error: SSLError, message: [SSL: BAD_LENGTH] bad length (_ssl.c:2427))
[06:14:22] [ERR] Failed to check the state of sock (session id: e6661dab-ef86-41cf-aace-374459f7fcac, error: SSLEOFError, message: EOF occurred in violation of protocol (_ssl.c:2427))
[06:14:32] [ERR] Failed to check the state of sock (session id: e6661dab-ef86-41cf-aace-374459f7fcac, error: SSLEOFError, message: EOF occurred in violation of protocol (_ssl.c:2427))
[06:14:42] [ERR] Failed to check the state of sock (session id: e6661dab-ef86-41cf-aace-374459f7fcac, error: SSLEOFError, message: EOF occurred in violation of protocol (_ssl.c:2427))
[06:14:52] [ERR] Failed to check the state of sock (session id: e6661dab-ef86-41cf-aace-374459f7fcac, error: SSLEOFError, message: EOF occurred in violation of protocol (_ssl.c:2427))
[06:15:02] [ERR] Failed to check the state of sock (session id: e6661dab-ef86-41cf-aace-374459f7fcac, error: SSLEOFError, message: EOF occurred in violation of protocol (_ssl.c:2427))
[06:16:03] [ERR] Failed to check the state of sock (session id: 75f54f8e-7c9f-4966-bb73-5ab1a72156a8, error: SSLEOFError, message: EOF occurred in violation of protocol (_ssl.c:2427))
[06:16:13] [ERR] Failed to check the state of sock (session id: 75f54f8e-7c9f-4966-bb73-5ab1a72156a8, error: SSLEOFError, message: EOF occurred in violation of protocol (_ssl.c:2427))
[06:16:23] [ERR] Failed to check the state of sock (session id: 75f54f8e-7c9f-4966-bb73-5ab1a72156a8, error: SSLEOFError, message: EOF occurred in violation of protocol (_ssl.c:2427))
[06:16:33] [ERR] Failed to check the state of sock (session id: 75f54f8e-7c9f-4966-bb73-5ab1a72156a8, error: SSLEOFError, message: EOF occurred in violation of protocol (_ssl.c:2427))
[06:16:43] [ERR] Failed to check the state of sock (session id: 75f54f8e-7c9f-4966-bb73-5ab1a72156a8, error: SSLEOFError, message: EOF occurred in violation of protocol (_ssl.c:2427))
[06:17:44] [ERR] Failed to check the state of sock (session id: e79f63a0-e846-4402-9bbc-55ac88045148, error: SSLEOFError, message: EOF occurred in violation of protocol (_ssl.c:2427))
[06:17:54] [ERR] Failed to check the state of sock (session id: e79f63a0-e846-4402-9bbc-55ac88045148, error: SSLEOFError, message: EOF occurred in violation of protocol (_ssl.c:2427))
[06:18:04] [ERR] Failed to check the state of sock (session id: e79f63a0-e846-4402-9bbc-55ac88045148, error: SSLEOFError, message: EOF occurred in violation of protocol (_ssl.c:2427))
[06:18:14] [ERR] Failed to check the state of sock (session id: e79f63a0-e846-4402-9bbc-55ac88045148, error: SSLEOFError, message: EOF occurred in violation of protocol (_ssl.c:2427))
[06:18:24] [ERR] Failed to check the state of sock (session id: e79f63a0-e846-4402-9bbc-55ac88045148, error: SSLEOFError, message: EOF occurred in violation of protocol (_ssl.c:2427))
[06:19:25] [ERR] Failed to check the state of sock (session id: 6f900859-5771-4af5-b3d3-43ff0b82657d, error: SSLEOFError, message: EOF occurred in violation of protocol (_ssl.c:2427))
[06:19:35] [ERR] Failed to check the state of sock (session id: 6f900859-5771-4af5-b3d3-43ff0b82657d, error: SSLEOFError, message: EOF occurred in violation of protocol (_ssl.c:2427))
[06:19:45] [ERR] Failed to check the state of sock (session id: 6f900859-5771-4af5-b3d3-43ff0b82657d, error: SSLEOFError, message: EOF occurred in violation of protocol (_ssl.c:2427))
[06:19:55] [ERR] Failed to check the state of sock (session id: 6f900859-5771-4af5-b3d3-43ff0b82657d, error: SSLError, message: [SSL: BAD_LENGTH] bad length (_ssl.c:2427))
[06:20:05] [ERR] Failed to check the state of sock (session id: 6f900859-5771-4af5-b3d3-43ff0b82657d, error: SSLEOFError, message: EOF occurred in violation of protocol (_ssl.c:2427))
[06:21:26] [ERR] Failed to check the state of sock (session id: 0f6856bd-c299-43dd-aeb7-0d0d0c42f459, error: SSLEOFError, message: EOF occurred in violation of protocol (_ssl.c:2427))
[06:21:36] [ERR] Failed to check the state of sock (session id: 0f6856bd-c299-43dd-aeb7-0d0d0c42f459, error: SSLEOFError, message: EOF occurred in violation of protocol (_ssl.c:2427))
[06:21:46] [ERR] Failed to check the state of sock (session id: 0f6856bd-c299-43dd-aeb7-0d0d0c42f459, error: SSLEOFError, message: EOF occurred in violation of protocol (_ssl.c:2427))
[06:21:56] [ERR] Failed to check the state of sock (session id: 0f6856bd-c299-43dd-aeb7-0d0d0c42f459, error: SSLEOFError, message: EOF occurred in violation of protocol (_ssl.c:2427))
[06:22:06] [ERR] Failed to check the state of sock (session id: 0f6856bd-c299-43dd-aeb7-0d0d0c42f459, error: SSLError, message: [SSL: BAD_LENGTH] bad length (_ssl.c:2427))
[06:23:07] [ERR] Failed to check the state of sock (session id: 8303a35b-0ea6-431f-b397-888c2d940c1b, error: SSLEOFError, message: EOF occurred in violation of protocol (_ssl.c:2427))
[06:23:17] [ERR] Failed to check the state of sock (session id: 8303a35b-0ea6-431f-b397-888c2d940c1b, error: SSLError, message: [SSL: BAD_LENGTH] bad length (_ssl.c:2427))
[06:23:27] [ERR] Failed to check the state of sock (session id: 8303a35b-0ea6-431f-b397-888c2d940c1b, error: SSLEOFError, message: EOF occurred in violation of protocol (_ssl.c:2427))
[06:23:37] [ERR] Failed to check the state of sock (session id: 8303a35b-0ea6-431f-b397-888c2d940c1b, error: SSLEOFError, message: EOF occurred in violation of protocol (_ssl.c:2427))
[06:23:47] [ERR] Failed to check the state of sock (session id: 8303a35b-0ea6-431f-b397-888c2d940c1b, error: SSLEOFError, message: EOF occurred in violation of protocol (_ssl.c:2427))
[06:25:08] [ERR] Failed to check the state of sock (session id: b4252844-8dc4-4da8-8b19-f33592097f36, error: SSLEOFError, message: EOF occurred in violation of protocol (_ssl.c:2427))
[06:25:18] [ERR] Failed to check the state of sock (session id: b4252844-8dc4-4da8-8b19-f33592097f36, error: SSLError, message: [SSL: BAD_LENGTH] bad length (_ssl.c:2427))
[06:25:28] [ERR] Failed to check the state of sock (session id: b4252844-8dc4-4da8-8b19-f33592097f36, error: SSLEOFError, message: EOF occurred in violation of protocol (_ssl.c:2427))
[06:25:38] [ERR] Failed to check the state of sock (session id: b4252844-8dc4-4da8-8b19-f33592097f36, error: SSLEOFError, message: EOF occurred in violation of protocol (_ssl.c:2427))
[06:25:48] [ERR] Failed to check the state of sock (session id: b4252844-8dc4-4da8-8b19-f33592097f36, error: SSLError, message: [SSL: BAD_LENGTH] bad length (_ssl.c:2427))
[06:26:59] [ERR] Failed to check the state of sock (session id: 77ffc1f9-59be-4c9c-829e-50a867cc6a22, error: SSLEOFError, message: EOF occurred in violation of protocol (_ssl.c:2427))
[06:27:09] [ERR] Failed to check the state of sock (session id: 77ffc1f9-59be-4c9c-829e-50a867cc6a22, error: SSLEOFError, message: EOF occurred in violation of protocol (_ssl.c:2427))
[06:27:19] [ERR] Failed to check the state of sock (session id: 77ffc1f9-59be-4c9c-829e-50a867cc6a22, error: SSLEOFError, message: EOF occurred in violation of protocol (_ssl.c:2427))
[06:27:29] [ERR] Failed to check the state of sock (session id: 77ffc1f9-59be-4c9c-829e-50a867cc6a22, error: SSLEOFError, message: EOF occurred in violation of protocol (_ssl.c:2427))
[06:27:39] [ERR] Failed to check the state of sock (session id: 77ffc1f9-59be-4c9c-829e-50a867cc6a22, error: SSLEOFError, message: EOF occurred in violation of protocol (_ssl.c:2427))
[06:28:31] [ERR] Failed to check the state of sock (session id: 9b37fc00-3f48-4a7a-b72b-86999df42485, error: SSLEOFError, message: EOF occurred in violation of protocol (_ssl.c:2427))
[06:28:41] [ERR] Failed to check the state of sock (session id: 9b37fc00-3f48-4a7a-b72b-86999df42485, error: SSLEOFError, message: EOF occurred in violation of protocol (_ssl.c:2427))
[06:28:51] [ERR] Failed to check the state of sock (session id: 9b37fc00-3f48-4a7a-b72b-86999df42485, error: SSLEOFError, message: EOF occurred in violation of protocol (_ssl.c:2427))
[06:29:01] [ERR] Failed to check the state of sock (session id: 9b37fc00-3f48-4a7a-b72b-86999df42485, error: SSLEOFError, message: EOF occurred in violation of protocol (_ssl.c:2427))
[06:29:11] [ERR] Failed to check the state of sock (session id: 9b37fc00-3f48-4a7a-b72b-86999df42485, error: SSLEOFError, message: EOF occurred in violation of protocol (_ssl.c:2427))
[06:30:42] [ERR] Failed to check the state of sock (session id: 365022c1-fe24-4635-8f17-cd12e0b0e665, error: SSLEOFError, message: EOF occurred in violation of protocol (_ssl.c:2427))
[06:30:52] [ERR] Failed to check the state of sock (session id: 365022c1-fe24-4635-8f17-cd12e0b0e665, error: SSLEOFError, message: EOF occurred in violation of protocol (_ssl.c:2427))
[06:31:02] [ERR] Failed to check the state of sock (session id: 365022c1-fe24-4635-8f17-cd12e0b0e665, error: SSLEOFError, message: EOF occurred in violation of protocol (_ssl.c:2427))
[06:31:12] [ERR] Failed to check the state of sock (session id: 365022c1-fe24-4635-8f17-cd12e0b0e665, error: SSLError, message: [SSL: BAD_LENGTH] bad length (_ssl.c:2427))
[06:31:22] [ERR] Failed to check the state of sock (session id: 365022c1-fe24-4635-8f17-cd12e0b0e665, error: SSLEOFError, message: EOF occurred in violation of protocol (_ssl.c:2427))
[06:32:23] [ERR] Failed to check the state of sock (session id: 8726b745-947a-4a47-89f8-f2f182dd5771, error: SSLEOFError, message: EOF occurred in violation of protocol (_ssl.c:2427))
[06:32:33] [ERR] Failed to check the state of sock (session id: 8726b745-947a-4a47-89f8-f2f182dd5771, error: SSLEOFError, message: EOF occurred in violation of protocol (_ssl.c:2427))
[06:32:43] [ERR] Failed to check the state of sock (session id: 8726b745-947a-4a47-89f8-f2f182dd5771, error: SSLError, message: [SSL: BAD_LENGTH] bad length (_ssl.c:2427))
[06:32:53] [ERR] Failed to check the state of sock (session id: 8726b745-947a-4a47-89f8-f2f182dd5771, error: SSLEOFError, message: EOF occurred in violation of protocol (_ssl.c:2427))
[06:33:03] [ERR] Failed to check the state of sock (session id: 8726b745-947a-4a47-89f8-f2f182dd5771, error: SSLEOFError, message: EOF occurred in violation of protocol (_ssl.c:2427))
[06:34:24] [ERR] Failed to check the state of sock (session id: 710e9a81-a60b-4664-ab8f-3c0f0f922dde, error: SSLEOFError, message: EOF occurred in violation of protocol (_ssl.c:2427))
[06:34:34] [ERR] Failed to check the state of sock (session id: 710e9a81-a60b-4664-ab8f-3c0f0f922dde, error: SSLError, message: [SSL: BAD_LENGTH] bad length (_ssl.c:2427))
[06:34:44] [ERR] Failed to check the state of sock (session id: 710e9a81-a60b-4664-ab8f-3c0f0f922dde, error: SSLEOFError, message: EOF occurred in violation of protocol (_ssl.c:2427))
[06:34:54] [ERR] Failed to check the state of sock (session id: 710e9a81-a60b-4664-ab8f-3c0f0f922dde, error: SSLEOFError, message: EOF occurred in violation of protocol (_ssl.c:2427))
[06:35:04] [ERR] Failed to check the state of sock (session id: 710e9a81-a60b-4664-ab8f-3c0f0f922dde, error: SSLEOFError, message: EOF occurred in violation of protocol (_ssl.c:2427))
[06:36:35] [ERR] Failed to check the state of sock (session id: 2111eb35-06cf-471a-94f3-3d77711bd568, error: SSLEOFError, message: EOF occurred in violation of protocol (_ssl.c:2427))
[06:36:45] [ERR] Failed to check the state of sock (session id: 2111eb35-06cf-471a-94f3-3d77711bd568, error: SSLError, message: [SSL: BAD_LENGTH] bad length (_ssl.c:2427))
[06:36:55] [ERR] Failed to check the state of sock (session id: 2111eb35-06cf-471a-94f3-3d77711bd568, error: SSLEOFError, message: EOF occurred in violation of protocol (_ssl.c:2427))
[06:37:05] [ERR] Failed to check the state of sock (session id: 2111eb35-06cf-471a-94f3-3d77711bd568, error: SSLEOFError, message: EOF occurred in violation of protocol (_ssl.c:2427))
[06:37:15] [ERR] Failed to check the state of sock (session id: 2111eb35-06cf-471a-94f3-3d77711bd568, error: SSLError, message: [SSL: BAD_LENGTH] bad length (_ssl.c:2427))
[06:38:36] [ERR] Failed to check the state of sock (session id: 28a21f35-27dc-4394-a458-b0e0a5661ded, error: SSLEOFError, message: EOF occurred in violation of protocol (_ssl.c:2427))
[06:38:46] [ERR] Failed to check the state of sock (session id: 28a21f35-27dc-4394-a458-b0e0a5661ded, error: SSLError, message: [SSL: BAD_LENGTH] bad length (_ssl.c:2427))
[06:38:56] [ERR] Failed to check the state of sock (session id: 28a21f35-27dc-4394-a458-b0e0a5661ded, error: SSLError, message: [SSL: BAD_LENGTH] bad length (_ssl.c:2427))
[06:39:06] [ERR] Failed to check the state of sock (session id: 28a21f35-27dc-4394-a458-b0e0a5661ded, error: SSLEOFError, message: EOF occurred in violation of protocol (_ssl.c:2427))
[06:39:16] [ERR] Failed to check the state of sock (session id: 28a21f35-27dc-4394-a458-b0e0a5661ded, error: SSLEOFError, message: EOF occurred in violation of protocol (_ssl.c:2427))
[06:40:07] [ERR] Failed to check the state of sock (session id: 14d87658-1192-46c7-b0db-ee3efc552851, error: SSLEOFError, message: EOF occurred in violation of protocol (_ssl.c:2427))
[06:40:17] [ERR] Failed to check the state of sock (session id: 14d87658-1192-46c7-b0db-ee3efc552851, error: SSLError, message: [SSL: BAD_LENGTH] bad length (_ssl.c:2427))
[06:40:27] [ERR] Failed to check the state of sock (session id: 14d87658-1192-46c7-b0db-ee3efc552851, error: SSLEOFError, message: EOF occurred in violation of protocol (_ssl.c:2427))
[06:40:37] [ERR] Failed to check the state of sock (session id: 14d87658-1192-46c7-b0db-ee3efc552851, error: SSLError, message: [SSL: BAD_LENGTH] bad length (_ssl.c:2427))
[06:40:47] [ERR] Failed to check the state of sock (session id: 14d87658-1192-46c7-b0db-ee3efc552851, error: SSLEOFError, message: EOF occurred in violation of protocol (_ssl.c:2427))
[06:41:48] [ERR] Failed to check the state of sock (session id: 26505717-068b-43dc-a10d-9c469853adf5, error: SSLEOFError, message: EOF occurred in violation of protocol (_ssl.c:2427))
[06:41:58] [ERR] Failed to check the state of sock (session id: 26505717-068b-43dc-a10d-9c469853adf5, error: SSLEOFError, message: EOF occurred in violation of protocol (_ssl.c:2427))
[06:42:08] [ERR] Failed to check the state of sock (session id: 26505717-068b-43dc-a10d-9c469853adf5, error: SSLEOFError, message: EOF occurred in violation of protocol (_ssl.c:2427))
[06:42:18] [ERR] Failed to check the state of sock (session id: 26505717-068b-43dc-a10d-9c469853adf5, error: SSLEOFError, message: EOF occurred in violation of protocol (_ssl.c:2427))
[06:42:28] [ERR] Failed to check the state of sock (session id: 26505717-068b-43dc-a10d-9c469853adf5, error: SSLEOFError, message: EOF occurred in violation of protocol (_ssl.c:2427))
[06:43:59] [ERR] Failed to check the state of sock (session id: 51fc7cbc-b158-4882-a187-ec673019a9f2, error: SSLEOFError, message: EOF occurred in violation of protocol (_ssl.c:2427))
[06:44:09] [ERR] Failed to check the state of sock (session id: 51fc7cbc-b158-4882-a187-ec673019a9f2, error: SSLEOFError, message: EOF occurred in violation of protocol (_ssl.c:2427))
[06:44:19] [ERR] Failed to check the state of sock (session id: 51fc7cbc-b158-4882-a187-ec673019a9f2, error: SSLEOFError, message: EOF occurred in violation of protocol (_ssl.c:2427))
[06:44:29] [ERR] Failed to check the state of sock (session id: 51fc7cbc-b158-4882-a187-ec673019a9f2, error: SSLError, message: [SSL: BAD_LENGTH] bad length (_ssl.c:2427))
[06:44:39] [ERR] Failed to check the state of sock (session id: 51fc7cbc-b158-4882-a187-ec673019a9f2, error: SSLEOFError, message: EOF occurred in violation of protocol (_ssl.c:2427))
[06:45:40] [ERR] Failed to check the state of sock (session id: 11c5d31f-8801-4fd4-bdff-7bf561234aa7, error: SSLEOFError, message: EOF occurred in violation of protocol (_ssl.c:2427))
[06:45:50] [ERR] Failed to check the state of sock (session id: 11c5d31f-8801-4fd4-bdff-7bf561234aa7, error: SSLEOFError, message: EOF occurred in violation of protocol (_ssl.c:2427))
[06:46:00] [ERR] Failed to check the state of sock (session id: 11c5d31f-8801-4fd4-bdff-7bf561234aa7, error: SSLError, message: [SSL: BAD_LENGTH] bad length (_ssl.c:2427))
[06:46:10] [ERR] Failed to check the state of sock (session id: 11c5d31f-8801-4fd4-bdff-7bf561234aa7, error: SSLEOFError, message: EOF occurred in violation of protocol (_ssl.c:2427))
[06:46:20] [ERR] Failed to check the state of sock (session id: 11c5d31f-8801-4fd4-bdff-7bf561234aa7, error: SSLEOFError, message: EOF occurred in violation of protocol (_ssl.c:2427))
[06:47:21] [ERR] Failed to check the state of sock (session id: 04ae1d74-9bee-4849-acff-5c10f630edf6, error: SSLEOFError, message: EOF occurred in violation of protocol (_ssl.c:2427))
[06:47:31] [ERR] Failed to check the state of sock (session id: 04ae1d74-9bee-4849-acff-5c10f630edf6, error: SSLEOFError, message: EOF occurred in violation of protocol (_ssl.c:2427))
[06:47:41] [ERR] Failed to check the state of sock (session id: 04ae1d74-9bee-4849-acff-5c10f630edf6, error: SSLEOFError, message: EOF occurred in violation of protocol (_ssl.c:2427))
[06:47:51] [ERR] Failed to check the state of sock (session id: 04ae1d74-9bee-4849-acff-5c10f630edf6, error: SSLEOFError, message: EOF occurred in violation of protocol (_ssl.c:2427))
[06:48:01] [ERR] Failed to check the state of sock (session id: 04ae1d74-9bee-4849-acff-5c10f630edf6, error: SSLEOFError, message: EOF occurred in violation of protocol (_ssl.c:2427))
[06:49:32] [ERR] Failed to check the state of sock (session id: 4d2301d9-11cd-4d91-8463-d66173182a06, error: SSLEOFError, message: EOF occurred in violation of protocol (_ssl.c:2427))
[06:49:42] [ERR] Failed to check the state of sock (session id: 4d2301d9-11cd-4d91-8463-d66173182a06, error: SSLEOFError, message: EOF occurred in violation of protocol (_ssl.c:2427))
[06:49:52] [ERR] Failed to check the state of sock (session id: 4d2301d9-11cd-4d91-8463-d66173182a06, error: SSLError, message: [SSL: BAD_LENGTH] bad length (_ssl.c:2427))
[06:50:02] [ERR] Failed to check the state of sock (session id: 4d2301d9-11cd-4d91-8463-d66173182a06, error: SSLEOFError, message: EOF occurred in violation of protocol (_ssl.c:2427))
[06:50:12] [ERR] Failed to check the state of sock (session id: 4d2301d9-11cd-4d91-8463-d66173182a06, error: SSLEOFError, message: EOF occurred in violation of protocol (_ssl.c:2427))
[06:51:03] [ERR] Failed to check the state of sock (session id: d3f2ca60-4c57-4364-9905-4a2f4c536066, error: SSLEOFError, message: EOF occurred in violation of protocol (_ssl.c:2427))
[06:51:13] [ERR] Failed to check the state of sock (session id: d3f2ca60-4c57-4364-9905-4a2f4c536066, error: SSLError, message: [SSL: BAD_LENGTH] bad length (_ssl.c:2427))
[06:51:23] [ERR] Failed to check the state of sock (session id: d3f2ca60-4c57-4364-9905-4a2f4c536066, error: SSLEOFError, message: EOF occurred in violation of protocol (_ssl.c:2427))
[06:51:33] [ERR] Failed to check the state of sock (session id: d3f2ca60-4c57-4364-9905-4a2f4c536066, error: SSLEOFError, message: EOF occurred in violation of protocol (_ssl.c:2427))
[06:51:43] [ERR] Failed to check the state of sock (session id: d3f2ca60-4c57-4364-9905-4a2f4c536066, error: SSLEOFError, message: EOF occurred in violation of protocol (_ssl.c:2427))
[06:52:44] [ERR] Failed to check the state of sock (session id: b5dedd92-8d17-40ab-9c71-de9f4ef03e83, error: SSLEOFError, message: EOF occurred in violation of protocol (_ssl.c:2427))
[06:52:54] [ERR] Failed to check the state of sock (session id: b5dedd92-8d17-40ab-9c71-de9f4ef03e83, error: SSLEOFError, message: EOF occurred in violation of protocol (_ssl.c:2427))
[06:53:04] [ERR] Failed to check the state of sock (session id: b5dedd92-8d17-40ab-9c71-de9f4ef03e83, error: SSLError, message: [SSL: BAD_LENGTH] bad length (_ssl.c:2427))
[06:53:14] [ERR] Failed to check the state of sock (session id: b5dedd92-8d17-40ab-9c71-de9f4ef03e83, error: SSLEOFError, message: EOF occurred in violation of protocol (_ssl.c:2427))
[06:53:24] [ERR] Failed to check the state of sock (session id: b5dedd92-8d17-40ab-9c71-de9f4ef03e83, error: SSLEOFError, message: EOF occurred in violation of protocol (_ssl.c:2427))
[06:54:55] [ERR] Failed to check the state of sock (session id: c282d2c0-03df-40c6-8b3d-96b2c3974958, error: SSLEOFError, message: EOF occurred in violation of protocol (_ssl.c:2427))
[06:55:05] [ERR] Failed to check the state of sock (session id: c282d2c0-03df-40c6-8b3d-96b2c3974958, error: SSLError, message: [SSL: BAD_LENGTH] bad length (_ssl.c:2427))
[06:55:15] [ERR] Failed to check the state of sock (session id: c282d2c0-03df-40c6-8b3d-96b2c3974958, error: SSLEOFError, message: EOF occurred in violation of protocol (_ssl.c:2427))
[06:55:25] [ERR] Failed to check the state of sock (session id: c282d2c0-03df-40c6-8b3d-96b2c3974958, error: SSLError, message: [SSL: BAD_LENGTH] bad length (_ssl.c:2427))
[06:55:35] [ERR] Failed to check the state of sock (session id: c282d2c0-03df-40c6-8b3d-96b2c3974958, error: SSLEOFError, message: EOF occurred in violation of protocol (_ssl.c:2427))
[06:56:26] [ERR] Failed to check the state of sock (session id: d16937ce-5b62-4319-9641-adaa98c2ef50, error: SSLEOFError, message: EOF occurred in violation of protocol (_ssl.c:2427))
[06:56:36] [ERR] Failed to check the state of sock (session id: d16937ce-5b62-4319-9641-adaa98c2ef50, error: SSLError, message: [SSL: BAD_LENGTH] bad length (_ssl.c:2427))
[06:56:46] [ERR] Failed to check the state of sock (session id: d16937ce-5b62-4319-9641-adaa98c2ef50, error: SSLEOFError, message: EOF occurred in violation of protocol (_ssl.c:2427))
[06:56:56] [ERR] Failed to check the state of sock (session id: d16937ce-5b62-4319-9641-adaa98c2ef50, error: SSLEOFError, message: EOF occurred in violation of protocol (_ssl.c:2427))
[06:57:06] [ERR] Failed to check the state of sock (session id: d16937ce-5b62-4319-9641-adaa98c2ef50, error: SSLEOFError, message: EOF occurred in violation of protocol (_ssl.c:2427))
[06:58:07] [ERR] Failed to check the state of sock (session id: ae8e1e70-f6c5-412a-be15-d5dd763b1a26, error: SSLEOFError, message: EOF occurred in violation of protocol (_ssl.c:2427))
[06:58:17] [ERR] Failed to check the state of sock (session id: ae8e1e70-f6c5-412a-be15-d5dd763b1a26, error: SSLEOFError, message: EOF occurred in violation of protocol (_ssl.c:2427))
[06:58:27] [ERR] Failed to check the state of sock (session id: ae8e1e70-f6c5-412a-be15-d5dd763b1a26, error: SSLEOFError, message: EOF occurred in violation of protocol (_ssl.c:2427))
[06:58:37] [ERR] Failed to check the state of sock (session id: ae8e1e70-f6c5-412a-be15-d5dd763b1a26, error: SSLEOFError, message: EOF occurred in violation of protocol (_ssl.c:2427))
[06:58:47] [ERR] Failed to check the state of sock (session id: ae8e1e70-f6c5-412a-be15-d5dd763b1a26, error: SSLEOFError, message: EOF occurred in violation of protocol (_ssl.c:2427))
[07:00:18] [ERR] Failed to check the state of sock (session id: 819a63be-6b5f-46b9-a071-67d333df1b96, error: SSLEOFError, message: EOF occurred in violation of protocol (_ssl.c:2427))
[07:00:28] [ERR] Failed to check the state of sock (session id: 819a63be-6b5f-46b9-a071-67d333df1b96, error: SSLEOFError, message: EOF occurred in violation of protocol (_ssl.c:2427))
[07:00:38] [ERR] Failed to check the state of sock (session id: 819a63be-6b5f-46b9-a071-67d333df1b96, error: SSLEOFError, message: EOF occurred in violation of protocol (_ssl.c:2427))
[07:00:48] [ERR] Failed to check the state of sock (session id: 819a63be-6b5f-46b9-a071-67d333df1b96, error: SSLEOFError, message: EOF occurred in violation of protocol (_ssl.c:2427))
[07:00:58] [ERR] Failed to check the state of sock (session id: 819a63be-6b5f-46b9-a071-67d333df1b96, error: SSLEOFError, message: EOF occurred in violation of protocol (_ssl.c:2427))
[07:01:49] [ERR] Failed to check the state of sock (session id: ec24d197-1c64-4c3b-bc4b-4dc76e932ad3, error: SSLEOFError, message: EOF occurred in violation of protocol (_ssl.c:2427))
[07:01:59] [ERR] Failed to check the state of sock (session id: ec24d197-1c64-4c3b-bc4b-4dc76e932ad3, error: SSLEOFError, message: EOF occurred in violation of protocol (_ssl.c:2427))
[07:02:09] [ERR] Failed to check the state of sock (session id: ec24d197-1c64-4c3b-bc4b-4dc76e932ad3, error: SSLEOFError, message: EOF occurred in violation of protocol (_ssl.c:2427))
[07:02:19] [ERR] Failed to check the state of sock (session id: ec24d197-1c64-4c3b-bc4b-4dc76e932ad3, error: SSLError, message: [SSL: BAD_LENGTH] bad length (_ssl.c:2427))
[07:02:29] [ERR] Failed to check the state of sock (session id: ec24d197-1c64-4c3b-bc4b-4dc76e932ad3, error: SSLEOFError, message: EOF occurred in violation of protocol (_ssl.c:2427))
[07:03:20] [ERR] Failed to check the state of sock (session id: d58448d4-89fb-4981-bb7a-1aaa94e13d50, error: SSLEOFError, message: EOF occurred in violation of protocol (_ssl.c:2427))
[07:03:30] [ERR] Failed to check the state of sock (session id: d58448d4-89fb-4981-bb7a-1aaa94e13d50, error: SSLEOFError, message: EOF occurred in violation of protocol (_ssl.c:2427))
[07:03:40] [ERR] Failed to check the state of sock (session id: d58448d4-89fb-4981-bb7a-1aaa94e13d50, error: SSLEOFError, message: EOF occurred in violation of protocol (_ssl.c:2427))
[07:03:50] [ERR] Failed to check the state of sock (session id: d58448d4-89fb-4981-bb7a-1aaa94e13d50, error: SSLError, message: [SSL: BAD_LENGTH] bad length (_ssl.c:2427))
[07:04:00] [ERR] Failed to check the state of sock (session id: d58448d4-89fb-4981-bb7a-1aaa94e13d50, error: SSLError, message: [SSL: BAD_LENGTH] bad length (_ssl.c:2427))
[07:05:01] [ERR] Failed to check the state of sock (session id: 8f832d15-c837-4eaf-a5f6-1ca956d46540, error: SSLEOFError, message: EOF occurred in violation of protocol (_ssl.c:2427))
[07:05:11] [ERR] Failed to check the state of sock (session id: 8f832d15-c837-4eaf-a5f6-1ca956d46540, error: SSLEOFError, message: EOF occurred in violation of protocol (_ssl.c:2427))
[07:05:21] [ERR] Failed to check the state of sock (session id: 8f832d15-c837-4eaf-a5f6-1ca956d46540, error: SSLEOFError, message: EOF occurred in violation of protocol (_ssl.c:2427))
[07:05:31] [ERR] Failed to check the state of sock (session id: 8f832d15-c837-4eaf-a5f6-1ca956d46540, error: SSLEOFError, message: EOF occurred in violation of protocol (_ssl.c:2427))
[07:05:41] [ERR] Failed to check the state of sock (session id: 8f832d15-c837-4eaf-a5f6-1ca956d46540, error: SSLEOFError, message: EOF occurred in violation of protocol (_ssl.c:2427))
[07:06:42] [ERR] Failed to check the state of sock (session id: 137a4f7d-b77c-4faa-9085-b51f17a45ed0, error: SSLEOFError, message: EOF occurred in violation of protocol (_ssl.c:2427))
[07:06:52] [ERR] Failed to check the state of sock (session id: 137a4f7d-b77c-4faa-9085-b51f17a45ed0, error: SSLError, message: [SSL: BAD_LENGTH] bad length (_ssl.c:2427))
[07:07:02] [ERR] Failed to check the state of sock (session id: 137a4f7d-b77c-4faa-9085-b51f17a45ed0, error: SSLError, message: [SSL: BAD_LENGTH] bad length (_ssl.c:2427))
[07:07:12] [ERR] Failed to check the state of sock (session id: 137a4f7d-b77c-4faa-9085-b51f17a45ed0, error: SSLEOFError, message: EOF occurred in violation of protocol (_ssl.c:2427))
[07:07:22] [ERR] Failed to check the state of sock (session id: 137a4f7d-b77c-4faa-9085-b51f17a45ed0, error: SSLEOFError, message: EOF occurred in violation of protocol (_ssl.c:2427))
[07:08:53] [ERR] Failed to check the state of sock (session id: aba60a3f-68a5-472e-8000-6102e480de86, error: SSLEOFError, message: EOF occurred in violation of protocol (_ssl.c:2427))
[07:09:03] [ERR] Failed to check the state of sock (session id: aba60a3f-68a5-472e-8000-6102e480de86, error: SSLEOFError, message: EOF occurred in violation of protocol (_ssl.c:2427))
[07:09:13] [ERR] Failed to check the state of sock (session id: aba60a3f-68a5-472e-8000-6102e480de86, error: SSLError, message: [SSL: BAD_LENGTH] bad length (_ssl.c:2427))
[07:09:23] [ERR] Failed to check the state of sock (session id: aba60a3f-68a5-472e-8000-6102e480de86, error: SSLEOFError, message: EOF occurred in violation of protocol (_ssl.c:2427))
[07:09:33] [ERR] Failed to check the state of sock (session id: aba60a3f-68a5-472e-8000-6102e480de86, error: SSLEOFError, message: EOF occurred in violation of protocol (_ssl.c:2427))
[07:10:34] [ERR] Failed to check the state of sock (session id: 178a6490-f0c8-4d62-87be-2375349b579e, error: SSLEOFError, message: EOF occurred in violation of protocol (_ssl.c:2427))
[07:10:44] [ERR] Failed to check the state of sock (session id: 178a6490-f0c8-4d62-87be-2375349b579e, error: SSLEOFError, message: EOF occurred in violation of protocol (_ssl.c:2427))
[07:10:54] [ERR] Failed to check the state of sock (session id: 178a6490-f0c8-4d62-87be-2375349b579e, error: SSLEOFError, message: EOF occurred in violation of protocol (_ssl.c:2427))
[07:11:04] [ERR] Failed to check the state of sock (session id: 178a6490-f0c8-4d62-87be-2375349b579e, error: SSLEOFError, message: EOF occurred in violation of protocol (_ssl.c:2427))
[07:11:14] [ERR] Failed to check the state of sock (session id: 178a6490-f0c8-4d62-87be-2375349b579e, error: SSLError, message: [SSL: BAD_LENGTH] bad length (_ssl.c:2427))
[07:12:15] [ERR] Failed to check the state of sock (session id: e1d52eb4-aeb0-46ad-bc3f-ac884d084b29, error: SSLEOFError, message: EOF occurred in violation of protocol (_ssl.c:2427))
[07:12:25] [ERR] Failed to check the state of sock (session id: e1d52eb4-aeb0-46ad-bc3f-ac884d084b29, error: SSLEOFError, message: EOF occurred in violation of protocol (_ssl.c:2427))
[07:12:35] [ERR] Failed to check the state of sock (session id: e1d52eb4-aeb0-46ad-bc3f-ac884d084b29, error: SSLEOFError, message: EOF occurred in violation of protocol (_ssl.c:2427))
[07:12:45] [ERR] Failed to check the state of sock (session id: e1d52eb4-aeb0-46ad-bc3f-ac884d084b29, error: SSLEOFError, message: EOF occurred in violation of protocol (_ssl.c:2427))
[07:12:55] [ERR] Failed to check the state of sock (session id: e1d52eb4-aeb0-46ad-bc3f-ac884d084b29, error: SSLEOFError, message: EOF occurred in violation of protocol (_ssl.c:2427))
[07:13:56] [ERR] Failed to check the state of sock (session id: f46b6f0e-791d-4831-a582-e9a077291200, error: SSLEOFError, message: EOF occurred in violation of protocol (_ssl.c:2427))
[07:14:06] [ERR] Failed to check the state of sock (session id: f46b6f0e-791d-4831-a582-e9a077291200, error: SSLEOFError, message: EOF occurred in violation of protocol (_ssl.c:2427))
[07:14:16] [ERR] Failed to check the state of sock (session id: f46b6f0e-791d-4831-a582-e9a077291200, error: SSLEOFError, message: EOF occurred in violation of protocol (_ssl.c:2427))
[07:14:26] [ERR] Failed to check the state of sock (session id: f46b6f0e-791d-4831-a582-e9a077291200, error: SSLEOFError, message: EOF occurred in violation of protocol (_ssl.c:2427))
[07:14:36] [ERR] Failed to check the state of sock (session id: f46b6f0e-791d-4831-a582-e9a077291200, error: SSLEOFError, message: EOF occurred in violation of protocol (_ssl.c:2427))
[07:15:37] [ERR] Failed to check the state of sock (session id: 1234f140-4fb0-461d-9e68-7c9db54380b9, error: SSLEOFError, message: EOF occurred in violation of protocol (_ssl.c:2427))
[07:15:47] [ERR] Failed to check the state of sock (session id: 1234f140-4fb0-461d-9e68-7c9db54380b9, error: SSLError, message: [SSL: BAD_LENGTH] bad length (_ssl.c:2427))
[07:15:57] [ERR] Failed to check the state of sock (session id: 1234f140-4fb0-461d-9e68-7c9db54380b9, error: SSLEOFError, message: EOF occurred in violation of protocol (_ssl.c:2427))
[07:16:07] [ERR] Failed to check the state of sock (session id: 1234f140-4fb0-461d-9e68-7c9db54380b9, error: SSLError, message: [SSL: BAD_LENGTH] bad length (_ssl.c:2427))
[07:16:17] [ERR] Failed to check the state of sock (session id: 1234f140-4fb0-461d-9e68-7c9db54380b9, error: SSLEOFError, message: EOF occurred in violation of protocol (_ssl.c:2427))
[07:17:28] [ERR] Failed to check the state of sock (session id: cc8596f8-911d-440d-8461-5391c14477c6, error: SSLEOFError, message: EOF occurred in violation of protocol (_ssl.c:2427))
[07:17:38] [ERR] Failed to check the state of sock (session id: cc8596f8-911d-440d-8461-5391c14477c6, error: SSLEOFError, message: EOF occurred in violation of protocol (_ssl.c:2427))
[07:17:48] [ERR] Failed to check the state of sock (session id: cc8596f8-911d-440d-8461-5391c14477c6, error: SSLEOFError, message: EOF occurred in violation of protocol (_ssl.c:2427))
[07:17:58] [ERR] Failed to check the state of sock (session id: cc8596f8-911d-440d-8461-5391c14477c6, error: SSLEOFError, message: EOF occurred in violation of protocol (_ssl.c:2427))
[07:18:08] [ERR] Failed to check the state of sock (session id: cc8596f8-911d-440d-8461-5391c14477c6, error: SSLEOFError, message: EOF occurred in violation of protocol (_ssl.c:2427))
[07:19:09] [ERR] Failed to check the state of sock (session id: 21f54a15-c57f-47af-8bb2-9e3c58bbc98f, error: SSLEOFError, message: EOF occurred in violation of protocol (_ssl.c:2427))
[07:19:19] [ERR] Failed to check the state of sock (session id: 21f54a15-c57f-47af-8bb2-9e3c58bbc98f, error: SSLEOFError, message: EOF occurred in violation of protocol (_ssl.c:2427))
[07:19:29] [ERR] Failed to check the state of sock (session id: 21f54a15-c57f-47af-8bb2-9e3c58bbc98f, error: SSLError, message: [SSL: BAD_LENGTH] bad length (_ssl.c:2427))
[07:19:39] [ERR] Failed to check the state of sock (session id: 21f54a15-c57f-47af-8bb2-9e3c58bbc98f, error: SSLEOFError, message: EOF occurred in violation of protocol (_ssl.c:2427))
[07:19:49] [ERR] Failed to check the state of sock (session id: 21f54a15-c57f-47af-8bb2-9e3c58bbc98f, error: SSLError, message: [SSL: BAD_LENGTH] bad length (_ssl.c:2427))
[07:20:49] [ERR] Failed to check the state of sock (session id: e77d4903-3220-4ae4-a7be-0873ef8a0bf6, error: SSLEOFError, message: EOF occurred in violation of protocol (_ssl.c:2427))
[07:20:59] [ERR] Failed to check the state of sock (session id: e77d4903-3220-4ae4-a7be-0873ef8a0bf6, error: SSLEOFError, message: EOF occurred in violation of protocol (_ssl.c:2427))
[07:21:09] [ERR] Failed to check the state of sock (session id: e77d4903-3220-4ae4-a7be-0873ef8a0bf6, error: SSLEOFError, message: EOF occurred in violation of protocol (_ssl.c:2427))
[07:21:19] [ERR] Failed to check the state of sock (session id: e77d4903-3220-4ae4-a7be-0873ef8a0bf6, error: SSLEOFError, message: EOF occurred in violation of protocol (_ssl.c:2427))
[07:21:29] [ERR] Failed to check the state of sock (session id: e77d4903-3220-4ae4-a7be-0873ef8a0bf6, error: SSLEOFError, message: EOF occurred in violation of protocol (_ssl.c:2427))
[07:23:00] [ERR] Failed to check the state of sock (session id: 50e44303-684c-4656-99f1-121f68ac9418, error: SSLEOFError, message: EOF occurred in violation of protocol (_ssl.c:2427))
[07:23:10] [ERR] Failed to check the state of sock (session id: 50e44303-684c-4656-99f1-121f68ac9418, error: SSLEOFError, message: EOF occurred in violation of protocol (_ssl.c:2427))
[07:23:20] [ERR] Failed to check the state of sock (session id: 50e44303-684c-4656-99f1-121f68ac9418, error: SSLError, message: [SSL: BAD_LENGTH] bad length (_ssl.c:2427))
[07:23:30] [ERR] Failed to check the state of sock (session id: 50e44303-684c-4656-99f1-121f68ac9418, error: SSLEOFError, message: EOF occurred in violation of protocol (_ssl.c:2427))
[07:23:40] [ERR] Failed to check the state of sock (session id: 50e44303-684c-4656-99f1-121f68ac9418, error: SSLEOFError, message: EOF occurred in violation of protocol (_ssl.c:2427))
[07:24:41] [ERR] Failed to check the state of sock (session id: 2c3d1e58-2229-4fd2-8834-fca7213251f3, error: SSLEOFError, message: EOF occurred in violation of protocol (_ssl.c:2427))
[07:24:51] [ERR] Failed to check the state of sock (session id: 2c3d1e58-2229-4fd2-8834-fca7213251f3, error: SSLEOFError, message: EOF occurred in violation of protocol (_ssl.c:2427))
[07:25:01] [ERR] Failed to check the state of sock (session id: 2c3d1e58-2229-4fd2-8834-fca7213251f3, error: SSLEOFError, message: EOF occurred in violation of protocol (_ssl.c:2427))
[07:25:11] [ERR] Failed to check the state of sock (session id: 2c3d1e58-2229-4fd2-8834-fca7213251f3, error: SSLEOFError, message: EOF occurred in violation of protocol (_ssl.c:2427))
[07:25:21] [ERR] Failed to check the state of sock (session id: 2c3d1e58-2229-4fd2-8834-fca7213251f3, error: SSLEOFError, message: EOF occurred in violation of protocol (_ssl.c:2427))
[07:26:22] [ERR] Failed to check the state of sock (session id: 146a7890-d336-4ba4-ad3d-6d0c07d46b1b, error: SSLEOFError, message: EOF occurred in violation of protocol (_ssl.c:2427))
[07:26:32] [ERR] Failed to check the state of sock (session id: 146a7890-d336-4ba4-ad3d-6d0c07d46b1b, error: SSLEOFError, message: EOF occurred in violation of protocol (_ssl.c:2427))
[07:26:42] [ERR] Failed to check the state of sock (session id: 146a7890-d336-4ba4-ad3d-6d0c07d46b1b, error: SSLEOFError, message: EOF occurred in violation of protocol (_ssl.c:2427))
[07:26:52] [ERR] Failed to check the state of sock (session id: 146a7890-d336-4ba4-ad3d-6d0c07d46b1b, error: SSLEOFError, message: EOF occurred in violation of protocol (_ssl.c:2427))
[07:27:02] [ERR] Failed to check the state of sock (session id: 146a7890-d336-4ba4-ad3d-6d0c07d46b1b, error: SSLError, message: [SSL: BAD_LENGTH] bad length (_ssl.c:2427))
[07:28:33] [ERR] Failed to check the state of sock (session id: 2e5ebcac-9b24-40fc-87ca-343ea0c8cbc3, error: SSLEOFError, message: EOF occurred in violation of protocol (_ssl.c:2427))
[07:28:43] [ERR] Failed to check the state of sock (session id: 2e5ebcac-9b24-40fc-87ca-343ea0c8cbc3, error: SSLError, message: [SSL: BAD_LENGTH] bad length (_ssl.c:2427))
[07:28:53] [ERR] Failed to check the state of sock (session id: 2e5ebcac-9b24-40fc-87ca-343ea0c8cbc3, error: SSLEOFError, message: EOF occurred in violation of protocol (_ssl.c:2427))
[07:29:03] [ERR] Failed to check the state of sock (session id: 2e5ebcac-9b24-40fc-87ca-343ea0c8cbc3, error: SSLEOFError, message: EOF occurred in violation of protocol (_ssl.c:2427))
[07:29:13] [ERR] Failed to check the state of sock (session id: 2e5ebcac-9b24-40fc-87ca-343ea0c8cbc3, error: SSLEOFError, message: EOF occurred in violation of protocol (_ssl.c:2427))
[07:30:14] [ERR] Failed to check the state of sock (session id: fe2347dc-059e-4a8c-ba8c-04713a4582bc, error: SSLEOFError, message: EOF occurred in violation of protocol (_ssl.c:2427))
[07:30:24] [ERR] Failed to check the state of sock (session id: fe2347dc-059e-4a8c-ba8c-04713a4582bc, error: SSLError, message: [SSL: BAD_LENGTH] bad length (_ssl.c:2427))
[07:30:34] [ERR] Failed to check the state of sock (session id: fe2347dc-059e-4a8c-ba8c-04713a4582bc, error: SSLEOFError, message: EOF occurred in violation of protocol (_ssl.c:2427))
[07:30:44] [ERR] Failed to check the state of sock (session id: fe2347dc-059e-4a8c-ba8c-04713a4582bc, error: SSLEOFError, message: EOF occurred in violation of protocol (_ssl.c:2427))
[07:30:54] [ERR] Failed to check the state of sock (session id: fe2347dc-059e-4a8c-ba8c-04713a4582bc, error: SSLEOFError, message: EOF occurred in violation of protocol (_ssl.c:2427))
[07:32:15] [ERR] Failed to check the state of sock (session id: fde80d1a-1168-44e0-a49d-5da600f0e044, error: SSLEOFError, message: EOF occurred in violation of protocol (_ssl.c:2427))
[07:32:25] [ERR] Failed to check the state of sock (session id: fde80d1a-1168-44e0-a49d-5da600f0e044, error: SSLEOFError, message: EOF occurred in violation of protocol (_ssl.c:2427))
[07:32:35] [ERR] Failed to check the state of sock (session id: fde80d1a-1168-44e0-a49d-5da600f0e044, error: SSLEOFError, message: EOF occurred in violation of protocol (_ssl.c:2427))
[07:32:45] [ERR] Failed to check the state of sock (session id: fde80d1a-1168-44e0-a49d-5da600f0e044, error: SSLEOFError, message: EOF occurred in violation of protocol (_ssl.c:2427))
[07:32:55] [ERR] Failed to check the state of sock (session id: fde80d1a-1168-44e0-a49d-5da600f0e044, error: SSLError, message: [SSL: BAD_LENGTH] bad length (_ssl.c:2427))
[07:34:26] [ERR] Failed to check the state of sock (session id: 24b378df-2375-45a2-8ebe-06734a60ad90, error: SSLEOFError, message: EOF occurred in violation of protocol (_ssl.c:2427))
[07:34:36] [ERR] Failed to check the state of sock (session id: 24b378df-2375-45a2-8ebe-06734a60ad90, error: SSLError, message: [SSL: BAD_LENGTH] bad length (_ssl.c:2427))
[07:34:46] [ERR] Failed to check the state of sock (session id: 24b378df-2375-45a2-8ebe-06734a60ad90, error: SSLEOFError, message: EOF occurred in violation of protocol (_ssl.c:2427))
[07:34:56] [ERR] Failed to check the state of sock (session id: 24b378df-2375-45a2-8ebe-06734a60ad90, error: SSLEOFError, message: EOF occurred in violation of protocol (_ssl.c:2427))
[07:35:06] [ERR] Failed to check the state of sock (session id: 24b378df-2375-45a2-8ebe-06734a60ad90, error: SSLEOFError, message: EOF occurred in violation of protocol (_ssl.c:2427))
[07:36:27] [ERR] Failed to check the state of sock (session id: 14f01a5b-e52b-4821-8b4f-b6c086d3435b, error: SSLEOFError, message: EOF occurred in violation of protocol (_ssl.c:2427))
[07:36:37] [ERR] Failed to check the state of sock (session id: 14f01a5b-e52b-4821-8b4f-b6c086d3435b, error: SSLEOFError, message: EOF occurred in violation of protocol (_ssl.c:2427))
[07:36:47] [ERR] Failed to check the state of sock (session id: 14f01a5b-e52b-4821-8b4f-b6c086d3435b, error: SSLEOFError, message: EOF occurred in violation of protocol (_ssl.c:2427))
[07:36:57] [ERR] Failed to check the state of sock (session id: 14f01a5b-e52b-4821-8b4f-b6c086d3435b, error: SSLEOFError, message: EOF occurred in violation of protocol (_ssl.c:2427))
[07:37:07] [ERR] Failed to check the state of sock (session id: 14f01a5b-e52b-4821-8b4f-b6c086d3435b, error: SSLError, message: [SSL: BAD_LENGTH] bad length (_ssl.c:2427))
[07:38:18] [ERR] Failed to check the state of sock (session id: 844e3c15-49d4-4b6a-985d-4bc8fa101ad9, error: SSLEOFError, message: EOF occurred in violation of protocol (_ssl.c:2427))
[07:38:28] [ERR] Failed to check the state of sock (session id: 844e3c15-49d4-4b6a-985d-4bc8fa101ad9, error: SSLEOFError, message: EOF occurred in violation of protocol (_ssl.c:2427))
[07:38:38] [ERR] Failed to check the state of sock (session id: 844e3c15-49d4-4b6a-985d-4bc8fa101ad9, error: SSLError, message: [SSL: BAD_LENGTH] bad length (_ssl.c:2427))
[07:38:48] [ERR] Failed to check the state of sock (session id: 844e3c15-49d4-4b6a-985d-4bc8fa101ad9, error: SSLEOFError, message: EOF occurred in violation of protocol (_ssl.c:2427))
[07:38:58] [ERR] Failed to check the state of sock (session id: 844e3c15-49d4-4b6a-985d-4bc8fa101ad9, error: SSLEOFError, message: EOF occurred in violation of protocol (_ssl.c:2427))
[07:39:59] [ERR] Failed to check the state of sock (session id: ca28352c-9c1c-4418-9383-0c63574ce982, error: SSLEOFError, message: EOF occurred in violation of protocol (_ssl.c:2427))
[07:40:09] [ERR] Failed to check the state of sock (session id: ca28352c-9c1c-4418-9383-0c63574ce982, error: SSLEOFError, message: EOF occurred in violation of protocol (_ssl.c:2427))
[07:40:19] [ERR] Failed to check the state of sock (session id: ca28352c-9c1c-4418-9383-0c63574ce982, error: SSLEOFError, message: EOF occurred in violation of protocol (_ssl.c:2427))
[07:40:29] [ERR] Failed to check the state of sock (session id: ca28352c-9c1c-4418-9383-0c63574ce982, error: SSLEOFError, message: EOF occurred in violation of protocol (_ssl.c:2427))
[07:40:39] [ERR] Failed to check the state of sock (session id: ca28352c-9c1c-4418-9383-0c63574ce982, error: SSLError, message: [SSL: BAD_LENGTH] bad length (_ssl.c:2427))
[07:41:40] [ERR] Failed to check the state of sock (session id: b0b3d56a-ea3c-40d2-bb19-deab50cfd602, error: SSLEOFError, message: EOF occurred in violation of protocol (_ssl.c:2427))
[07:41:50] [ERR] Failed to check the state of sock (session id: b0b3d56a-ea3c-40d2-bb19-deab50cfd602, error: SSLError, message: [SSL: BAD_LENGTH] bad length (_ssl.c:2427))
[07:42:00] [ERR] Failed to check the state of sock (session id: b0b3d56a-ea3c-40d2-bb19-deab50cfd602, error: SSLEOFError, message: EOF occurred in violation of protocol (_ssl.c:2427))
[07:42:10] [ERR] Failed to check the state of sock (session id: b0b3d56a-ea3c-40d2-bb19-deab50cfd602, error: SSLEOFError, message: EOF occurred in violation of protocol (_ssl.c:2427))
[07:42:20] [ERR] Failed to check the state of sock (session id: b0b3d56a-ea3c-40d2-bb19-deab50cfd602, error: SSLEOFError, message: EOF occurred in violation of protocol (_ssl.c:2427))
[07:43:21] [ERR] Failed to check the state of sock (session id: feea54bc-7fd3-4f85-bbab-4b56bb312800, error: SSLEOFError, message: EOF occurred in violation of protocol (_ssl.c:2427))
[07:43:31] [ERR] Failed to check the state of sock (session id: feea54bc-7fd3-4f85-bbab-4b56bb312800, error: SSLEOFError, message: EOF occurred in violation of protocol (_ssl.c:2427))
[07:43:41] [ERR] Failed to check the state of sock (session id: feea54bc-7fd3-4f85-bbab-4b56bb312800, error: SSLEOFError, message: EOF occurred in violation of protocol (_ssl.c:2427))
[07:43:51] [ERR] Failed to check the state of sock (session id: feea54bc-7fd3-4f85-bbab-4b56bb312800, error: SSLEOFError, message: EOF occurred in violation of protocol (_ssl.c:2427))
[07:44:01] [ERR] Failed to check the state of sock (session id: feea54bc-7fd3-4f85-bbab-4b56bb312800, error: SSLError, message: [SSL: BAD_LENGTH] bad length (_ssl.c:2427))
[07:45:12] [ERR] Failed to check the state of sock (session id: 8684a7f3-5169-41f3-a4ed-823657fbc30a, error: SSLEOFError, message: EOF occurred in violation of protocol (_ssl.c:2427))
[07:45:22] [ERR] Failed to check the state of sock (session id: 8684a7f3-5169-41f3-a4ed-823657fbc30a, error: SSLEOFError, message: EOF occurred in violation of protocol (_ssl.c:2427))
[07:45:32] [ERR] Failed to check the state of sock (session id: 8684a7f3-5169-41f3-a4ed-823657fbc30a, error: SSLError, message: [SSL: BAD_LENGTH] bad length (_ssl.c:2427))
[07:45:42] [ERR] Failed to check the state of sock (session id: 8684a7f3-5169-41f3-a4ed-823657fbc30a, error: SSLEOFError, message: EOF occurred in violation of protocol (_ssl.c:2427))
[07:45:52] [ERR] Failed to check the state of sock (session id: 8684a7f3-5169-41f3-a4ed-823657fbc30a, error: SSLEOFError, message: EOF occurred in violation of protocol (_ssl.c:2427))
[07:47:23] [ERR] Failed to check the state of sock (session id: d97aa009-e94f-4f83-b96e-a94bd21a96a2, error: SSLEOFError, message: EOF occurred in violation of protocol (_ssl.c:2427))
[07:47:33] [ERR] Failed to check the state of sock (session id: d97aa009-e94f-4f83-b96e-a94bd21a96a2, error: SSLEOFError, message: EOF occurred in violation of protocol (_ssl.c:2427))
[07:47:43] [ERR] Failed to check the state of sock (session id: d97aa009-e94f-4f83-b96e-a94bd21a96a2, error: SSLEOFError, message: EOF occurred in violation of protocol (_ssl.c:2427))
[07:47:53] [ERR] Failed to check the state of sock (session id: d97aa009-e94f-4f83-b96e-a94bd21a96a2, error: SSLEOFError, message: EOF occurred in violation of protocol (_ssl.c:2427))
[07:48:03] [ERR] Failed to check the state of sock (session id: d97aa009-e94f-4f83-b96e-a94bd21a96a2, error: SSLEOFError, message: EOF occurred in violation of protocol (_ssl.c:2427))
[07:49:04] [ERR] Failed to check the state of sock (session id: 94346a2b-cb82-4996-836b-01f950d0a8a2, error: SSLEOFError, message: EOF occurred in violation of protocol (_ssl.c:2427))
[07:49:14] [ERR] Failed to check the state of sock (session id: 94346a2b-cb82-4996-836b-01f950d0a8a2, error: SSLEOFError, message: EOF occurred in violation of protocol (_ssl.c:2427))
[07:49:24] [ERR] Failed to check the state of sock (session id: 94346a2b-cb82-4996-836b-01f950d0a8a2, error: SSLEOFError, message: EOF occurred in violation of protocol (_ssl.c:2427))
[07:49:34] [ERR] Failed to check the state of sock (session id: 94346a2b-cb82-4996-836b-01f950d0a8a2, error: SSLEOFError, message: EOF occurred in violation of protocol (_ssl.c:2427))
[07:49:44] [ERR] Failed to check the state of sock (session id: 94346a2b-cb82-4996-836b-01f950d0a8a2, error: SSLEOFError, message: EOF occurred in violation of protocol (_ssl.c:2427))
[07:50:45] [ERR] Failed to check the state of sock (session id: 31f18601-5e14-4558-a893-67fb7ba34dc2, error: SSLEOFError, message: EOF occurred in violation of protocol (_ssl.c:2427))
[07:50:55] [ERR] Failed to check the state of sock (session id: 31f18601-5e14-4558-a893-67fb7ba34dc2, error: SSLEOFError, message: EOF occurred in violation of protocol (_ssl.c:2427))
[07:51:05] [ERR] Failed to check the state of sock (session id: 31f18601-5e14-4558-a893-67fb7ba34dc2, error: SSLEOFError, message: EOF occurred in violation of protocol (_ssl.c:2427))
[07:51:15] [ERR] Failed to check the state of sock (session id: 31f18601-5e14-4558-a893-67fb7ba34dc2, error: SSLEOFError, message: EOF occurred in violation of protocol (_ssl.c:2427))
[07:51:25] [ERR] Failed to check the state of sock (session id: 31f18601-5e14-4558-a893-67fb7ba34dc2, error: SSLEOFError, message: EOF occurred in violation of protocol (_ssl.c:2427))
[07:52:26] [ERR] Failed to check the state of sock (session id: 027543cd-2fcf-4d1e-9805-34f92ba896f7, error: SSLEOFError, message: EOF occurred in violation of protocol (_ssl.c:2427))
[07:52:36] [ERR] Failed to check the state of sock (session id: 027543cd-2fcf-4d1e-9805-34f92ba896f7, error: SSLEOFError, message: EOF occurred in violation of protocol (_ssl.c:2427))
[07:52:46] [ERR] Failed to check the state of sock (session id: 027543cd-2fcf-4d1e-9805-34f92ba896f7, error: SSLEOFError, message: EOF occurred in violation of protocol (_ssl.c:2427))
[07:52:56] [ERR] Failed to check the state of sock (session id: 027543cd-2fcf-4d1e-9805-34f92ba896f7, error: SSLEOFError, message: EOF occurred in violation of protocol (_ssl.c:2427))
[07:53:06] [ERR] Failed to check the state of sock (session id: 027543cd-2fcf-4d1e-9805-34f92ba896f7, error: SSLEOFError, message: EOF occurred in violation of protocol (_ssl.c:2427))
[07:54:27] [ERR] Failed to check the state of sock (session id: 8514b116-6735-4176-ab81-f416fa71e212, error: SSLEOFError, message: EOF occurred in violation of protocol (_ssl.c:2427))
[07:54:37] [ERR] Failed to check the state of sock (session id: 8514b116-6735-4176-ab81-f416fa71e212, error: SSLEOFError, message: EOF occurred in violation of protocol (_ssl.c:2427))
[07:54:47] [ERR] Failed to check the state of sock (session id: 8514b116-6735-4176-ab81-f416fa71e212, error: SSLEOFError, message: EOF occurred in violation of protocol (_ssl.c:2427))
[07:54:57] [ERR] Failed to check the state of sock (session id: 8514b116-6735-4176-ab81-f416fa71e212, error: SSLEOFError, message: EOF occurred in violation of protocol (_ssl.c:2427))
[07:55:07] [ERR] Failed to check the state of sock (session id: 8514b116-6735-4176-ab81-f416fa71e212, error: SSLEOFError, message: EOF occurred in violation of protocol (_ssl.c:2427))
[07:56:08] [ERR] Failed to check the state of sock (session id: 0e628f2b-7607-4a95-af42-603ceae35853, error: SSLEOFError, message: EOF occurred in violation of protocol (_ssl.c:2427))
[07:56:18] [ERR] Failed to check the state of sock (session id: 0e628f2b-7607-4a95-af42-603ceae35853, error: SSLEOFError, message: EOF occurred in violation of protocol (_ssl.c:2427))
[07:56:28] [ERR] Failed to check the state of sock (session id: 0e628f2b-7607-4a95-af42-603ceae35853, error: SSLEOFError, message: EOF occurred in violation of protocol (_ssl.c:2427))
[07:56:38] [ERR] Failed to check the state of sock (session id: 0e628f2b-7607-4a95-af42-603ceae35853, error: SSLEOFError, message: EOF occurred in violation of protocol (_ssl.c:2427))
[07:56:48] [ERR] Failed to check the state of sock (session id: 0e628f2b-7607-4a95-af42-603ceae35853, error: SSLEOFError, message: EOF occurred in violation of protocol (_ssl.c:2427))
[07:57:49] [ERR] Failed to check the state of sock (session id: 61c84a77-dfe9-4969-b1ed-15aa3d947551, error: SSLEOFError, message: EOF occurred in violation of protocol (_ssl.c:2427))
[07:57:59] [ERR] Failed to check the state of sock (session id: 61c84a77-dfe9-4969-b1ed-15aa3d947551, error: SSLEOFError, message: EOF occurred in violation of protocol (_ssl.c:2427))
[07:58:09] [ERR] Failed to check the state of sock (session id: 61c84a77-dfe9-4969-b1ed-15aa3d947551, error: SSLEOFError, message: EOF occurred in violation of protocol (_ssl.c:2427))
[07:58:19] [ERR] Failed to check the state of sock (session id: 61c84a77-dfe9-4969-b1ed-15aa3d947551, error: SSLEOFError, message: EOF occurred in violation of protocol (_ssl.c:2427))
[07:58:29] [ERR] Failed to check the state of sock (session id: 61c84a77-dfe9-4969-b1ed-15aa3d947551, error: SSLEOFError, message: EOF occurred in violation of protocol (_ssl.c:2427))
[07:59:50] [ERR] Failed to check the state of sock (session id: fecdcf6a-b666-406b-a23c-931ad0b6d364, error: SSLEOFError, message: EOF occurred in violation of protocol (_ssl.c:2427))
[08:00:00] [ERR] Failed to check the state of sock (session id: fecdcf6a-b666-406b-a23c-931ad0b6d364, error: SSLEOFError, message: EOF occurred in violation of protocol (_ssl.c:2427))
[08:00:10] [ERR] Failed to check the state of sock (session id: fecdcf6a-b666-406b-a23c-931ad0b6d364, error: SSLEOFError, message: EOF occurred in violation of protocol (_ssl.c:2427))
[08:00:20] [ERR] Failed to check the state of sock (session id: fecdcf6a-b666-406b-a23c-931ad0b6d364, error: SSLEOFError, message: EOF occurred in violation of protocol (_ssl.c:2427))
[08:00:30] [ERR] Failed to check the state of sock (session id: fecdcf6a-b666-406b-a23c-931ad0b6d364, error: SSLEOFError, message: EOF occurred in violation of protocol (_ssl.c:2427))
[08:02:01] [ERR] Failed to check the state of sock (session id: 5f4c7d3a-c918-421f-bc70-afc6a7d2bf50, error: SSLEOFError, message: EOF occurred in violation of protocol (_ssl.c:2427))
[08:02:11] [ERR] Failed to check the state of sock (session id: 5f4c7d3a-c918-421f-bc70-afc6a7d2bf50, error: SSLError, message: [SSL: BAD_LENGTH] bad length (_ssl.c:2427))
[08:02:21] [ERR] Failed to check the state of sock (session id: 5f4c7d3a-c918-421f-bc70-afc6a7d2bf50, error: SSLEOFError, message: EOF occurred in violation of protocol (_ssl.c:2427))
[08:02:31] [ERR] Failed to check the state of sock (session id: 5f4c7d3a-c918-421f-bc70-afc6a7d2bf50, error: SSLError, message: [SSL: BAD_LENGTH] bad length (_ssl.c:2427))
[08:02:41] [ERR] Failed to check the state of sock (session id: 5f4c7d3a-c918-421f-bc70-afc6a7d2bf50, error: SSLEOFError, message: EOF occurred in violation of protocol (_ssl.c:2427))
[08:02:42] [ERR] Failed to retrieve WSS URL: The request to the Slack API failed. (url: https://slack.com/api/apps.connections.open)
[08:02:42] [ERR] The server responded with: {'ok': False, 'error': 'internal_error'}
[08:02:42] [ERR] Failed to check the current session or reconnect to the server (session id: 5f4c7d3a-c918-421f-bc70-afc6a7d2bf50, error: SlackApiError, message: The request to the Slack API failed. (url: https://slack.com/api/apps.connections.open)
[08:02:42] [ERR] The server responded with: {'ok': False, 'error': 'internal_error'})
[08:04:23] [ERR] Failed to check the state of sock (session id: 9efd08f9-ee62-4eba-8d54-1d8a7e43ddce, error: SSLEOFError, message: EOF occurred in violation of protocol (_ssl.c:2427))
[08:04:33] [ERR] Failed to check the state of sock (session id: 9efd08f9-ee62-4eba-8d54-1d8a7e43ddce, error: SSLEOFError, message: EOF occurred in violation of protocol (_ssl.c:2427))
[08:04:43] [ERR] Failed to check the state of sock (session id: 9efd08f9-ee62-4eba-8d54-1d8a7e43ddce, error: SSLEOFError, message: EOF occurred in violation of protocol (_ssl.c:2427))
[08:04:53] [ERR] Failed to check the state of sock (session id: 9efd08f9-ee62-4eba-8d54-1d8a7e43ddce, error: SSLEOFError, message: EOF occurred in violation of protocol (_ssl.c:2427))
[08:05:03] [ERR] Failed to check the state of sock (session id: 9efd08f9-ee62-4eba-8d54-1d8a7e43ddce, error: SSLEOFError, message: EOF occurred in violation of protocol (_ssl.c:2427))
[08:06:34] [ERR] Failed to check the state of sock (session id: a0fb83e4-9ff8-442f-a626-85f4b55d44c5, error: SSLEOFError, message: EOF occurred in violation of protocol (_ssl.c:2427))
[08:06:44] [ERR] Failed to check the state of sock (session id: a0fb83e4-9ff8-442f-a626-85f4b55d44c5, error: SSLEOFError, message: EOF occurred in violation of protocol (_ssl.c:2427))
[08:06:54] [ERR] Failed to check the state of sock (session id: a0fb83e4-9ff8-442f-a626-85f4b55d44c5, error: SSLEOFError, message: EOF occurred in violation of protocol (_ssl.c:2427))
[08:07:04] [ERR] Failed to check the state of sock (session id: a0fb83e4-9ff8-442f-a626-85f4b55d44c5, error: SSLEOFError, message: EOF occurred in violation of protocol (_ssl.c:2427))
[08:07:14] [ERR] Failed to check the state of sock (session id: a0fb83e4-9ff8-442f-a626-85f4b55d44c5, error: SSLEOFError, message: EOF occurred in violation of protocol (_ssl.c:2427))
[08:08:35] [ERR] Failed to check the state of sock (session id: a870c2bf-9d0a-48a1-941c-1cd12107abbf, error: SSLEOFError, message: EOF occurred in violation of protocol (_ssl.c:2427))
[08:08:45] [ERR] Failed to check the state of sock (session id: a870c2bf-9d0a-48a1-941c-1cd12107abbf, error: SSLEOFError, message: EOF occurred in violation of protocol (_ssl.c:2427))
[08:08:55] [ERR] Failed to check the state of sock (session id: a870c2bf-9d0a-48a1-941c-1cd12107abbf, error: SSLEOFError, message: EOF occurred in violation of protocol (_ssl.c:2427))
[08:09:05] [ERR] Failed to check the state of sock (session id: a870c2bf-9d0a-48a1-941c-1cd12107abbf, error: SSLEOFError, message: EOF occurred in violation of protocol (_ssl.c:2427))
[08:09:15] [ERR] Failed to check the state of sock (session id: a870c2bf-9d0a-48a1-941c-1cd12107abbf, error: SSLEOFError, message: EOF occurred in violation of protocol (_ssl.c:2427))
[08:10:06] [ERR] Failed to check the state of sock (session id: 4f4b133c-b371-40ad-a8e5-26c0dc3856d9, error: SSLEOFError, message: EOF occurred in violation of protocol (_ssl.c:2427))
[08:10:16] [ERR] Failed to check the state of sock (session id: 4f4b133c-b371-40ad-a8e5-26c0dc3856d9, error: SSLEOFError, message: EOF occurred in violation of protocol (_ssl.c:2427))
[08:10:26] [ERR] Failed to check the state of sock (session id: 4f4b133c-b371-40ad-a8e5-26c0dc3856d9, error: SSLEOFError, message: EOF occurred in violation of protocol (_ssl.c:2427))
[08:10:36] [ERR] Failed to check the state of sock (session id: 4f4b133c-b371-40ad-a8e5-26c0dc3856d9, error: SSLEOFError, message: EOF occurred in violation of protocol (_ssl.c:2427))
[08:10:46] [ERR] Failed to check the state of sock (session id: 4f4b133c-b371-40ad-a8e5-26c0dc3856d9, error: SSLEOFError, message: EOF occurred in violation of protocol (_ssl.c:2427))
[08:12:07] [ERR] Failed to check the state of sock (session id: 7e629c67-9127-48a9-89bb-f48bfc0c696c, error: SSLEOFError, message: EOF occurred in violation of protocol (_ssl.c:2427))
[08:12:17] [ERR] Failed to check the state of sock (session id: 7e629c67-9127-48a9-89bb-f48bfc0c696c, error: SSLEOFError, message: EOF occurred in violation of protocol (_ssl.c:2427))
[08:12:27] [ERR] Failed to check the state of sock (session id: 7e629c67-9127-48a9-89bb-f48bfc0c696c, error: SSLEOFError, message: EOF occurred in violation of protocol (_ssl.c:2427))
[08:12:37] [ERR] Failed to check the state of sock (session id: 7e629c67-9127-48a9-89bb-f48bfc0c696c, error: SSLEOFError, message: EOF occurred in violation of protocol (_ssl.c:2427))
[08:12:47] [ERR] Failed to check the state of sock (session id: 7e629c67-9127-48a9-89bb-f48bfc0c696c, error: SSLError, message: [SSL: BAD_LENGTH] bad length (_ssl.c:2427))
[08:13:48] [ERR] Failed to check the state of sock (session id: 67004ab4-d8e9-4103-8f30-966a6c8d631f, error: SSLEOFError, message: EOF occurred in violation of protocol (_ssl.c:2427))
[08:13:58] [ERR] Failed to check the state of sock (session id: 67004ab4-d8e9-4103-8f30-966a6c8d631f, error: SSLEOFError, message: EOF occurred in violation of protocol (_ssl.c:2427))
[08:14:08] [ERR] Failed to check the state of sock (session id: 67004ab4-d8e9-4103-8f30-966a6c8d631f, error: SSLError, message: [SSL: BAD_LENGTH] bad length (_ssl.c:2427))
[08:14:18] [ERR] Failed to check the state of sock (session id: 67004ab4-d8e9-4103-8f30-966a6c8d631f, error: SSLEOFError, message: EOF occurred in violation of protocol (_ssl.c:2427))
[08:14:28] [ERR] Failed to check the state of sock (session id: 67004ab4-d8e9-4103-8f30-966a6c8d631f, error: SSLEOFError, message: EOF occurred in violation of protocol (_ssl.c:2427))
[08:15:49] [ERR] Failed to check the state of sock (session id: 20f34983-d6cc-4697-b5cf-0da9f08cd97c, error: SSLEOFError, message: EOF occurred in violation of protocol (_ssl.c:2427))
[08:15:59] [ERR] Failed to check the state of sock (session id: 20f34983-d6cc-4697-b5cf-0da9f08cd97c, error: SSLEOFError, message: EOF occurred in violation of protocol (_ssl.c:2427))
[08:16:09] [ERR] Failed to check the state of sock (session id: 20f34983-d6cc-4697-b5cf-0da9f08cd97c, error: SSLEOFError, message: EOF occurred in violation of protocol (_ssl.c:2427))
[08:16:19] [ERR] Failed to check the state of sock (session id: 20f34983-d6cc-4697-b5cf-0da9f08cd97c, error: SSLEOFError, message: EOF occurred in violation of protocol (_ssl.c:2427))
[08:16:29] [ERR] Failed to check the state of sock (session id: 20f34983-d6cc-4697-b5cf-0da9f08cd97c, error: SSLEOFError, message: EOF occurred in violation of protocol (_ssl.c:2427))
[08:17:50] [ERR] Failed to check the state of sock (session id: aac59bee-2a94-4ee8-b4d6-9ae787ac50aa, error: SSLEOFError, message: EOF occurred in violation of protocol (_ssl.c:2427))
[08:18:00] [ERR] Failed to check the state of sock (session id: aac59bee-2a94-4ee8-b4d6-9ae787ac50aa, error: SSLEOFError, message: EOF occurred in violation of protocol (_ssl.c:2427))
[08:18:10] [ERR] Failed to check the state of sock (session id: aac59bee-2a94-4ee8-b4d6-9ae787ac50aa, error: SSLEOFError, message: EOF occurred in violation of protocol (_ssl.c:2427))
[08:18:20] [ERR] Failed to check the state of sock (session id: aac59bee-2a94-4ee8-b4d6-9ae787ac50aa, error: SSLError, message: [SSL: BAD_LENGTH] bad length (_ssl.c:2427))
[08:18:30] [ERR] Failed to check the state of sock (session id: aac59bee-2a94-4ee8-b4d6-9ae787ac50aa, error: SSLEOFError, message: EOF occurred in violation of protocol (_ssl.c:2427))
[08:19:31] [ERR] Failed to check the state of sock (session id: d8468a2f-ec59-496c-bc5b-4572207fdc17, error: SSLEOFError, message: EOF occurred in violation of protocol (_ssl.c:2427))
[08:19:41] [ERR] Failed to check the state of sock (session id: d8468a2f-ec59-496c-bc5b-4572207fdc17, error: SSLEOFError, message: EOF occurred in violation of protocol (_ssl.c:2427))
[08:19:51] [ERR] Failed to check the state of sock (session id: d8468a2f-ec59-496c-bc5b-4572207fdc17, error: SSLEOFError, message: EOF occurred in violation of protocol (_ssl.c:2427))
[08:20:01] [ERR] Failed to check the state of sock (session id: d8468a2f-ec59-496c-bc5b-4572207fdc17, error: SSLEOFError, message: EOF occurred in violation of protocol (_ssl.c:2427))
[08:20:11] [ERR] Failed to check the state of sock (session id: d8468a2f-ec59-496c-bc5b-4572207fdc17, error: SSLError, message: [SSL: BAD_LENGTH] bad length (_ssl.c:2427))
[08:21:42] [ERR] Failed to check the state of sock (session id: addd5e3e-c653-4bbe-b9a3-6bee2a651929, error: SSLEOFError, message: EOF occurred in violation of protocol (_ssl.c:2427))
[08:21:52] [ERR] Failed to check the state of sock (session id: addd5e3e-c653-4bbe-b9a3-6bee2a651929, error: SSLError, message: [SSL: BAD_LENGTH] bad length (_ssl.c:2427))
[08:22:02] [ERR] Failed to check the state of sock (session id: addd5e3e-c653-4bbe-b9a3-6bee2a651929, error: SSLEOFError, message: EOF occurred in violation of protocol (_ssl.c:2427))
[08:22:12] [ERR] Failed to check the state of sock (session id: addd5e3e-c653-4bbe-b9a3-6bee2a651929, error: SSLEOFError, message: EOF occurred in violation of protocol (_ssl.c:2427))
[08:22:22] [ERR] Failed to check the state of sock (session id: addd5e3e-c653-4bbe-b9a3-6bee2a651929, error: SSLEOFError, message: EOF occurred in violation of protocol (_ssl.c:2427))
[08:23:13] [ERR] Failed to check the state of sock (session id: 1b09f3e3-2139-4b30-8def-d64617ba5261, error: SSLEOFError, message: EOF occurred in violation of protocol (_ssl.c:2427))
[08:23:23] [ERR] Failed to check the state of sock (session id: 1b09f3e3-2139-4b30-8def-d64617ba5261, error: SSLEOFError, message: EOF occurred in violation of protocol (_ssl.c:2427))
[08:23:33] [ERR] Failed to check the state of sock (session id: 1b09f3e3-2139-4b30-8def-d64617ba5261, error: SSLEOFError, message: EOF occurred in violation of protocol (_ssl.c:2427))
[08:23:43] [ERR] Failed to check the state of sock (session id: 1b09f3e3-2139-4b30-8def-d64617ba5261, error: SSLEOFError, message: EOF occurred in violation of protocol (_ssl.c:2427))
[08:23:53] [ERR] Failed to check the state of sock (session id: 1b09f3e3-2139-4b30-8def-d64617ba5261, error: SSLEOFError, message: EOF occurred in violation of protocol (_ssl.c:2427))
[08:25:24] [ERR] Failed to check the state of sock (session id: 296a873d-7cf9-4c3c-a63b-70c29d359b34, error: SSLEOFError, message: EOF occurred in violation of protocol (_ssl.c:2427))
[08:25:34] [ERR] Failed to check the state of sock (session id: 296a873d-7cf9-4c3c-a63b-70c29d359b34, error: SSLEOFError, message: EOF occurred in violation of protocol (_ssl.c:2427))
[08:25:44] [ERR] Failed to check the state of sock (session id: 296a873d-7cf9-4c3c-a63b-70c29d359b34, error: SSLEOFError, message: EOF occurred in violation of protocol (_ssl.c:2427))
[08:25:54] [ERR] Failed to check the state of sock (session id: 296a873d-7cf9-4c3c-a63b-70c29d359b34, error: SSLEOFError, message: EOF occurred in violation of protocol (_ssl.c:2427))
[08:26:04] [ERR] Failed to check the state of sock (session id: 296a873d-7cf9-4c3c-a63b-70c29d359b34, error: SSLError, message: [SSL: BAD_LENGTH] bad length (_ssl.c:2427))
[08:27:05] [ERR] Failed to check the state of sock (session id: 2e848cf4-e279-48e9-9cb1-2f2afd5b10c1, error: SSLEOFError, message: EOF occurred in violation of protocol (_ssl.c:2427))
[08:27:15] [ERR] Failed to check the state of sock (session id: 2e848cf4-e279-48e9-9cb1-2f2afd5b10c1, error: SSLEOFError, message: EOF occurred in violation of protocol (_ssl.c:2427))
[08:27:25] [ERR] Failed to check the state of sock (session id: 2e848cf4-e279-48e9-9cb1-2f2afd5b10c1, error: SSLError, message: [SSL: BAD_LENGTH] bad length (_ssl.c:2427))
[08:27:35] [ERR] Failed to check the state of sock (session id: 2e848cf4-e279-48e9-9cb1-2f2afd5b10c1, error: SSLEOFError, message: EOF occurred in violation of protocol (_ssl.c:2427))
[08:27:45] [ERR] Failed to check the state of sock (session id: 2e848cf4-e279-48e9-9cb1-2f2afd5b10c1, error: SSLEOFError, message: EOF occurred in violation of protocol (_ssl.c:2427))
[08:29:06] [ERR] Failed to check the state of sock (session id: 32cc7f6c-2c0e-4416-b620-bb381bb09fbd, error: SSLEOFError, message: EOF occurred in violation of protocol (_ssl.c:2427))
[08:29:16] [ERR] Failed to check the state of sock (session id: 32cc7f6c-2c0e-4416-b620-bb381bb09fbd, error: SSLEOFError, message: EOF occurred in violation of protocol (_ssl.c:2427))
[08:29:26] [ERR] Failed to check the state of sock (session id: 32cc7f6c-2c0e-4416-b620-bb381bb09fbd, error: SSLEOFError, message: EOF occurred in violation of protocol (_ssl.c:2427))
[08:29:36] [ERR] Failed to check the state of sock (session id: 32cc7f6c-2c0e-4416-b620-bb381bb09fbd, error: SSLEOFError, message: EOF occurred in violation of protocol (_ssl.c:2427))
[08:29:46] [ERR] Failed to check the state of sock (session id: 32cc7f6c-2c0e-4416-b620-bb381bb09fbd, error: SSLEOFError, message: EOF occurred in violation of protocol (_ssl.c:2427))
[08:31:07] [ERR] Failed to check the state of sock (session id: ac6de1e7-0320-4ed9-94b9-dde9d47552a6, error: SSLEOFError, message: EOF occurred in violation of protocol (_ssl.c:2427))
[08:31:17] [ERR] Failed to check the state of sock (session id: ac6de1e7-0320-4ed9-94b9-dde9d47552a6, error: SSLError, message: [SSL: BAD_LENGTH] bad length (_ssl.c:2427))
[08:31:27] [ERR] Failed to check the state of sock (session id: ac6de1e7-0320-4ed9-94b9-dde9d47552a6, error: SSLEOFError, message: EOF occurred in violation of protocol (_ssl.c:2427))
[08:31:37] [ERR] Failed to check the state of sock (session id: ac6de1e7-0320-4ed9-94b9-dde9d47552a6, error: SSLEOFError, message: EOF occurred in violation of protocol (_ssl.c:2427))
[08:31:47] [ERR] Failed to check the state of sock (session id: ac6de1e7-0320-4ed9-94b9-dde9d47552a6, error: SSLEOFError, message: EOF occurred in violation of protocol (_ssl.c:2427))
[08:33:08] [ERR] Failed to check the state of sock (session id: ee12b0b3-55f0-45e1-9288-ab9577434b36, error: SSLEOFError, message: EOF occurred in violation of protocol (_ssl.c:2427))
[08:33:18] [ERR] Failed to check the state of sock (session id: ee12b0b3-55f0-45e1-9288-ab9577434b36, error: SSLEOFError, message: EOF occurred in violation of protocol (_ssl.c:2427))
[08:33:28] [ERR] Failed to check the state of sock (session id: ee12b0b3-55f0-45e1-9288-ab9577434b36, error: SSLEOFError, message: EOF occurred in violation of protocol (_ssl.c:2427))
[08:33:38] [ERR] Failed to check the state of sock (session id: ee12b0b3-55f0-45e1-9288-ab9577434b36, error: SSLEOFError, message: EOF occurred in violation of protocol (_ssl.c:2427))
[08:33:48] [ERR] Failed to check the state of sock (session id: ee12b0b3-55f0-45e1-9288-ab9577434b36, error: SSLEOFError, message: EOF occurred in violation of protocol (_ssl.c:2427))
[08:34:59] [ERR] Failed to check the state of sock (session id: 658ae2ea-9bb7-43d4-9748-4445d31156bf, error: SSLEOFError, message: EOF occurred in violation of protocol (_ssl.c:2427))
[08:35:09] [ERR] Failed to check the state of sock (session id: 658ae2ea-9bb7-43d4-9748-4445d31156bf, error: SSLEOFError, message: EOF occurred in violation of protocol (_ssl.c:2427))
[08:35:19] [ERR] Failed to check the state of sock (session id: 658ae2ea-9bb7-43d4-9748-4445d31156bf, error: SSLEOFError, message: EOF occurred in violation of protocol (_ssl.c:2427))
[08:35:29] [ERR] Failed to check the state of sock (session id: 658ae2ea-9bb7-43d4-9748-4445d31156bf, error: SSLError, message: [SSL: BAD_LENGTH] bad length (_ssl.c:2427))
[08:35:39] [ERR] Failed to check the state of sock (session id: 658ae2ea-9bb7-43d4-9748-4445d31156bf, error: SSLError, message: [SSL: BAD_LENGTH] bad length (_ssl.c:2427))
[08:37:10] [ERR] Failed to check the state of sock (session id: bf1ad0d6-6c50-4ace-af9f-adef3d15678d, error: SSLEOFError, message: EOF occurred in violation of protocol (_ssl.c:2427))
[08:37:20] [ERR] Failed to check the state of sock (session id: bf1ad0d6-6c50-4ace-af9f-adef3d15678d, error: SSLEOFError, message: EOF occurred in violation of protocol (_ssl.c:2427))
[08:37:30] [ERR] Failed to check the state of sock (session id: bf1ad0d6-6c50-4ace-af9f-adef3d15678d, error: SSLEOFError, message: EOF occurred in violation of protocol (_ssl.c:2427))
[08:37:40] [ERR] Failed to check the state of sock (session id: bf1ad0d6-6c50-4ace-af9f-adef3d15678d, error: SSLEOFError, message: EOF occurred in violation of protocol (_ssl.c:2427))
[08:37:50] [ERR] Failed to check the state of sock (session id: bf1ad0d6-6c50-4ace-af9f-adef3d15678d, error: SSLError, message: [SSL: BAD_LENGTH] bad length (_ssl.c:2427))
[08:38:51] [ERR] Failed to check the state of sock (session id: b2cbb2fa-5456-4f1b-ba2c-b88b932a4faa, error: SSLEOFError, message: EOF occurred in violation of protocol (_ssl.c:2427))
[08:39:01] [ERR] Failed to check the state of sock (session id: b2cbb2fa-5456-4f1b-ba2c-b88b932a4faa, error: SSLEOFError, message: EOF occurred in violation of protocol (_ssl.c:2427))
[08:39:11] [ERR] Failed to check the state of sock (session id: b2cbb2fa-5456-4f1b-ba2c-b88b932a4faa, error: SSLEOFError, message: EOF occurred in violation of protocol (_ssl.c:2427))
[08:39:21] [ERR] Failed to check the state of sock (session id: b2cbb2fa-5456-4f1b-ba2c-b88b932a4faa, error: SSLEOFError, message: EOF occurred in violation of protocol (_ssl.c:2427))
[08:39:31] [ERR] Failed to check the state of sock (session id: b2cbb2fa-5456-4f1b-ba2c-b88b932a4faa, error: SSLError, message: [SSL: BAD_LENGTH] bad length (_ssl.c:2427))
[08:40:32] [ERR] Failed to check the state of sock (session id: 2daed2a7-7a33-4394-b406-12eef8bdc680, error: SSLEOFError, message: EOF occurred in violation of protocol (_ssl.c:2427))
[08:40:42] [ERR] Failed to check the state of sock (session id: 2daed2a7-7a33-4394-b406-12eef8bdc680, error: SSLEOFError, message: EOF occurred in violation of protocol (_ssl.c:2427))
[08:40:52] [ERR] Failed to check the state of sock (session id: 2daed2a7-7a33-4394-b406-12eef8bdc680, error: SSLEOFError, message: EOF occurred in violation of protocol (_ssl.c:2427))
[08:41:02] [ERR] Failed to check the state of sock (session id: 2daed2a7-7a33-4394-b406-12eef8bdc680, error: SSLEOFError, message: EOF occurred in violation of protocol (_ssl.c:2427))
[08:41:12] [ERR] Failed to check the state of sock (session id: 2daed2a7-7a33-4394-b406-12eef8bdc680, error: SSLEOFError, message: EOF occurred in violation of protocol (_ssl.c:2427))
[08:42:13] [ERR] Failed to check the state of sock (session id: d082dba3-b560-4422-9345-2c8d87ef4547, error: SSLEOFError, message: EOF occurred in violation of protocol (_ssl.c:2427))
[08:42:23] [ERR] Failed to check the state of sock (session id: d082dba3-b560-4422-9345-2c8d87ef4547, error: SSLEOFError, message: EOF occurred in violation of protocol (_ssl.c:2427))
[08:42:33] [ERR] Failed to check the state of sock (session id: d082dba3-b560-4422-9345-2c8d87ef4547, error: SSLEOFError, message: EOF occurred in violation of protocol (_ssl.c:2427))
[08:42:43] [ERR] Failed to check the state of sock (session id: d082dba3-b560-4422-9345-2c8d87ef4547, error: SSLEOFError, message: EOF occurred in violation of protocol (_ssl.c:2427))
[08:42:53] [ERR] Failed to check the state of sock (session id: d082dba3-b560-4422-9345-2c8d87ef4547, error: SSLEOFError, message: EOF occurred in violation of protocol (_ssl.c:2427))
[08:44:14] [ERR] Failed to check the state of sock (session id: 3cf0c8f8-3d75-4313-9bc9-38512f4ab284, error: SSLEOFError, message: EOF occurred in violation of protocol (_ssl.c:2427))
[08:44:24] [ERR] Failed to check the state of sock (session id: 3cf0c8f8-3d75-4313-9bc9-38512f4ab284, error: SSLEOFError, message: EOF occurred in violation of protocol (_ssl.c:2427))
[08:44:34] [ERR] Failed to check the state of sock (session id: 3cf0c8f8-3d75-4313-9bc9-38512f4ab284, error: SSLEOFError, message: EOF occurred in violation of protocol (_ssl.c:2427))
[08:44:44] [ERR] Failed to check the state of sock (session id: 3cf0c8f8-3d75-4313-9bc9-38512f4ab284, error: SSLEOFError, message: EOF occurred in violation of protocol (_ssl.c:2427))
[08:44:54] [ERR] Failed to check the state of sock (session id: 3cf0c8f8-3d75-4313-9bc9-38512f4ab284, error: SSLEOFError, message: EOF occurred in violation of protocol (_ssl.c:2427))
[08:46:15] [ERR] Failed to check the state of sock (session id: 6c0ee8ec-4d4c-4013-9393-b13c132b90a2, error: SSLEOFError, message: EOF occurred in violation of protocol (_ssl.c:2427))
[08:46:25] [ERR] Failed to check the state of sock (session id: 6c0ee8ec-4d4c-4013-9393-b13c132b90a2, error: SSLEOFError, message: EOF occurred in violation of protocol (_ssl.c:2427))
[08:46:35] [ERR] Failed to check the state of sock (session id: 6c0ee8ec-4d4c-4013-9393-b13c132b90a2, error: SSLEOFError, message: EOF occurred in violation of protocol (_ssl.c:2427))
[08:46:45] [ERR] Failed to check the state of sock (session id: 6c0ee8ec-4d4c-4013-9393-b13c132b90a2, error: SSLEOFError, message: EOF occurred in violation of protocol (_ssl.c:2427))
[08:46:55] [ERR] Failed to check the state of sock (session id: 6c0ee8ec-4d4c-4013-9393-b13c132b90a2, error: SSLEOFError, message: EOF occurred in violation of protocol (_ssl.c:2427))
[08:48:26] [ERR] Failed to check the state of sock (session id: 4f5d5751-83ba-43e8-ad2d-f5a6b53fa6cb, error: SSLEOFError, message: EOF occurred in violation of protocol (_ssl.c:2427))
[08:48:36] [ERR] Failed to check the state of sock (session id: 4f5d5751-83ba-43e8-ad2d-f5a6b53fa6cb, error: SSLEOFError, message: EOF occurred in violation of protocol (_ssl.c:2427))
[08:48:46] [ERR] Failed to check the state of sock (session id: 4f5d5751-83ba-43e8-ad2d-f5a6b53fa6cb, error: SSLEOFError, message: EOF occurred in violation of protocol (_ssl.c:2427))
[08:48:56] [ERR] Failed to check the state of sock (session id: 4f5d5751-83ba-43e8-ad2d-f5a6b53fa6cb, error: SSLEOFError, message: EOF occurred in violation of protocol (_ssl.c:2427))
[08:49:06] [ERR] Failed to check the state of sock (session id: 4f5d5751-83ba-43e8-ad2d-f5a6b53fa6cb, error: SSLEOFError, message: EOF occurred in violation of protocol (_ssl.c:2427))
[08:49:57] [ERR] Failed to check the state of sock (session id: a8e56bb1-8aca-4d19-adf5-7f72a3f1d010, error: SSLEOFError, message: EOF occurred in violation of protocol (_ssl.c:2427))
[08:50:07] [ERR] Failed to check the state of sock (session id: a8e56bb1-8aca-4d19-adf5-7f72a3f1d010, error: SSLEOFError, message: EOF occurred in violation of protocol (_ssl.c:2427))
[08:50:17] [ERR] Failed to check the state of sock (session id: a8e56bb1-8aca-4d19-adf5-7f72a3f1d010, error: SSLEOFError, message: EOF occurred in violation of protocol (_ssl.c:2427))
[08:50:27] [ERR] Failed to check the state of sock (session id: a8e56bb1-8aca-4d19-adf5-7f72a3f1d010, error: SSLEOFError, message: EOF occurred in violation of protocol (_ssl.c:2427))
[08:50:37] [ERR] Failed to check the state of sock (session id: a8e56bb1-8aca-4d19-adf5-7f72a3f1d010, error: SSLEOFError, message: EOF occurred in violation of protocol (_ssl.c:2427))
[08:51:38] [ERR] Failed to check the state of sock (session id: ae429c8a-1765-46f1-b1bc-9dc8c39c6d89, error: SSLEOFError, message: EOF occurred in violation of protocol (_ssl.c:2427))
[08:51:48] [ERR] Failed to check the state of sock (session id: ae429c8a-1765-46f1-b1bc-9dc8c39c6d89, error: SSLEOFError, message: EOF occurred in violation of protocol (_ssl.c:2427))
[08:51:58] [ERR] Failed to check the state of sock (session id: ae429c8a-1765-46f1-b1bc-9dc8c39c6d89, error: SSLEOFError, message: EOF occurred in violation of protocol (_ssl.c:2427))
[08:52:08] [ERR] Failed to check the state of sock (session id: ae429c8a-1765-46f1-b1bc-9dc8c39c6d89, error: SSLEOFError, message: EOF occurred in violation of protocol (_ssl.c:2427))
[08:52:18] [ERR] Failed to check the state of sock (session id: ae429c8a-1765-46f1-b1bc-9dc8c39c6d89, error: SSLEOFError, message: EOF occurred in violation of protocol (_ssl.c:2427))
[08:53:09] [ERR] Failed to check the state of sock (session id: 5c02c4a3-8b16-4d4e-bb81-313e31b0a602, error: SSLEOFError, message: EOF occurred in violation of protocol (_ssl.c:2427))
[08:53:19] [ERR] Failed to check the state of sock (session id: 5c02c4a3-8b16-4d4e-bb81-313e31b0a602, error: SSLError, message: [SSL: BAD_LENGTH] bad length (_ssl.c:2427))
[08:53:29] [ERR] Failed to check the state of sock (session id: 5c02c4a3-8b16-4d4e-bb81-313e31b0a602, error: SSLEOFError, message: EOF occurred in violation of protocol (_ssl.c:2427))
[08:53:39] [ERR] Failed to check the state of sock (session id: 5c02c4a3-8b16-4d4e-bb81-313e31b0a602, error: SSLError, message: [SSL: BAD_LENGTH] bad length (_ssl.c:2427))
[08:53:49] [ERR] Failed to check the state of sock (session id: 5c02c4a3-8b16-4d4e-bb81-313e31b0a602, error: SSLEOFError, message: EOF occurred in violation of protocol (_ssl.c:2427))
[08:54:40] [ERR] Failed to check the state of sock (session id: e883ad1a-f27d-43e7-b98f-97b7351573dc, error: SSLEOFError, message: EOF occurred in violation of protocol (_ssl.c:2427))
[08:54:50] [ERR] Failed to check the state of sock (session id: e883ad1a-f27d-43e7-b98f-97b7351573dc, error: SSLEOFError, message: EOF occurred in violation of protocol (_ssl.c:2427))
[08:55:00] [ERR] Failed to check the state of sock (session id: e883ad1a-f27d-43e7-b98f-97b7351573dc, error: SSLEOFError, message: EOF occurred in violation of protocol (_ssl.c:2427))
[08:55:10] [ERR] Failed to check the state of sock (session id: e883ad1a-f27d-43e7-b98f-97b7351573dc, error: SSLError, message: [SSL: BAD_LENGTH] bad length (_ssl.c:2427))
[08:55:20] [ERR] Failed to check the state of sock (session id: e883ad1a-f27d-43e7-b98f-97b7351573dc, error: SSLEOFError, message: EOF occurred in violation of protocol (_ssl.c:2427))
[08:56:41] [ERR] Failed to check the state of sock (session id: d34fa4fc-18c6-4fb8-8037-1a474b22a496, error: SSLEOFError, message: EOF occurred in violation of protocol (_ssl.c:2427))
[08:56:51] [ERR] Failed to check the state of sock (session id: d34fa4fc-18c6-4fb8-8037-1a474b22a496, error: SSLEOFError, message: EOF occurred in violation of protocol (_ssl.c:2427))
[08:57:01] [ERR] Failed to check the state of sock (session id: d34fa4fc-18c6-4fb8-8037-1a474b22a496, error: SSLEOFError, message: EOF occurred in violation of protocol (_ssl.c:2427))
[08:57:11] [ERR] Failed to check the state of sock (session id: d34fa4fc-18c6-4fb8-8037-1a474b22a496, error: SSLEOFError, message: EOF occurred in violation of protocol (_ssl.c:2427))
[08:57:21] [ERR] Failed to check the state of sock (session id: d34fa4fc-18c6-4fb8-8037-1a474b22a496, error: SSLEOFError, message: EOF occurred in violation of protocol (_ssl.c:2427))
[08:58:42] [ERR] Failed to check the state of sock (session id: ad3d30c4-a7ac-433e-b7b1-69bff9fc101b, error: SSLEOFError, message: EOF occurred in violation of protocol (_ssl.c:2427))
[08:58:52] [ERR] Failed to check the state of sock (session id: ad3d30c4-a7ac-433e-b7b1-69bff9fc101b, error: SSLEOFError, message: EOF occurred in violation of protocol (_ssl.c:2427))
[08:59:02] [ERR] Failed to check the state of sock (session id: ad3d30c4-a7ac-433e-b7b1-69bff9fc101b, error: SSLEOFError, message: EOF occurred in violation of protocol (_ssl.c:2427))
[08:59:12] [ERR] Failed to check the state of sock (session id: ad3d30c4-a7ac-433e-b7b1-69bff9fc101b, error: SSLEOFError, message: EOF occurred in violation of protocol (_ssl.c:2427))
[08:59:22] [ERR] Failed to check the state of sock (session id: ad3d30c4-a7ac-433e-b7b1-69bff9fc101b, error: SSLEOFError, message: EOF occurred in violation of protocol (_ssl.c:2427))
[09:00:53] [ERR] Failed to check the state of sock (session id: 6ddd0512-6be3-446e-a113-03631456e627, error: SSLEOFError, message: EOF occurred in violation of protocol (_ssl.c:2427))
[09:01:04] [ERR] Failed to check the state of sock (session id: 6ddd0512-6be3-446e-a113-03631456e627, error: SSLEOFError, message: EOF occurred in violation of protocol (_ssl.c:2427))
[09:01:14] [ERR] Failed to check the state of sock (session id: 6ddd0512-6be3-446e-a113-03631456e627, error: SSLEOFError, message: EOF occurred in violation of protocol (_ssl.c:2427))
[09:01:24] [ERR] Failed to check the state of sock (session id: 6ddd0512-6be3-446e-a113-03631456e627, error: SSLEOFError, message: EOF occurred in violation of protocol (_ssl.c:2427))
[09:01:34] [ERR] Failed to check the state of sock (session id: 6ddd0512-6be3-446e-a113-03631456e627, error: SSLEOFError, message: EOF occurred in violation of protocol (_ssl.c:2427))
[09:02:35] [ERR] Failed to check the state of sock (session id: a3ef49b3-2d48-44e3-8732-ebca33e77427, error: SSLEOFError, message: EOF occurred in violation of protocol (_ssl.c:2427))
[09:02:45] [ERR] Failed to check the state of sock (session id: a3ef49b3-2d48-44e3-8732-ebca33e77427, error: SSLEOFError, message: EOF occurred in violation of protocol (_ssl.c:2427))
[09:02:55] [ERR] Failed to check the state of sock (session id: a3ef49b3-2d48-44e3-8732-ebca33e77427, error: SSLEOFError, message: EOF occurred in violation of protocol (_ssl.c:2427))
[09:03:05] [ERR] Failed to check the state of sock (session id: a3ef49b3-2d48-44e3-8732-ebca33e77427, error: SSLError, message: [SSL: BAD_LENGTH] bad length (_ssl.c:2427))
[09:03:15] [ERR] Failed to check the state of sock (session id: a3ef49b3-2d48-44e3-8732-ebca33e77427, error: SSLEOFError, message: EOF occurred in violation of protocol (_ssl.c:2427))
[09:04:36] [ERR] Failed to check the state of sock (session id: 5fbb4490-1b13-4ffc-a572-28f16b70fdb2, error: SSLEOFError, message: EOF occurred in violation of protocol (_ssl.c:2427))
[09:04:46] [ERR] Failed to check the state of sock (session id: 5fbb4490-1b13-4ffc-a572-28f16b70fdb2, error: SSLEOFError, message: EOF occurred in violation of protocol (_ssl.c:2427))
[09:04:56] [ERR] Failed to check the state of sock (session id: 5fbb4490-1b13-4ffc-a572-28f16b70fdb2, error: SSLEOFError, message: EOF occurred in violation of protocol (_ssl.c:2427))
[09:05:06] [ERR] Failed to check the state of sock (session id: 5fbb4490-1b13-4ffc-a572-28f16b70fdb2, error: SSLEOFError, message: EOF occurred in violation of protocol (_ssl.c:2427))
[09:05:16] [ERR] Failed to check the state of sock (session id: 5fbb4490-1b13-4ffc-a572-28f16b70fdb2, error: SSLEOFError, message: EOF occurred in violation of protocol (_ssl.c:2427))
[09:06:17] [ERR] Failed to check the state of sock (session id: 19566ae1-7665-4503-ae66-1fffa7f1e19f, error: SSLEOFError, message: EOF occurred in violation of protocol (_ssl.c:2427))
[09:06:27] [ERR] Failed to check the state of sock (session id: 19566ae1-7665-4503-ae66-1fffa7f1e19f, error: SSLEOFError, message: EOF occurred in violation of protocol (_ssl.c:2427))
[09:06:37] [ERR] Failed to check the state of sock (session id: 19566ae1-7665-4503-ae66-1fffa7f1e19f, error: SSLEOFError, message: EOF occurred in violation of protocol (_ssl.c:2427))
[09:06:47] [ERR] Failed to check the state of sock (session id: 19566ae1-7665-4503-ae66-1fffa7f1e19f, error: SSLEOFError, message: EOF occurred in violation of protocol (_ssl.c:2427))
[09:06:57] [ERR] Failed to check the state of sock (session id: 19566ae1-7665-4503-ae66-1fffa7f1e19f, error: SSLEOFError, message: EOF occurred in violation of protocol (_ssl.c:2427))
[09:08:08] [ERR] Failed to check the state of sock (session id: 0515e75c-1164-4bea-a633-8cd0c9b40d10, error: SSLEOFError, message: EOF occurred in violation of protocol (_ssl.c:2427))
[09:08:18] [ERR] Failed to check the state of sock (session id: 0515e75c-1164-4bea-a633-8cd0c9b40d10, error: SSLError, message: [SSL: BAD_LENGTH] bad length (_ssl.c:2427))
[09:08:28] [ERR] Failed to check the state of sock (session id: 0515e75c-1164-4bea-a633-8cd0c9b40d10, error: SSLEOFError, message: EOF occurred in violation of protocol (_ssl.c:2427))
[09:08:38] [ERR] Failed to check the state of sock (session id: 0515e75c-1164-4bea-a633-8cd0c9b40d10, error: SSLEOFError, message: EOF occurred in violation of protocol (_ssl.c:2427))
[09:08:48] [ERR] Failed to check the state of sock (session id: 0515e75c-1164-4bea-a633-8cd0c9b40d10, error: SSLEOFError, message: EOF occurred in violation of protocol (_ssl.c:2427))
[09:09:39] [ERR] Failed to check the state of sock (session id: 528510fe-e0d6-4652-ad4d-2392c4471f1e, error: SSLEOFError, message: EOF occurred in violation of protocol (_ssl.c:2427))
[09:09:49] [ERR] Failed to check the state of sock (session id: 528510fe-e0d6-4652-ad4d-2392c4471f1e, error: SSLEOFError, message: EOF occurred in violation of protocol (_ssl.c:2427))
[09:09:59] [ERR] Failed to check the state of sock (session id: 528510fe-e0d6-4652-ad4d-2392c4471f1e, error: SSLEOFError, message: EOF occurred in violation of protocol (_ssl.c:2427))
[09:10:09] [ERR] Failed to check the state of sock (session id: 528510fe-e0d6-4652-ad4d-2392c4471f1e, error: SSLEOFError, message: EOF occurred in violation of protocol (_ssl.c:2427))
[09:10:19] [ERR] Failed to check the state of sock (session id: 528510fe-e0d6-4652-ad4d-2392c4471f1e, error: SSLError, message: [SSL: BAD_LENGTH] bad length (_ssl.c:2427))
[09:11:40] [ERR] Failed to check the state of sock (session id: 2963cb6c-993f-432c-bbc8-05ee884ab12d, error: SSLEOFError, message: EOF occurred in violation of protocol (_ssl.c:2427))
[09:11:50] [ERR] Failed to check the state of sock (session id: 2963cb6c-993f-432c-bbc8-05ee884ab12d, error: SSLEOFError, message: EOF occurred in violation of protocol (_ssl.c:2427))
[09:12:00] [ERR] Failed to check the state of sock (session id: 2963cb6c-993f-432c-bbc8-05ee884ab12d, error: SSLEOFError, message: EOF occurred in violation of protocol (_ssl.c:2427))
[09:12:10] [ERR] Failed to check the state of sock (session id: 2963cb6c-993f-432c-bbc8-05ee884ab12d, error: SSLError, message: [SSL: BAD_LENGTH] bad length (_ssl.c:2427))
[09:12:20] [ERR] Failed to check the state of sock (session id: 2963cb6c-993f-432c-bbc8-05ee884ab12d, error: SSLEOFError, message: EOF occurred in violation of protocol (_ssl.c:2427))
[09:13:51] [ERR] Failed to check the state of sock (session id: deb49788-f432-447d-81be-63b8de92b5c3, error: SSLEOFError, message: EOF occurred in violation of protocol (_ssl.c:2427))
[09:14:01] [ERR] Failed to check the state of sock (session id: deb49788-f432-447d-81be-63b8de92b5c3, error: SSLEOFError, message: EOF occurred in violation of protocol (_ssl.c:2427))
[09:14:11] [ERR] Failed to check the state of sock (session id: deb49788-f432-447d-81be-63b8de92b5c3, error: SSLEOFError, message: EOF occurred in violation of protocol (_ssl.c:2427))
[09:14:21] [ERR] Failed to check the state of sock (session id: deb49788-f432-447d-81be-63b8de92b5c3, error: SSLError, message: [SSL: BAD_LENGTH] bad length (_ssl.c:2427))
[09:14:31] [ERR] Failed to check the state of sock (session id: deb49788-f432-447d-81be-63b8de92b5c3, error: SSLEOFError, message: EOF occurred in violation of protocol (_ssl.c:2427))
[09:15:32] [ERR] Failed to check the state of sock (session id: e6141366-414a-4e69-b4b0-8f6abe1fb134, error: SSLEOFError, message: EOF occurred in violation of protocol (_ssl.c:2427))
[09:15:42] [ERR] Failed to check the state of sock (session id: e6141366-414a-4e69-b4b0-8f6abe1fb134, error: SSLEOFError, message: EOF occurred in violation of protocol (_ssl.c:2427))
[09:15:52] [ERR] Failed to check the state of sock (session id: e6141366-414a-4e69-b4b0-8f6abe1fb134, error: SSLError, message: [SSL: BAD_LENGTH] bad length (_ssl.c:2427))
[09:16:02] [ERR] Failed to check the state of sock (session id: e6141366-414a-4e69-b4b0-8f6abe1fb134, error: SSLEOFError, message: EOF occurred in violation of protocol (_ssl.c:2427))
[09:16:12] [ERR] Failed to check the state of sock (session id: e6141366-414a-4e69-b4b0-8f6abe1fb134, error: SSLError, message: [SSL: BAD_LENGTH] bad length (_ssl.c:2427))
[09:17:13] [ERR] Failed to check the state of sock (session id: de18baf4-462e-4840-bf8c-aae4b3f08215, error: SSLEOFError, message: EOF occurred in violation of protocol (_ssl.c:2427))
[09:17:23] [ERR] Failed to check the state of sock (session id: de18baf4-462e-4840-bf8c-aae4b3f08215, error: SSLEOFError, message: EOF occurred in violation of protocol (_ssl.c:2427))
[09:17:33] [ERR] Failed to check the state of sock (session id: de18baf4-462e-4840-bf8c-aae4b3f08215, error: SSLError, message: [SSL: BAD_LENGTH] bad length (_ssl.c:2427))
[09:17:43] [ERR] Failed to check the state of sock (session id: de18baf4-462e-4840-bf8c-aae4b3f08215, error: SSLEOFError, message: EOF occurred in violation of protocol (_ssl.c:2427))
[09:17:53] [ERR] Failed to check the state of sock (session id: de18baf4-462e-4840-bf8c-aae4b3f08215, error: SSLEOFError, message: EOF occurred in violation of protocol (_ssl.c:2427))
[09:18:54] [ERR] Failed to check the state of sock (session id: 8988a9b0-e2d9-4356-a835-209fecbbc060, error: SSLEOFError, message: EOF occurred in violation of protocol (_ssl.c:2427))
[09:19:04] [ERR] Failed to check the state of sock (session id: 8988a9b0-e2d9-4356-a835-209fecbbc060, error: SSLEOFError, message: EOF occurred in violation of protocol (_ssl.c:2427))
[09:19:14] [ERR] Failed to check the state of sock (session id: 8988a9b0-e2d9-4356-a835-209fecbbc060, error: SSLEOFError, message: EOF occurred in violation of protocol (_ssl.c:2427))
[09:19:24] [ERR] Failed to check the state of sock (session id: 8988a9b0-e2d9-4356-a835-209fecbbc060, error: SSLError, message: [SSL: BAD_LENGTH] bad length (_ssl.c:2427))
[09:19:34] [ERR] Failed to check the state of sock (session id: 8988a9b0-e2d9-4356-a835-209fecbbc060, error: SSLEOFError, message: EOF occurred in violation of protocol (_ssl.c:2427))
[09:20:25] [ERR] Failed to check the state of sock (session id: 4cfc9c27-4289-4c71-a419-74175106c039, error: SSLEOFError, message: EOF occurred in violation of protocol (_ssl.c:2427))
[09:20:35] [ERR] Failed to check the state of sock (session id: 4cfc9c27-4289-4c71-a419-74175106c039, error: SSLEOFError, message: EOF occurred in violation of protocol (_ssl.c:2427))
[09:20:45] [ERR] Failed to check the state of sock (session id: 4cfc9c27-4289-4c71-a419-74175106c039, error: SSLEOFError, message: EOF occurred in violation of protocol (_ssl.c:2427))
[09:20:55] [ERR] Failed to check the state of sock (session id: 4cfc9c27-4289-4c71-a419-74175106c039, error: SSLEOFError, message: EOF occurred in violation of protocol (_ssl.c:2427))
[09:21:05] [ERR] Failed to check the state of sock (session id: 4cfc9c27-4289-4c71-a419-74175106c039, error: SSLEOFError, message: EOF occurred in violation of protocol (_ssl.c:2427))
[09:21:56] [ERR] Failed to check the state of sock (session id: a150906a-5d2d-4a61-8c5d-70ea375d2eab, error: SSLEOFError, message: EOF occurred in violation of protocol (_ssl.c:2427))
[09:22:06] [ERR] Failed to check the state of sock (session id: a150906a-5d2d-4a61-8c5d-70ea375d2eab, error: SSLEOFError, message: EOF occurred in violation of protocol (_ssl.c:2427))
[09:22:16] [ERR] Failed to check the state of sock (session id: a150906a-5d2d-4a61-8c5d-70ea375d2eab, error: SSLEOFError, message: EOF occurred in violation of protocol (_ssl.c:2427))
[09:22:26] [ERR] Failed to check the state of sock (session id: a150906a-5d2d-4a61-8c5d-70ea375d2eab, error: SSLEOFError, message: EOF occurred in violation of protocol (_ssl.c:2427))
[09:22:36] [ERR] Failed to check the state of sock (session id: a150906a-5d2d-4a61-8c5d-70ea375d2eab, error: SSLEOFError, message: EOF occurred in violation of protocol (_ssl.c:2427))
[09:23:57] [ERR] Failed to check the state of sock (session id: 707aef35-836a-4aa0-ba1e-3b1ad93fdd36, error: SSLEOFError, message: EOF occurred in violation of protocol (_ssl.c:2427))
[09:24:07] [ERR] Failed to check the state of sock (session id: 707aef35-836a-4aa0-ba1e-3b1ad93fdd36, error: SSLEOFError, message: EOF occurred in violation of protocol (_ssl.c:2427))
[09:24:17] [ERR] Failed to check the state of sock (session id: 707aef35-836a-4aa0-ba1e-3b1ad93fdd36, error: SSLEOFError, message: EOF occurred in violation of protocol (_ssl.c:2427))
[09:24:27] [ERR] Failed to check the state of sock (session id: 707aef35-836a-4aa0-ba1e-3b1ad93fdd36, error: SSLError, message: [SSL: BAD_LENGTH] bad length (_ssl.c:2427))
[09:24:37] [ERR] Failed to check the state of sock (session id: 707aef35-836a-4aa0-ba1e-3b1ad93fdd36, error: SSLEOFError, message: EOF occurred in violation of protocol (_ssl.c:2427))
[09:26:08] [ERR] Failed to check the state of sock (session id: 2ab36b7b-eb37-45b0-a38d-f0600b1d75bf, error: SSLEOFError, message: EOF occurred in violation of protocol (_ssl.c:2427))
[09:26:18] [ERR] Failed to check the state of sock (session id: 2ab36b7b-eb37-45b0-a38d-f0600b1d75bf, error: SSLEOFError, message: EOF occurred in violation of protocol (_ssl.c:2427))
[09:26:28] [ERR] Failed to check the state of sock (session id: 2ab36b7b-eb37-45b0-a38d-f0600b1d75bf, error: SSLEOFError, message: EOF occurred in violation of protocol (_ssl.c:2427))
[09:26:38] [ERR] Failed to check the state of sock (session id: 2ab36b7b-eb37-45b0-a38d-f0600b1d75bf, error: SSLEOFError, message: EOF occurred in violation of protocol (_ssl.c:2427))
[09:26:48] [ERR] Failed to check the state of sock (session id: 2ab36b7b-eb37-45b0-a38d-f0600b1d75bf, error: SSLEOFError, message: EOF occurred in violation of protocol (_ssl.c:2427))
[09:27:49] [ERR] Failed to check the state of sock (session id: c1502825-cbda-40eb-aade-d704d7d93129, error: SSLEOFError, message: EOF occurred in violation of protocol (_ssl.c:2427))
[09:27:59] [ERR] Failed to check the state of sock (session id: c1502825-cbda-40eb-aade-d704d7d93129, error: SSLEOFError, message: EOF occurred in violation of protocol (_ssl.c:2427))
[09:28:09] [ERR] Failed to check the state of sock (session id: c1502825-cbda-40eb-aade-d704d7d93129, error: SSLEOFError, message: EOF occurred in violation of protocol (_ssl.c:2427))
[09:28:19] [ERR] Failed to check the state of sock (session id: c1502825-cbda-40eb-aade-d704d7d93129, error: SSLError, message: [SSL: BAD_LENGTH] bad length (_ssl.c:2427))
[09:28:29] [ERR] Failed to check the state of sock (session id: c1502825-cbda-40eb-aade-d704d7d93129, error: SSLEOFError, message: EOF occurred in violation of protocol (_ssl.c:2427))
[09:29:40] [ERR] Failed to check the state of sock (session id: 87948af2-7e96-4dde-80ab-4437a7acf614, error: SSLEOFError, message: EOF occurred in violation of protocol (_ssl.c:2427))
[09:29:50] [ERR] Failed to check the state of sock (session id: 87948af2-7e96-4dde-80ab-4437a7acf614, error: SSLEOFError, message: EOF occurred in violation of protocol (_ssl.c:2427))
[09:30:00] [ERR] Failed to check the state of sock (session id: 87948af2-7e96-4dde-80ab-4437a7acf614, error: SSLEOFError, message: EOF occurred in violation of protocol (_ssl.c:2427))
[09:30:10] [ERR] Failed to check the state of sock (session id: 87948af2-7e96-4dde-80ab-4437a7acf614, error: SSLEOFError, message: EOF occurred in violation of protocol (_ssl.c:2427))
[09:30:20] [ERR] Failed to check the state of sock (session id: 87948af2-7e96-4dde-80ab-4437a7acf614, error: SSLEOFError, message: EOF occurred in violation of protocol (_ssl.c:2427))
[09:31:31] [ERR] Failed to check the state of sock (session id: b332bafe-ca44-4a61-afa0-7943014a912d, error: SSLEOFError, message: EOF occurred in violation of protocol (_ssl.c:2427))
[09:31:41] [ERR] Failed to check the state of sock (session id: b332bafe-ca44-4a61-afa0-7943014a912d, error: SSLEOFError, message: EOF occurred in violation of protocol (_ssl.c:2427))
[09:31:51] [ERR] Failed to check the state of sock (session id: b332bafe-ca44-4a61-afa0-7943014a912d, error: SSLError, message: [SSL: BAD_LENGTH] bad length (_ssl.c:2427))
[09:32:01] [ERR] Failed to check the state of sock (session id: b332bafe-ca44-4a61-afa0-7943014a912d, error: SSLEOFError, message: EOF occurred in violation of protocol (_ssl.c:2427))
[09:32:11] [ERR] Failed to check the state of sock (session id: b332bafe-ca44-4a61-afa0-7943014a912d, error: SSLEOFError, message: EOF occurred in violation of protocol (_ssl.c:2427))
[09:33:42] [ERR] Failed to check the state of sock (session id: de31c4a0-e2a8-4f19-bfc1-e0af45e7b67f, error: SSLEOFError, message: EOF occurred in violation of protocol (_ssl.c:2427))
[09:33:52] [ERR] Failed to check the state of sock (session id: de31c4a0-e2a8-4f19-bfc1-e0af45e7b67f, error: SSLError, message: [SSL: BAD_LENGTH] bad length (_ssl.c:2427))
[09:34:02] [ERR] Failed to check the state of sock (session id: de31c4a0-e2a8-4f19-bfc1-e0af45e7b67f, error: SSLEOFError, message: EOF occurred in violation of protocol (_ssl.c:2427))
[09:34:12] [ERR] Failed to check the state of sock (session id: de31c4a0-e2a8-4f19-bfc1-e0af45e7b67f, error: SSLEOFError, message: EOF occurred in violation of protocol (_ssl.c:2427))
[09:34:22] [ERR] Failed to check the state of sock (session id: de31c4a0-e2a8-4f19-bfc1-e0af45e7b67f, error: SSLEOFError, message: EOF occurred in violation of protocol (_ssl.c:2427))
[09:35:23] [ERR] Failed to check the state of sock (session id: c35c70e9-5817-48cf-be16-dec9a4a37f4b, error: SSLEOFError, message: EOF occurred in violation of protocol (_ssl.c:2427))
[09:35:33] [ERR] Failed to check the state of sock (session id: c35c70e9-5817-48cf-be16-dec9a4a37f4b, error: SSLEOFError, message: EOF occurred in violation of protocol (_ssl.c:2427))
[09:35:43] [ERR] Failed to check the state of sock (session id: c35c70e9-5817-48cf-be16-dec9a4a37f4b, error: SSLEOFError, message: EOF occurred in violation of protocol (_ssl.c:2427))
[09:35:53] [ERR] Failed to check the state of sock (session id: c35c70e9-5817-48cf-be16-dec9a4a37f4b, error: SSLEOFError, message: EOF occurred in violation of protocol (_ssl.c:2427))
[09:36:03] [ERR] Failed to check the state of sock (session id: c35c70e9-5817-48cf-be16-dec9a4a37f4b, error: SSLEOFError, message: EOF occurred in violation of protocol (_ssl.c:2427))
[09:37:24] [ERR] Failed to check the state of sock (session id: 66400cfa-e8c4-4ace-b0c9-31007bcc7adc, error: SSLEOFError, message: EOF occurred in violation of protocol (_ssl.c:2427))
[09:37:34] [ERR] Failed to check the state of sock (session id: 66400cfa-e8c4-4ace-b0c9-31007bcc7adc, error: SSLEOFError, message: EOF occurred in violation of protocol (_ssl.c:2427))
[09:37:44] [ERR] Failed to check the state of sock (session id: 66400cfa-e8c4-4ace-b0c9-31007bcc7adc, error: SSLError, message: [SSL: BAD_LENGTH] bad length (_ssl.c:2427))
[09:37:54] [ERR] Failed to check the state of sock (session id: 66400cfa-e8c4-4ace-b0c9-31007bcc7adc, error: SSLEOFError, message: EOF occurred in violation of protocol (_ssl.c:2427))
[09:38:04] [ERR] Failed to check the state of sock (session id: 66400cfa-e8c4-4ace-b0c9-31007bcc7adc, error: SSLEOFError, message: EOF occurred in violation of protocol (_ssl.c:2427))
[09:39:26] [ERR] Failed to check the state of sock (session id: 6835e2c0-573e-417d-b473-d00e3c514196, error: SSLEOFError, message: EOF occurred in violation of protocol (_ssl.c:2427))
[09:39:36] [ERR] Failed to check the state of sock (session id: 6835e2c0-573e-417d-b473-d00e3c514196, error: SSLEOFError, message: EOF occurred in violation of protocol (_ssl.c:2427))
[09:39:46] [ERR] Failed to check the state of sock (session id: 6835e2c0-573e-417d-b473-d00e3c514196, error: SSLEOFError, message: EOF occurred in violation of protocol (_ssl.c:2427))
[09:39:56] [ERR] Failed to check the state of sock (session id: 6835e2c0-573e-417d-b473-d00e3c514196, error: SSLEOFError, message: EOF occurred in violation of protocol (_ssl.c:2427))
[09:40:06] [ERR] Failed to check the state of sock (session id: 6835e2c0-573e-417d-b473-d00e3c514196, error: SSLError, message: [SSL: BAD_LENGTH] bad length (_ssl.c:2427))
[09:41:07] [ERR] Failed to check the state of sock (session id: 2aeae74b-9794-44c7-9d78-83c1f8fca84c, error: SSLEOFError, message: EOF occurred in violation of protocol (_ssl.c:2427))
[09:41:17] [ERR] Failed to check the state of sock (session id: 2aeae74b-9794-44c7-9d78-83c1f8fca84c, error: SSLEOFError, message: EOF occurred in violation of protocol (_ssl.c:2427))
[09:41:27] [ERR] Failed to check the state of sock (session id: 2aeae74b-9794-44c7-9d78-83c1f8fca84c, error: SSLEOFError, message: EOF occurred in violation of protocol (_ssl.c:2427))
[09:41:37] [ERR] Failed to check the state of sock (session id: 2aeae74b-9794-44c7-9d78-83c1f8fca84c, error: SSLEOFError, message: EOF occurred in violation of protocol (_ssl.c:2427))
[09:41:47] [ERR] Failed to check the state of sock (session id: 2aeae74b-9794-44c7-9d78-83c1f8fca84c, error: SSLEOFError, message: EOF occurred in violation of protocol (_ssl.c:2427))
[09:42:48] [ERR] Failed to check the state of sock (session id: 36654609-11ec-4a28-a782-8fba6a5fcf06, error: SSLEOFError, message: EOF occurred in violation of protocol (_ssl.c:2427))
[09:42:58] [ERR] Failed to check the state of sock (session id: 36654609-11ec-4a28-a782-8fba6a5fcf06, error: SSLEOFError, message: EOF occurred in violation of protocol (_ssl.c:2427))
[09:43:08] [ERR] Failed to check the state of sock (session id: 36654609-11ec-4a28-a782-8fba6a5fcf06, error: SSLEOFError, message: EOF occurred in violation of protocol (_ssl.c:2427))
[09:43:18] [ERR] Failed to check the state of sock (session id: 36654609-11ec-4a28-a782-8fba6a5fcf06, error: SSLEOFError, message: EOF occurred in violation of protocol (_ssl.c:2427))
[09:43:28] [ERR] Failed to check the state of sock (session id: 36654609-11ec-4a28-a782-8fba6a5fcf06, error: SSLEOFError, message: EOF occurred in violation of protocol (_ssl.c:2427))
[09:44:29] [ERR] Failed to check the state of sock (session id: 6b8ea1c7-2b1e-42e8-a3c4-be9aee40ec81, error: SSLEOFError, message: EOF occurred in violation of protocol (_ssl.c:2427))
[09:44:39] [ERR] Failed to check the state of sock (session id: 6b8ea1c7-2b1e-42e8-a3c4-be9aee40ec81, error: SSLEOFError, message: EOF occurred in violation of protocol (_ssl.c:2427))
[09:44:49] [ERR] Failed to check the state of sock (session id: 6b8ea1c7-2b1e-42e8-a3c4-be9aee40ec81, error: SSLEOFError, message: EOF occurred in violation of protocol (_ssl.c:2427))
[09:44:59] [ERR] Failed to check the state of sock (session id: 6b8ea1c7-2b1e-42e8-a3c4-be9aee40ec81, error: SSLError, message: [SSL: BAD_LENGTH] bad length (_ssl.c:2427))
[09:45:09] [ERR] Failed to check the state of sock (session id: 6b8ea1c7-2b1e-42e8-a3c4-be9aee40ec81, error: SSLEOFError, message: EOF occurred in violation of protocol (_ssl.c:2427))
[09:46:10] [ERR] Failed to check the state of sock (session id: 93788c4f-c421-4a4a-8cef-d35474383dc4, error: SSLEOFError, message: EOF occurred in violation of protocol (_ssl.c:2427))
[09:46:20] [ERR] Failed to check the state of sock (session id: 93788c4f-c421-4a4a-8cef-d35474383dc4, error: SSLEOFError, message: EOF occurred in violation of protocol (_ssl.c:2427))
[09:46:30] [ERR] Failed to check the state of sock (session id: 93788c4f-c421-4a4a-8cef-d35474383dc4, error: SSLEOFError, message: EOF occurred in violation of protocol (_ssl.c:2427))
[09:46:40] [ERR] Failed to check the state of sock (session id: 93788c4f-c421-4a4a-8cef-d35474383dc4, error: SSLEOFError, message: EOF occurred in violation of protocol (_ssl.c:2427))
[09:46:50] [ERR] Failed to check the state of sock (session id: 93788c4f-c421-4a4a-8cef-d35474383dc4, error: SSLEOFError, message: EOF occurred in violation of protocol (_ssl.c:2427))
[09:47:51] [ERR] Failed to check the state of sock (session id: abbfa542-9540-4cd0-bd44-bfaed4773576, error: SSLEOFError, message: EOF occurred in violation of protocol (_ssl.c:2427))
[09:48:01] [ERR] Failed to check the state of sock (session id: abbfa542-9540-4cd0-bd44-bfaed4773576, error: SSLEOFError, message: EOF occurred in violation of protocol (_ssl.c:2427))
[09:48:11] [ERR] Failed to check the state of sock (session id: abbfa542-9540-4cd0-bd44-bfaed4773576, error: SSLEOFError, message: EOF occurred in violation of protocol (_ssl.c:2427))
[09:48:21] [ERR] Failed to check the state of sock (session id: abbfa542-9540-4cd0-bd44-bfaed4773576, error: SSLEOFError, message: EOF occurred in violation of protocol (_ssl.c:2427))
[09:48:31] [ERR] Failed to check the state of sock (session id: abbfa542-9540-4cd0-bd44-bfaed4773576, error: SSLEOFError, message: EOF occurred in violation of protocol (_ssl.c:2427))
[09:49:32] [ERR] Failed to check the state of sock (session id: e4ed99cd-c577-418f-aee9-cf54e16ef4b6, error: SSLEOFError, message: EOF occurred in violation of protocol (_ssl.c:2427))
[09:49:42] [ERR] Failed to check the state of sock (session id: e4ed99cd-c577-418f-aee9-cf54e16ef4b6, error: SSLEOFError, message: EOF occurred in violation of protocol (_ssl.c:2427))
[09:49:52] [ERR] Failed to check the state of sock (session id: e4ed99cd-c577-418f-aee9-cf54e16ef4b6, error: SSLEOFError, message: EOF occurred in violation of protocol (_ssl.c:2427))
[09:50:02] [ERR] Failed to check the state of sock (session id: e4ed99cd-c577-418f-aee9-cf54e16ef4b6, error: SSLEOFError, message: EOF occurred in violation of protocol (_ssl.c:2427))
[09:50:12] [ERR] Failed to check the state of sock (session id: e4ed99cd-c577-418f-aee9-cf54e16ef4b6, error: SSLEOFError, message: EOF occurred in violation of protocol (_ssl.c:2427))
[09:51:13] [ERR] Failed to check the state of sock (session id: 92e98e5b-9c15-4717-8a6c-49e96772c71e, error: SSLEOFError, message: EOF occurred in violation of protocol (_ssl.c:2427))
[09:51:23] [ERR] Failed to check the state of sock (session id: 92e98e5b-9c15-4717-8a6c-49e96772c71e, error: SSLError, message: [SSL: BAD_LENGTH] bad length (_ssl.c:2427))
[09:51:33] [ERR] Failed to check the state of sock (session id: 92e98e5b-9c15-4717-8a6c-49e96772c71e, error: SSLEOFError, message: EOF occurred in violation of protocol (_ssl.c:2427))
[09:51:43] [ERR] Failed to check the state of sock (session id: 92e98e5b-9c15-4717-8a6c-49e96772c71e, error: SSLError, message: [SSL: BAD_LENGTH] bad length (_ssl.c:2427))
[09:51:53] [ERR] Failed to check the state of sock (session id: 92e98e5b-9c15-4717-8a6c-49e96772c71e, error: SSLError, message: [SSL: BAD_LENGTH] bad length (_ssl.c:2427))
[09:53:14] [ERR] Failed to check the state of sock (session id: 7a71de9a-ff37-40c9-bf7c-21fa70a9b4e9, error: SSLEOFError, message: EOF occurred in violation of protocol (_ssl.c:2427))
[09:53:24] [ERR] Failed to check the state of sock (session id: 7a71de9a-ff37-40c9-bf7c-21fa70a9b4e9, error: SSLEOFError, message: EOF occurred in violation of protocol (_ssl.c:2427))
[09:53:34] [ERR] Failed to check the state of sock (session id: 7a71de9a-ff37-40c9-bf7c-21fa70a9b4e9, error: SSLEOFError, message: EOF occurred in violation of protocol (_ssl.c:2427))
[09:53:44] [ERR] Failed to check the state of sock (session id: 7a71de9a-ff37-40c9-bf7c-21fa70a9b4e9, error: SSLEOFError, message: EOF occurred in violation of protocol (_ssl.c:2427))
[09:53:54] [ERR] Failed to check the state of sock (session id: 7a71de9a-ff37-40c9-bf7c-21fa70a9b4e9, error: SSLEOFError, message: EOF occurred in violation of protocol (_ssl.c:2427))
[09:54:55] [ERR] Failed to check the state of sock (session id: ff969733-3c05-4dba-b93c-219ee5977997, error: SSLEOFError, message: EOF occurred in violation of protocol (_ssl.c:2427))
[09:55:05] [ERR] Failed to check the state of sock (session id: ff969733-3c05-4dba-b93c-219ee5977997, error: SSLEOFError, message: EOF occurred in violation of protocol (_ssl.c:2427))
[09:55:15] [ERR] Failed to check the state of sock (session id: ff969733-3c05-4dba-b93c-219ee5977997, error: SSLEOFError, message: EOF occurred in violation of protocol (_ssl.c:2427))
[09:55:25] [ERR] Failed to check the state of sock (session id: ff969733-3c05-4dba-b93c-219ee5977997, error: SSLError, message: [SSL: BAD_LENGTH] bad length (_ssl.c:2427))
[09:55:35] [ERR] Failed to check the state of sock (session id: ff969733-3c05-4dba-b93c-219ee5977997, error: SSLEOFError, message: EOF occurred in violation of protocol (_ssl.c:2427))
[09:56:36] [ERR] Failed to check the state of sock (session id: f922b0a4-584d-491d-a95d-a09804daed8e, error: SSLEOFError, message: EOF occurred in violation of protocol (_ssl.c:2427))
[09:56:46] [ERR] Failed to check the state of sock (session id: f922b0a4-584d-491d-a95d-a09804daed8e, error: SSLEOFError, message: EOF occurred in violation of protocol (_ssl.c:2427))
[09:56:56] [ERR] Failed to check the state of sock (session id: f922b0a4-584d-491d-a95d-a09804daed8e, error: SSLEOFError, message: EOF occurred in violation of protocol (_ssl.c:2427))
[09:57:06] [ERR] Failed to check the state of sock (session id: f922b0a4-584d-491d-a95d-a09804daed8e, error: SSLEOFError, message: EOF occurred in violation of protocol (_ssl.c:2427))
[09:57:16] [ERR] Failed to check the state of sock (session id: f922b0a4-584d-491d-a95d-a09804daed8e, error: SSLEOFError, message: EOF occurred in violation of protocol (_ssl.c:2427))
[09:58:17] [ERR] Failed to check the state of sock (session id: ab07a872-d60c-48b5-9c97-e11e91f80f6f, error: SSLEOFError, message: EOF occurred in violation of protocol (_ssl.c:2427))
[09:58:27] [ERR] Failed to check the state of sock (session id: ab07a872-d60c-48b5-9c97-e11e91f80f6f, error: SSLEOFError, message: EOF occurred in violation of protocol (_ssl.c:2427))
[09:58:37] [ERR] Failed to check the state of sock (session id: ab07a872-d60c-48b5-9c97-e11e91f80f6f, error: SSLEOFError, message: EOF occurred in violation of protocol (_ssl.c:2427))
[09:58:47] [ERR] Failed to check the state of sock (session id: ab07a872-d60c-48b5-9c97-e11e91f80f6f, error: SSLEOFError, message: EOF occurred in violation of protocol (_ssl.c:2427))
[09:58:57] [ERR] Failed to check the state of sock (session id: ab07a872-d60c-48b5-9c97-e11e91f80f6f, error: SSLEOFError, message: EOF occurred in violation of protocol (_ssl.c:2427))
[10:00:18] [ERR] Failed to check the state of sock (session id: 0b3149d2-d2d7-42e8-9084-4d5bddec4e2d, error: SSLEOFError, message: EOF occurred in violation of protocol (_ssl.c:2427))
[10:00:28] [ERR] Failed to check the state of sock (session id: 0b3149d2-d2d7-42e8-9084-4d5bddec4e2d, error: SSLEOFError, message: EOF occurred in violation of protocol (_ssl.c:2427))
[10:00:38] [ERR] Failed to check the state of sock (session id: 0b3149d2-d2d7-42e8-9084-4d5bddec4e2d, error: SSLError, message: [SSL: BAD_LENGTH] bad length (_ssl.c:2427))
[10:00:48] [ERR] Failed to check the state of sock (session id: 0b3149d2-d2d7-42e8-9084-4d5bddec4e2d, error: SSLError, message: [SSL: BAD_LENGTH] bad length (_ssl.c:2427))
[10:00:58] [ERR] Failed to check the state of sock (session id: 0b3149d2-d2d7-42e8-9084-4d5bddec4e2d, error: SSLEOFError, message: EOF occurred in violation of protocol (_ssl.c:2427))
[10:01:59] [ERR] Failed to check the state of sock (session id: fa960ea7-14c2-476c-af41-194091fd14e9, error: SSLEOFError, message: EOF occurred in violation of protocol (_ssl.c:2427))
[10:02:09] [ERR] Failed to check the state of sock (session id: fa960ea7-14c2-476c-af41-194091fd14e9, error: SSLEOFError, message: EOF occurred in violation of protocol (_ssl.c:2427))
[10:02:19] [ERR] Failed to check the state of sock (session id: fa960ea7-14c2-476c-af41-194091fd14e9, error: SSLEOFError, message: EOF occurred in violation of protocol (_ssl.c:2427))
[10:02:29] [ERR] Failed to check the state of sock (session id: fa960ea7-14c2-476c-af41-194091fd14e9, error: SSLEOFError, message: EOF occurred in violation of protocol (_ssl.c:2427))
[10:02:39] [ERR] Failed to check the state of sock (session id: fa960ea7-14c2-476c-af41-194091fd14e9, error: SSLEOFError, message: EOF occurred in violation of protocol (_ssl.c:2427))
[10:03:40] [ERR] Failed to check the state of sock (session id: 5db6e9b1-af01-4309-b9f5-39ea49dec79d, error: SSLEOFError, message: EOF occurred in violation of protocol (_ssl.c:2427))
[10:03:50] [ERR] Failed to check the state of sock (session id: 5db6e9b1-af01-4309-b9f5-39ea49dec79d, error: SSLEOFError, message: EOF occurred in violation of protocol (_ssl.c:2427))
[10:04:00] [ERR] Failed to check the state of sock (session id: 5db6e9b1-af01-4309-b9f5-39ea49dec79d, error: SSLError, message: [SSL: BAD_LENGTH] bad length (_ssl.c:2427))
[10:04:10] [ERR] Failed to check the state of sock (session id: 5db6e9b1-af01-4309-b9f5-39ea49dec79d, error: SSLError, message: [SSL: BAD_LENGTH] bad length (_ssl.c:2427))
[10:04:20] [ERR] Failed to check the state of sock (session id: 5db6e9b1-af01-4309-b9f5-39ea49dec79d, error: SSLEOFError, message: EOF occurred in violation of protocol (_ssl.c:2427))
[10:05:41] [ERR] Failed to check the state of sock (session id: fb8d0de2-4a82-4518-9d42-fedc9121a508, error: SSLEOFError, message: EOF occurred in violation of protocol (_ssl.c:2427))
[10:05:51] [ERR] Failed to check the state of sock (session id: fb8d0de2-4a82-4518-9d42-fedc9121a508, error: SSLEOFError, message: EOF occurred in violation of protocol (_ssl.c:2427))
[10:06:01] [ERR] Failed to check the state of sock (session id: fb8d0de2-4a82-4518-9d42-fedc9121a508, error: SSLEOFError, message: EOF occurred in violation of protocol (_ssl.c:2427))
[10:06:11] [ERR] Failed to check the state of sock (session id: fb8d0de2-4a82-4518-9d42-fedc9121a508, error: SSLEOFError, message: EOF occurred in violation of protocol (_ssl.c:2427))
[10:06:21] [ERR] Failed to check the state of sock (session id: fb8d0de2-4a82-4518-9d42-fedc9121a508, error: SSLEOFError, message: EOF occurred in violation of protocol (_ssl.c:2427))
[10:07:42] [ERR] Failed to check the state of sock (session id: 47ebdbfb-5a1e-4ed9-884f-3e5329d41d86, error: SSLEOFError, message: EOF occurred in violation of protocol (_ssl.c:2427))
[10:07:52] [ERR] Failed to check the state of sock (session id: 47ebdbfb-5a1e-4ed9-884f-3e5329d41d86, error: SSLEOFError, message: EOF occurred in violation of protocol (_ssl.c:2427))
[10:08:02] [ERR] Failed to check the state of sock (session id: 47ebdbfb-5a1e-4ed9-884f-3e5329d41d86, error: SSLEOFError, message: EOF occurred in violation of protocol (_ssl.c:2427))
[10:08:12] [ERR] Failed to check the state of sock (session id: 47ebdbfb-5a1e-4ed9-884f-3e5329d41d86, error: SSLError, message: [SSL: BAD_LENGTH] bad length (_ssl.c:2427))
[10:08:22] [ERR] Failed to check the state of sock (session id: 47ebdbfb-5a1e-4ed9-884f-3e5329d41d86, error: SSLEOFError, message: EOF occurred in violation of protocol (_ssl.c:2427))
[10:09:43] [ERR] Failed to check the state of sock (session id: faa9a485-3546-4698-8b1f-78e9b433f7fd, error: SSLEOFError, message: EOF occurred in violation of protocol (_ssl.c:2427))
[10:09:53] [ERR] Failed to check the state of sock (session id: faa9a485-3546-4698-8b1f-78e9b433f7fd, error: SSLEOFError, message: EOF occurred in violation of protocol (_ssl.c:2427))
[10:10:03] [ERR] Failed to check the state of sock (session id: faa9a485-3546-4698-8b1f-78e9b433f7fd, error: SSLEOFError, message: EOF occurred in violation of protocol (_ssl.c:2427))
[10:10:13] [ERR] Failed to check the state of sock (session id: faa9a485-3546-4698-8b1f-78e9b433f7fd, error: SSLEOFError, message: EOF occurred in violation of protocol (_ssl.c:2427))
[10:10:23] [ERR] Failed to check the state of sock (session id: faa9a485-3546-4698-8b1f-78e9b433f7fd, error: SSLEOFError, message: EOF occurred in violation of protocol (_ssl.c:2427))
[10:11:14] [ERR] Failed to check the state of sock (session id: 109d1b81-2df3-45b5-acb3-8ab2cd5d453e, error: SSLEOFError, message: EOF occurred in violation of protocol (_ssl.c:2427))
[10:11:24] [ERR] Failed to check the state of sock (session id: 109d1b81-2df3-45b5-acb3-8ab2cd5d453e, error: SSLEOFError, message: EOF occurred in violation of protocol (_ssl.c:2427))
[10:11:34] [ERR] Failed to check the state of sock (session id: 109d1b81-2df3-45b5-acb3-8ab2cd5d453e, error: SSLError, message: [SSL: BAD_LENGTH] bad length (_ssl.c:2427))
[10:11:44] [ERR] Failed to check the state of sock (session id: 109d1b81-2df3-45b5-acb3-8ab2cd5d453e, error: SSLEOFError, message: EOF occurred in violation of protocol (_ssl.c:2427))
[10:11:54] [ERR] Failed to check the state of sock (session id: 109d1b81-2df3-45b5-acb3-8ab2cd5d453e, error: SSLEOFError, message: EOF occurred in violation of protocol (_ssl.c:2427))
[10:13:25] [ERR] Failed to check the state of sock (session id: a3eafa0c-6ddc-47a1-90c1-bd34f7bc653e, error: SSLEOFError, message: EOF occurred in violation of protocol (_ssl.c:2427))
[10:13:35] [ERR] Failed to check the state of sock (session id: a3eafa0c-6ddc-47a1-90c1-bd34f7bc653e, error: SSLError, message: [SSL: BAD_LENGTH] bad length (_ssl.c:2427))
[10:13:45] [ERR] Failed to check the state of sock (session id: a3eafa0c-6ddc-47a1-90c1-bd34f7bc653e, error: SSLEOFError, message: EOF occurred in violation of protocol (_ssl.c:2427))
[10:13:55] [ERR] Failed to check the state of sock (session id: a3eafa0c-6ddc-47a1-90c1-bd34f7bc653e, error: SSLEOFError, message: EOF occurred in violation of protocol (_ssl.c:2427))
[10:14:05] [ERR] Failed to check the state of sock (session id: a3eafa0c-6ddc-47a1-90c1-bd34f7bc653e, error: SSLEOFError, message: EOF occurred in violation of protocol (_ssl.c:2427))
[10:15:36] [ERR] Failed to check the state of sock (session id: 545f02de-4771-4f7b-8095-ee49451e9225, error: SSLEOFError, message: EOF occurred in violation of protocol (_ssl.c:2427))
[10:15:46] [ERR] Failed to check the state of sock (session id: 545f02de-4771-4f7b-8095-ee49451e9225, error: SSLError, message: [SSL: BAD_LENGTH] bad length (_ssl.c:2427))
[10:15:56] [ERR] Failed to check the state of sock (session id: 545f02de-4771-4f7b-8095-ee49451e9225, error: SSLEOFError, message: EOF occurred in violation of protocol (_ssl.c:2427))
[10:16:06] [ERR] Failed to check the state of sock (session id: 545f02de-4771-4f7b-8095-ee49451e9225, error: SSLEOFError, message: EOF occurred in violation of protocol (_ssl.c:2427))
[10:16:16] [ERR] Failed to check the state of sock (session id: 545f02de-4771-4f7b-8095-ee49451e9225, error: SSLEOFError, message: EOF occurred in violation of protocol (_ssl.c:2427))
[10:17:47] [ERR] Failed to check the state of sock (session id: d23edce6-8840-4d36-8018-075fc794d509, error: SSLEOFError, message: EOF occurred in violation of protocol (_ssl.c:2427))
[10:17:57] [ERR] Failed to check the state of sock (session id: d23edce6-8840-4d36-8018-075fc794d509, error: SSLEOFError, message: EOF occurred in violation of protocol (_ssl.c:2427))
[10:18:07] [ERR] Failed to check the state of sock (session id: d23edce6-8840-4d36-8018-075fc794d509, error: SSLEOFError, message: EOF occurred in violation of protocol (_ssl.c:2427))
[10:18:17] [ERR] Failed to check the state of sock (session id: d23edce6-8840-4d36-8018-075fc794d509, error: SSLEOFError, message: EOF occurred in violation of protocol (_ssl.c:2427))
[10:18:27] [ERR] Failed to check the state of sock (session id: d23edce6-8840-4d36-8018-075fc794d509, error: SSLEOFError, message: EOF occurred in violation of protocol (_ssl.c:2427))
[10:19:18] [ERR] Failed to check the state of sock (session id: 8b20c6de-6925-4120-ac2d-9c924cc1b2db, error: SSLEOFError, message: EOF occurred in violation of protocol (_ssl.c:2427))
[10:19:28] [ERR] Failed to check the state of sock (session id: 8b20c6de-6925-4120-ac2d-9c924cc1b2db, error: SSLEOFError, message: EOF occurred in violation of protocol (_ssl.c:2427))
[10:19:38] [ERR] Failed to check the state of sock (session id: 8b20c6de-6925-4120-ac2d-9c924cc1b2db, error: SSLError, message: [SSL: BAD_LENGTH] bad length (_ssl.c:2427))
[10:19:48] [ERR] Failed to check the state of sock (session id: 8b20c6de-6925-4120-ac2d-9c924cc1b2db, error: SSLEOFError, message: EOF occurred in violation of protocol (_ssl.c:2427))
[10:19:58] [ERR] Failed to check the state of sock (session id: 8b20c6de-6925-4120-ac2d-9c924cc1b2db, error: SSLEOFError, message: EOF occurred in violation of protocol (_ssl.c:2427))
[10:21:09] [ERR] Failed to check the state of sock (session id: 76ed70c7-e496-4cda-9429-b1e5afe4da89, error: SSLEOFError, message: EOF occurred in violation of protocol (_ssl.c:2427))
[10:21:19] [ERR] Failed to check the state of sock (session id: 76ed70c7-e496-4cda-9429-b1e5afe4da89, error: SSLError, message: [SSL: BAD_LENGTH] bad length (_ssl.c:2427))
[10:21:29] [ERR] Failed to check the state of sock (session id: 76ed70c7-e496-4cda-9429-b1e5afe4da89, error: SSLEOFError, message: EOF occurred in violation of protocol (_ssl.c:2427))
[10:21:39] [ERR] Failed to check the state of sock (session id: 76ed70c7-e496-4cda-9429-b1e5afe4da89, error: SSLError, message: [SSL: BAD_LENGTH] bad length (_ssl.c:2427))
[10:21:49] [ERR] Failed to check the state of sock (session id: 76ed70c7-e496-4cda-9429-b1e5afe4da89, error: SSLEOFError, message: EOF occurred in violation of protocol (_ssl.c:2427))
[10:22:50] [ERR] Failed to check the state of sock (session id: 996510b0-7d0b-4bb7-b87f-841c32f892a8, error: SSLEOFError, message: EOF occurred in violation of protocol (_ssl.c:2427))
[10:23:00] [ERR] Failed to check the state of sock (session id: 996510b0-7d0b-4bb7-b87f-841c32f892a8, error: SSLEOFError, message: EOF occurred in violation of protocol (_ssl.c:2427))
[10:23:10] [ERR] Failed to check the state of sock (session id: 996510b0-7d0b-4bb7-b87f-841c32f892a8, error: SSLEOFError, message: EOF occurred in violation of protocol (_ssl.c:2427))
[10:23:20] [ERR] Failed to check the state of sock (session id: 996510b0-7d0b-4bb7-b87f-841c32f892a8, error: SSLEOFError, message: EOF occurred in violation of protocol (_ssl.c:2427))
[10:23:30] [ERR] Failed to check the state of sock (session id: 996510b0-7d0b-4bb7-b87f-841c32f892a8, error: SSLEOFError, message: EOF occurred in violation of protocol (_ssl.c:2427))
[10:24:51] [ERR] Failed to check the state of sock (session id: c45261dd-e14e-47b9-ac58-74bbf3e24128, error: SSLEOFError, message: EOF occurred in violation of protocol (_ssl.c:2427))
[10:25:01] [ERR] Failed to check the state of sock (session id: c45261dd-e14e-47b9-ac58-74bbf3e24128, error: SSLEOFError, message: EOF occurred in violation of protocol (_ssl.c:2427))
[10:25:11] [ERR] Failed to check the state of sock (session id: c45261dd-e14e-47b9-ac58-74bbf3e24128, error: SSLError, message: [SSL: BAD_LENGTH] bad length (_ssl.c:2427))
[10:25:21] [ERR] Failed to check the state of sock (session id: c45261dd-e14e-47b9-ac58-74bbf3e24128, error: SSLError, message: [SSL: BAD_LENGTH] bad length (_ssl.c:2427))
[10:25:31] [ERR] Failed to check the state of sock (session id: c45261dd-e14e-47b9-ac58-74bbf3e24128, error: SSLEOFError, message: EOF occurred in violation of protocol (_ssl.c:2427))
[10:26:52] [ERR] Failed to check the state of sock (session id: 805f562f-dc15-4a03-9cd3-9e6ae25a1fc6, error: SSLEOFError, message: EOF occurred in violation of protocol (_ssl.c:2427))
[10:27:02] [ERR] Failed to check the state of sock (session id: 805f562f-dc15-4a03-9cd3-9e6ae25a1fc6, error: SSLError, message: [SSL: BAD_LENGTH] bad length (_ssl.c:2427))
[10:27:12] [ERR] Failed to check the state of sock (session id: 805f562f-dc15-4a03-9cd3-9e6ae25a1fc6, error: SSLEOFError, message: EOF occurred in violation of protocol (_ssl.c:2427))
[10:27:22] [ERR] Failed to check the state of sock (session id: 805f562f-dc15-4a03-9cd3-9e6ae25a1fc6, error: SSLError, message: [SSL: BAD_LENGTH] bad length (_ssl.c:2427))
[10:27:32] [ERR] Failed to check the state of sock (session id: 805f562f-dc15-4a03-9cd3-9e6ae25a1fc6, error: SSLEOFError, message: EOF occurred in violation of protocol (_ssl.c:2427))
[10:29:04] [ERR] Failed to check the state of sock (session id: 04362d02-1d54-4fc9-8430-15ddcb4fc4e2, error: SSLEOFError, message: EOF occurred in violation of protocol (_ssl.c:2427))
[10:29:14] [ERR] Failed to check the state of sock (session id: 04362d02-1d54-4fc9-8430-15ddcb4fc4e2, error: SSLEOFError, message: EOF occurred in violation of protocol (_ssl.c:2427))
[10:29:24] [ERR] Failed to check the state of sock (session id: 04362d02-1d54-4fc9-8430-15ddcb4fc4e2, error: SSLEOFError, message: EOF occurred in violation of protocol (_ssl.c:2427))
[10:29:34] [ERR] Failed to check the state of sock (session id: 04362d02-1d54-4fc9-8430-15ddcb4fc4e2, error: SSLEOFError, message: EOF occurred in violation of protocol (_ssl.c:2427))
[10:29:44] [ERR] Failed to check the state of sock (session id: 04362d02-1d54-4fc9-8430-15ddcb4fc4e2, error: SSLEOFError, message: EOF occurred in violation of protocol (_ssl.c:2427))
[10:30:44] [ERR] Failed to check the state of sock (session id: 3856a9a2-f636-4e22-9b31-b2e691a8b2ef, error: SSLEOFError, message: EOF occurred in violation of protocol (_ssl.c:2427))
[10:30:55] [ERR] Failed to check the state of sock (session id: 3856a9a2-f636-4e22-9b31-b2e691a8b2ef, error: SSLError, message: [SSL: BAD_LENGTH] bad length (_ssl.c:2427))
[10:31:05] [ERR] Failed to check the state of sock (session id: 3856a9a2-f636-4e22-9b31-b2e691a8b2ef, error: SSLEOFError, message: EOF occurred in violation of protocol (_ssl.c:2427))
[10:31:15] [ERR] Failed to check the state of sock (session id: 3856a9a2-f636-4e22-9b31-b2e691a8b2ef, error: SSLEOFError, message: EOF occurred in violation of protocol (_ssl.c:2427))
[10:31:25] [ERR] Failed to check the state of sock (session id: 3856a9a2-f636-4e22-9b31-b2e691a8b2ef, error: SSLError, message: [SSL: BAD_LENGTH] bad length (_ssl.c:2427))
[10:32:26] [ERR] Failed to check the state of sock (session id: d65f20e2-280a-4d78-ad2b-e4f304240983, error: SSLEOFError, message: EOF occurred in violation of protocol (_ssl.c:2427))
[10:32:36] [ERR] Failed to check the state of sock (session id: d65f20e2-280a-4d78-ad2b-e4f304240983, error: SSLEOFError, message: EOF occurred in violation of protocol (_ssl.c:2427))
[10:32:46] [ERR] Failed to check the state of sock (session id: d65f20e2-280a-4d78-ad2b-e4f304240983, error: SSLEOFError, message: EOF occurred in violation of protocol (_ssl.c:2427))
[10:32:56] [ERR] Failed to check the state of sock (session id: d65f20e2-280a-4d78-ad2b-e4f304240983, error: SSLEOFError, message: EOF occurred in violation of protocol (_ssl.c:2427))
[10:33:06] [ERR] Failed to check the state of sock (session id: d65f20e2-280a-4d78-ad2b-e4f304240983, error: SSLEOFError, message: EOF occurred in violation of protocol (_ssl.c:2427))
[10:34:27] [ERR] Failed to check the state of sock (session id: b3dd1637-7b6e-4834-a169-4ce006f6963d, error: SSLEOFError, message: EOF occurred in violation of protocol (_ssl.c:2427))
[10:34:37] [ERR] Failed to check the state of sock (session id: b3dd1637-7b6e-4834-a169-4ce006f6963d, error: SSLEOFError, message: EOF occurred in violation of protocol (_ssl.c:2427))
[10:34:47] [ERR] Failed to check the state of sock (session id: b3dd1637-7b6e-4834-a169-4ce006f6963d, error: SSLEOFError, message: EOF occurred in violation of protocol (_ssl.c:2427))
[10:34:57] [ERR] Failed to check the state of sock (session id: b3dd1637-7b6e-4834-a169-4ce006f6963d, error: SSLEOFError, message: EOF occurred in violation of protocol (_ssl.c:2427))
[10:35:07] [ERR] Failed to check the state of sock (session id: b3dd1637-7b6e-4834-a169-4ce006f6963d, error: SSLEOFError, message: EOF occurred in violation of protocol (_ssl.c:2427))
[10:36:08] [ERR] Failed to check the state of sock (session id: f48e5cb3-79e6-403b-bb7a-964ac3ecad29, error: SSLEOFError, message: EOF occurred in violation of protocol (_ssl.c:2427))
[10:36:18] [ERR] Failed to check the state of sock (session id: f48e5cb3-79e6-403b-bb7a-964ac3ecad29, error: SSLEOFError, message: EOF occurred in violation of protocol (_ssl.c:2427))
[10:36:28] [ERR] Failed to check the state of sock (session id: f48e5cb3-79e6-403b-bb7a-964ac3ecad29, error: SSLEOFError, message: EOF occurred in violation of protocol (_ssl.c:2427))
[10:36:38] [ERR] Failed to check the state of sock (session id: f48e5cb3-79e6-403b-bb7a-964ac3ecad29, error: SSLEOFError, message: EOF occurred in violation of protocol (_ssl.c:2427))
[10:36:48] [ERR] Failed to check the state of sock (session id: f48e5cb3-79e6-403b-bb7a-964ac3ecad29, error: SSLEOFError, message: EOF occurred in violation of protocol (_ssl.c:2427))
[10:38:19] [ERR] Failed to check the state of sock (session id: 3804c290-27bd-48a3-99b2-4052f33100b8, error: SSLEOFError, message: EOF occurred in violation of protocol (_ssl.c:2427))
[10:38:29] [ERR] Failed to check the state of sock (session id: 3804c290-27bd-48a3-99b2-4052f33100b8, error: SSLEOFError, message: EOF occurred in violation of protocol (_ssl.c:2427))
[10:38:39] [ERR] Failed to check the state of sock (session id: 3804c290-27bd-48a3-99b2-4052f33100b8, error: SSLEOFError, message: EOF occurred in violation of protocol (_ssl.c:2427))
[10:38:49] [ERR] Failed to check the state of sock (session id: 3804c290-27bd-48a3-99b2-4052f33100b8, error: SSLError, message: [SSL: BAD_LENGTH] bad length (_ssl.c:2427))
[10:38:59] [ERR] Failed to check the state of sock (session id: 3804c290-27bd-48a3-99b2-4052f33100b8, error: SSLError, message: [SSL: BAD_LENGTH] bad length (_ssl.c:2427))
[10:40:00] [ERR] Failed to check the state of sock (session id: 2d1d2390-98ec-485a-8252-e5697b06f701, error: SSLEOFError, message: EOF occurred in violation of protocol (_ssl.c:2427))
[10:40:10] [ERR] Failed to check the state of sock (session id: 2d1d2390-98ec-485a-8252-e5697b06f701, error: SSLEOFError, message: EOF occurred in violation of protocol (_ssl.c:2427))
[10:40:20] [ERR] Failed to check the state of sock (session id: 2d1d2390-98ec-485a-8252-e5697b06f701, error: SSLEOFError, message: EOF occurred in violation of protocol (_ssl.c:2427))
[10:40:30] [ERR] Failed to check the state of sock (session id: 2d1d2390-98ec-485a-8252-e5697b06f701, error: SSLEOFError, message: EOF occurred in violation of protocol (_ssl.c:2427))
[10:40:40] [ERR] Failed to check the state of sock (session id: 2d1d2390-98ec-485a-8252-e5697b06f701, error: SSLEOFError, message: EOF occurred in violation of protocol (_ssl.c:2427))
[10:41:31] [ERR] Failed to check the state of sock (session id: 2d100782-707f-4253-b50f-01291ce9fdd3, error: SSLEOFError, message: EOF occurred in violation of protocol (_ssl.c:2427))
[10:41:41] [ERR] Failed to check the state of sock (session id: 2d100782-707f-4253-b50f-01291ce9fdd3, error: SSLEOFError, message: EOF occurred in violation of protocol (_ssl.c:2427))
[10:41:51] [ERR] Failed to check the state of sock (session id: 2d100782-707f-4253-b50f-01291ce9fdd3, error: SSLEOFError, message: EOF occurred in violation of protocol (_ssl.c:2427))
[10:42:01] [ERR] Failed to check the state of sock (session id: 2d100782-707f-4253-b50f-01291ce9fdd3, error: SSLError, message: [SSL: BAD_LENGTH] bad length (_ssl.c:2427))
[10:42:11] [ERR] Failed to check the state of sock (session id: 2d100782-707f-4253-b50f-01291ce9fdd3, error: SSLError, message: [SSL: BAD_LENGTH] bad length (_ssl.c:2427))
[10:43:32] [ERR] Failed to check the state of sock (session id: f160bea4-4961-47bf-8e6d-3f05705d234a, error: SSLEOFError, message: EOF occurred in violation of protocol (_ssl.c:2427))
[10:43:42] [ERR] Failed to check the state of sock (session id: f160bea4-4961-47bf-8e6d-3f05705d234a, error: SSLEOFError, message: EOF occurred in violation of protocol (_ssl.c:2427))
[10:43:52] [ERR] Failed to check the state of sock (session id: f160bea4-4961-47bf-8e6d-3f05705d234a, error: SSLError, message: [SSL: BAD_LENGTH] bad length (_ssl.c:2427))
[10:44:02] [ERR] Failed to check the state of sock (session id: f160bea4-4961-47bf-8e6d-3f05705d234a, error: SSLEOFError, message: EOF occurred in violation of protocol (_ssl.c:2427))
[10:44:12] [ERR] Failed to check the state of sock (session id: f160bea4-4961-47bf-8e6d-3f05705d234a, error: SSLEOFError, message: EOF occurred in violation of protocol (_ssl.c:2427))
[10:45:13] [ERR] Failed to check the state of sock (session id: 5cb08a33-9db4-43c9-ba8f-b3b7ca9106c2, error: SSLEOFError, message: EOF occurred in violation of protocol (_ssl.c:2427))
[10:45:23] [ERR] Failed to check the state of sock (session id: 5cb08a33-9db4-43c9-ba8f-b3b7ca9106c2, error: SSLEOFError, message: EOF occurred in violation of protocol (_ssl.c:2427))
[10:45:33] [ERR] Failed to check the state of sock (session id: 5cb08a33-9db4-43c9-ba8f-b3b7ca9106c2, error: SSLEOFError, message: EOF occurred in violation of protocol (_ssl.c:2427))
[10:45:43] [ERR] Failed to check the state of sock (session id: 5cb08a33-9db4-43c9-ba8f-b3b7ca9106c2, error: SSLEOFError, message: EOF occurred in violation of protocol (_ssl.c:2427))
[10:45:53] [ERR] Failed to check the state of sock (session id: 5cb08a33-9db4-43c9-ba8f-b3b7ca9106c2, error: SSLEOFError, message: EOF occurred in violation of protocol (_ssl.c:2427))
[10:46:54] [ERR] Failed to check the state of sock (session id: a9575eb8-33d7-4e98-a110-3f1cdf1e5df6, error: SSLEOFError, message: EOF occurred in violation of protocol (_ssl.c:2427))
[10:47:04] [ERR] Failed to check the state of sock (session id: a9575eb8-33d7-4e98-a110-3f1cdf1e5df6, error: SSLEOFError, message: EOF occurred in violation of protocol (_ssl.c:2427))
[10:47:14] [ERR] Failed to check the state of sock (session id: a9575eb8-33d7-4e98-a110-3f1cdf1e5df6, error: SSLEOFError, message: EOF occurred in violation of protocol (_ssl.c:2427))
[10:47:24] [ERR] Failed to check the state of sock (session id: a9575eb8-33d7-4e98-a110-3f1cdf1e5df6, error: SSLEOFError, message: EOF occurred in violation of protocol (_ssl.c:2427))
[10:47:34] [ERR] Failed to check the state of sock (session id: a9575eb8-33d7-4e98-a110-3f1cdf1e5df6, error: SSLError, message: [SSL: BAD_LENGTH] bad length (_ssl.c:2427))
[10:48:25] [ERR] Failed to check the state of sock (session id: 221ccb38-581a-4595-a6e7-f802246a9463, error: SSLEOFError, message: EOF occurred in violation of protocol (_ssl.c:2427))
[10:48:35] [ERR] Failed to check the state of sock (session id: 221ccb38-581a-4595-a6e7-f802246a9463, error: SSLError, message: [SSL: BAD_LENGTH] bad length (_ssl.c:2427))
[10:48:45] [ERR] Failed to check the state of sock (session id: 221ccb38-581a-4595-a6e7-f802246a9463, error: SSLEOFError, message: EOF occurred in violation of protocol (_ssl.c:2427))
[10:48:55] [ERR] Failed to check the state of sock (session id: 221ccb38-581a-4595-a6e7-f802246a9463, error: SSLEOFError, message: EOF occurred in violation of protocol (_ssl.c:2427))
[10:49:05] [ERR] Failed to check the state of sock (session id: 221ccb38-581a-4595-a6e7-f802246a9463, error: SSLEOFError, message: EOF occurred in violation of protocol (_ssl.c:2427))
[10:50:06] [ERR] Failed to check the state of sock (session id: 87b38a34-6604-47f4-9b8a-03824ce7f625, error: SSLEOFError, message: EOF occurred in violation of protocol (_ssl.c:2427))
[10:50:16] [ERR] Failed to check the state of sock (session id: 87b38a34-6604-47f4-9b8a-03824ce7f625, error: SSLError, message: [SSL: BAD_LENGTH] bad length (_ssl.c:2427))
[10:50:26] [ERR] Failed to check the state of sock (session id: 87b38a34-6604-47f4-9b8a-03824ce7f625, error: SSLEOFError, message: EOF occurred in violation of protocol (_ssl.c:2427))
[10:50:36] [ERR] Failed to check the state of sock (session id: 87b38a34-6604-47f4-9b8a-03824ce7f625, error: SSLEOFError, message: EOF occurred in violation of protocol (_ssl.c:2427))
[10:50:46] [ERR] Failed to check the state of sock (session id: 87b38a34-6604-47f4-9b8a-03824ce7f625, error: SSLError, message: [SSL: BAD_LENGTH] bad length (_ssl.c:2427))
[10:52:17] [ERR] Failed to check the state of sock (session id: 52297a1c-0fb7-4357-b59a-0146f4973b44, error: SSLEOFError, message: EOF occurred in violation of protocol (_ssl.c:2427))
[10:52:27] [ERR] Failed to check the state of sock (session id: 52297a1c-0fb7-4357-b59a-0146f4973b44, error: SSLEOFError, message: EOF occurred in violation of protocol (_ssl.c:2427))
[10:52:37] [ERR] Failed to check the state of sock (session id: 52297a1c-0fb7-4357-b59a-0146f4973b44, error: SSLEOFError, message: EOF occurred in violation of protocol (_ssl.c:2427))
[10:52:47] [ERR] Failed to check the state of sock (session id: 52297a1c-0fb7-4357-b59a-0146f4973b44, error: SSLEOFError, message: EOF occurred in violation of protocol (_ssl.c:2427))
[10:52:57] [ERR] Failed to check the state of sock (session id: 52297a1c-0fb7-4357-b59a-0146f4973b44, error: SSLEOFError, message: EOF occurred in violation of protocol (_ssl.c:2427))
[10:53:58] [ERR] Failed to check the state of sock (session id: 6a863434-099d-4500-82d8-fd28db567213, error: SSLEOFError, message: EOF occurred in violation of protocol (_ssl.c:2427))
[10:54:08] [ERR] Failed to check the state of sock (session id: 6a863434-099d-4500-82d8-fd28db567213, error: SSLEOFError, message: EOF occurred in violation of protocol (_ssl.c:2427))
[10:54:18] [ERR] Failed to check the state of sock (session id: 6a863434-099d-4500-82d8-fd28db567213, error: SSLEOFError, message: EOF occurred in violation of protocol (_ssl.c:2427))
[10:54:28] [ERR] Failed to check the state of sock (session id: 6a863434-099d-4500-82d8-fd28db567213, error: SSLEOFError, message: EOF occurred in violation of protocol (_ssl.c:2427))
[10:54:38] [ERR] Failed to check the state of sock (session id: 6a863434-099d-4500-82d8-fd28db567213, error: SSLEOFError, message: EOF occurred in violation of protocol (_ssl.c:2427))
[10:56:09] [ERR] Failed to check the state of sock (session id: 4e43ddb8-4220-4a0e-a4bb-d19c116e59af, error: SSLEOFError, message: EOF occurred in violation of protocol (_ssl.c:2427))
[10:56:19] [ERR] Failed to check the state of sock (session id: 4e43ddb8-4220-4a0e-a4bb-d19c116e59af, error: SSLEOFError, message: EOF occurred in violation of protocol (_ssl.c:2427))
[10:56:29] [ERR] Failed to check the state of sock (session id: 4e43ddb8-4220-4a0e-a4bb-d19c116e59af, error: SSLEOFError, message: EOF occurred in violation of protocol (_ssl.c:2427))
[10:56:39] [ERR] Failed to check the state of sock (session id: 4e43ddb8-4220-4a0e-a4bb-d19c116e59af, error: SSLEOFError, message: EOF occurred in violation of protocol (_ssl.c:2427))
[10:56:49] [ERR] Failed to check the state of sock (session id: 4e43ddb8-4220-4a0e-a4bb-d19c116e59af, error: SSLEOFError, message: EOF occurred in violation of protocol (_ssl.c:2427))
[10:58:10] [ERR] Failed to check the state of sock (session id: 3ad5cd22-a98b-4606-8b15-ee5cb6446e53, error: SSLEOFError, message: EOF occurred in violation of protocol (_ssl.c:2427))
[10:58:20] [ERR] Failed to check the state of sock (session id: 3ad5cd22-a98b-4606-8b15-ee5cb6446e53, error: SSLEOFError, message: EOF occurred in violation of protocol (_ssl.c:2427))
[10:58:30] [ERR] Failed to check the state of sock (session id: 3ad5cd22-a98b-4606-8b15-ee5cb6446e53, error: SSLError, message: [SSL: BAD_LENGTH] bad length (_ssl.c:2427))
[10:58:40] [ERR] Failed to check the state of sock (session id: 3ad5cd22-a98b-4606-8b15-ee5cb6446e53, error: SSLEOFError, message: EOF occurred in violation of protocol (_ssl.c:2427))
[10:58:50] [ERR] Failed to check the state of sock (session id: 3ad5cd22-a98b-4606-8b15-ee5cb6446e53, error: SSLEOFError, message: EOF occurred in violation of protocol (_ssl.c:2427))
[10:59:07] [ERR] Failed to check the state of sock (session id: eb885050-32b7-4d1b-afa1-758b9510112e, error: SSLEOFError, message: EOF occurred in violation of protocol (_ssl.c:2427))
[10:59:11] [ERR] Failed to check the state of sock (session id: c0ac6a1a-7b5a-4d9e-9a65-d1596ed11caa, error: SSLEOFError, message: EOF occurred in violation of protocol (_ssl.c:2427))
[10:59:17] [ERR] Failed to check the state of sock (session id: eb885050-32b7-4d1b-afa1-758b9510112e, error: SSLEOFError, message: EOF occurred in violation of protocol (_ssl.c:2427))
[10:59:21] [ERR] Failed to check the state of sock (session id: c0ac6a1a-7b5a-4d9e-9a65-d1596ed11caa, error: SSLEOFError, message: EOF occurred in violation of protocol (_ssl.c:2427))
[10:59:27] [ERR] Failed to check the state of sock (session id: eb885050-32b7-4d1b-afa1-758b9510112e, error: SSLEOFError, message: EOF occurred in violation of protocol (_ssl.c:2427))
[10:59:31] [ERR] Failed to check the state of sock (session id: c0ac6a1a-7b5a-4d9e-9a65-d1596ed11caa, error: SSLEOFError, message: EOF occurred in violation of protocol (_ssl.c:2427))
[10:59:37] [ERR] Failed to check the state of sock (session id: eb885050-32b7-4d1b-afa1-758b9510112e, error: SSLEOFError, message: EOF occurred in violation of protocol (_ssl.c:2427))
[10:59:41] [ERR] Failed to check the state of sock (session id: c0ac6a1a-7b5a-4d9e-9a65-d1596ed11caa, error: SSLEOFError, message: EOF occurred in violation of protocol (_ssl.c:2427))
[10:59:47] [ERR] Failed to check the state of sock (session id: eb885050-32b7-4d1b-afa1-758b9510112e, error: SSLError, message: [SSL: BAD_LENGTH] bad length (_ssl.c:2427))
[10:59:51] [ERR] Failed to check the state of sock (session id: c0ac6a1a-7b5a-4d9e-9a65-d1596ed11caa, error: SSLEOFError, message: EOF occurred in violation of protocol (_ssl.c:2427))
[11:00:12] [ERR] Failed to check the state of sock (session id: 6908479e-718a-43db-a32c-ed0484b2add5, error: SSLEOFError, message: EOF occurred in violation of protocol (_ssl.c:2427))
[11:00:22] [ERR] Failed to check the state of sock (session id: 6908479e-718a-43db-a32c-ed0484b2add5, error: SSLEOFError, message: EOF occurred in violation of protocol (_ssl.c:2427))
[11:00:32] [ERR] Failed to check the state of sock (session id: 6908479e-718a-43db-a32c-ed0484b2add5, error: SSLError, message: [SSL: BAD_LENGTH] bad length (_ssl.c:2427))
[11:00:42] [ERR] Failed to check the state of sock (session id: 6908479e-718a-43db-a32c-ed0484b2add5, error: SSLError, message: [SSL: BAD_LENGTH] bad length (_ssl.c:2427))
[11:00:52] [ERR] Failed to check the state of sock (session id: 6908479e-718a-43db-a32c-ed0484b2add5, error: SSLEOFError, message: EOF occurred in violation of protocol (_ssl.c:2427))
[11:01:44] [ERR] Failed to check the state of sock (session id: 362a284d-941d-457a-801e-ad6dd33db3ac, error: SSLEOFError, message: EOF occurred in violation of protocol (_ssl.c:2427))
[11:01:54] [ERR] Failed to check the state of sock (session id: 362a284d-941d-457a-801e-ad6dd33db3ac, error: SSLEOFError, message: EOF occurred in violation of protocol (_ssl.c:2427))
[11:02:04] [ERR] Failed to check the state of sock (session id: 362a284d-941d-457a-801e-ad6dd33db3ac, error: SSLEOFError, message: EOF occurred in violation of protocol (_ssl.c:2427))
[11:02:14] [ERR] Failed to check the state of sock (session id: 362a284d-941d-457a-801e-ad6dd33db3ac, error: SSLEOFError, message: EOF occurred in violation of protocol (_ssl.c:2427))
[11:02:24] [ERR] Failed to check the state of sock (session id: 362a284d-941d-457a-801e-ad6dd33db3ac, error: SSLEOFError, message: EOF occurred in violation of protocol (_ssl.c:2427))
[11:03:55] [ERR] Failed to check the state of sock (session id: 570badd3-18f7-4de3-8975-7597e10cbda4, error: SSLEOFError, message: EOF occurred in violation of protocol (_ssl.c:2427))
[11:04:05] [ERR] Failed to check the state of sock (session id: 570badd3-18f7-4de3-8975-7597e10cbda4, error: SSLEOFError, message: EOF occurred in violation of protocol (_ssl.c:2427))
[11:04:15] [ERR] Failed to check the state of sock (session id: 570badd3-18f7-4de3-8975-7597e10cbda4, error: SSLEOFError, message: EOF occurred in violation of protocol (_ssl.c:2427))
[11:04:25] [ERR] Failed to check the state of sock (session id: 570badd3-18f7-4de3-8975-7597e10cbda4, error: SSLEOFError, message: EOF occurred in violation of protocol (_ssl.c:2427))
[11:04:35] [ERR] Failed to check the state of sock (session id: 570badd3-18f7-4de3-8975-7597e10cbda4, error: SSLEOFError, message: EOF occurred in violation of protocol (_ssl.c:2427))
[11:04:56] [ERR] Failed to check the state of sock (session id: 4927d3dd-6fdb-40c6-8e44-2d1e28d06a77, error: SSLEOFError, message: EOF occurred in violation of protocol (_ssl.c:2427))
[11:05:06] [ERR] Failed to check the state of sock (session id: 4927d3dd-6fdb-40c6-8e44-2d1e28d06a77, error: SSLEOFError, message: EOF occurred in violation of protocol (_ssl.c:2427))
[11:05:16] [ERR] Failed to check the state of sock (session id: 4927d3dd-6fdb-40c6-8e44-2d1e28d06a77, error: SSLEOFError, message: EOF occurred in violation of protocol (_ssl.c:2427))
[11:05:26] [ERR] Failed to check the state of sock (session id: 4927d3dd-6fdb-40c6-8e44-2d1e28d06a77, error: SSLEOFError, message: EOF occurred in violation of protocol (_ssl.c:2427))
[11:05:36] [ERR] Failed to check the state of sock (session id: 4927d3dd-6fdb-40c6-8e44-2d1e28d06a77, error: SSLEOFError, message: EOF occurred in violation of protocol (_ssl.c:2427))
[11:06:17] [ERR] Failed to check the state of sock (session id: 839f9639-b990-4b9d-ba2c-76f7a727927e, error: SSLEOFError, message: EOF occurred in violation of protocol (_ssl.c:2427))
[11:06:27] [ERR] Failed to check the state of sock (session id: 839f9639-b990-4b9d-ba2c-76f7a727927e, error: SSLError, message: [SSL: BAD_LENGTH] bad length (_ssl.c:2427))
[11:06:37] [ERR] Failed to check the state of sock (session id: 839f9639-b990-4b9d-ba2c-76f7a727927e, error: SSLError, message: [SSL: BAD_LENGTH] bad length (_ssl.c:2427))
[11:06:47] [ERR] Failed to check the state of sock (session id: 839f9639-b990-4b9d-ba2c-76f7a727927e, error: SSLEOFError, message: EOF occurred in violation of protocol (_ssl.c:2427))
[11:06:57] [ERR] Failed to check the state of sock (session id: 839f9639-b990-4b9d-ba2c-76f7a727927e, error: SSLEOFError, message: EOF occurred in violation of protocol (_ssl.c:2427))
[11:07:38] [ERR] Failed to check the state of sock (session id: 4ca6eff5-b79b-44a2-a439-f130b6947951, error: SSLEOFError, message: EOF occurred in violation of protocol (_ssl.c:2427))
[11:07:48] [ERR] Failed to check the state of sock (session id: 4ca6eff5-b79b-44a2-a439-f130b6947951, error: SSLError, message: [SSL: BAD_LENGTH] bad length (_ssl.c:2427))
[11:07:58] [ERR] Failed to check the state of sock (session id: 4ca6eff5-b79b-44a2-a439-f130b6947951, error: SSLEOFError, message: EOF occurred in violation of protocol (_ssl.c:2427))
[11:08:08] [ERR] Failed to check the state of sock (session id: 4ca6eff5-b79b-44a2-a439-f130b6947951, error: SSLEOFError, message: EOF occurred in violation of protocol (_ssl.c:2427))
[11:08:18] [ERR] Failed to check the state of sock (session id: 4ca6eff5-b79b-44a2-a439-f130b6947951, error: SSLEOFError, message: EOF occurred in violation of protocol (_ssl.c:2427))
[11:08:39] [ERR] Failed to check the state of sock (session id: 423b7e60-e7d1-4af3-ba27-bf1f4bfc5d35, error: SSLEOFError, message: EOF occurred in violation of protocol (_ssl.c:2427))
[11:08:49] [ERR] Failed to check the state of sock (session id: 423b7e60-e7d1-4af3-ba27-bf1f4bfc5d35, error: SSLEOFError, message: EOF occurred in violation of protocol (_ssl.c:2427))
[11:08:59] [ERR] Failed to check the state of sock (session id: 423b7e60-e7d1-4af3-ba27-bf1f4bfc5d35, error: SSLEOFError, message: EOF occurred in violation of protocol (_ssl.c:2427))
[11:09:09] [ERR] Failed to check the state of sock (session id: 423b7e60-e7d1-4af3-ba27-bf1f4bfc5d35, error: SSLEOFError, message: EOF occurred in violation of protocol (_ssl.c:2427))
[11:09:19] [ERR] Failed to check the state of sock (session id: 423b7e60-e7d1-4af3-ba27-bf1f4bfc5d35, error: SSLError, message: [SSL: BAD_LENGTH] bad length (_ssl.c:2427))
[11:10:00] [ERR] Failed to check the state of sock (session id: 49cd1497-610b-4af0-b8bc-6d6444806539, error: SSLEOFError, message: EOF occurred in violation of protocol (_ssl.c:2427))
[11:10:10] [ERR] Failed to check the state of sock (session id: 49cd1497-610b-4af0-b8bc-6d6444806539, error: SSLError, message: [SSL: BAD_LENGTH] bad length (_ssl.c:2427))
[11:10:20] [ERR] Failed to check the state of sock (session id: 49cd1497-610b-4af0-b8bc-6d6444806539, error: SSLEOFError, message: EOF occurred in violation of protocol (_ssl.c:2427))
[11:10:30] [ERR] Failed to check the state of sock (session id: 49cd1497-610b-4af0-b8bc-6d6444806539, error: SSLEOFError, message: EOF occurred in violation of protocol (_ssl.c:2427))
[11:10:40] [ERR] Failed to check the state of sock (session id: 49cd1497-610b-4af0-b8bc-6d6444806539, error: SSLError, message: [SSL: BAD_LENGTH] bad length (_ssl.c:2427))
[11:11:01] [ERR] Failed to check the state of sock (session id: 9afb2f64-16bc-41c3-87ab-679f5ad70d90, error: SSLEOFError, message: EOF occurred in violation of protocol (_ssl.c:2427))
[11:11:11] [ERR] Failed to check the state of sock (session id: 9afb2f64-16bc-41c3-87ab-679f5ad70d90, error: SSLEOFError, message: EOF occurred in violation of protocol (_ssl.c:2427))
[11:11:21] [ERR] Failed to check the state of sock (session id: 9afb2f64-16bc-41c3-87ab-679f5ad70d90, error: SSLEOFError, message: EOF occurred in violation of protocol (_ssl.c:2427))
[11:11:31] [ERR] Failed to check the state of sock (session id: 9afb2f64-16bc-41c3-87ab-679f5ad70d90, error: SSLEOFError, message: EOF occurred in violation of protocol (_ssl.c:2427))
[11:11:41] [ERR] Failed to check the state of sock (session id: 9afb2f64-16bc-41c3-87ab-679f5ad70d90, error: SSLEOFError, message: EOF occurred in violation of protocol (_ssl.c:2427))
[11:12:02] [ERR] Failed to check the state of sock (session id: e3b771d0-4e6c-4070-839d-b9df764f875c, error: SSLEOFError, message: EOF occurred in violation of protocol (_ssl.c:2427))
[11:12:12] [ERR] Failed to check the state of sock (session id: e3b771d0-4e6c-4070-839d-b9df764f875c, error: SSLEOFError, message: EOF occurred in violation of protocol (_ssl.c:2427))
[11:12:22] [ERR] Failed to check the state of sock (session id: e3b771d0-4e6c-4070-839d-b9df764f875c, error: SSLEOFError, message: EOF occurred in violation of protocol (_ssl.c:2427))
[11:12:32] [ERR] Failed to check the state of sock (session id: e3b771d0-4e6c-4070-839d-b9df764f875c, error: SSLEOFError, message: EOF occurred in violation of protocol (_ssl.c:2427))
[11:12:42] [ERR] Failed to check the state of sock (session id: e3b771d0-4e6c-4070-839d-b9df764f875c, error: SSLError, message: [SSL: BAD_LENGTH] bad length (_ssl.c:2427))
[11:13:33] [ERR] Failed to check the state of sock (session id: d3042567-1651-4857-a4bc-aaf041129aa6, error: SSLEOFError, message: EOF occurred in violation of protocol (_ssl.c:2427))
[11:13:43] [ERR] Failed to check the state of sock (session id: d3042567-1651-4857-a4bc-aaf041129aa6, error: SSLEOFError, message: EOF occurred in violation of protocol (_ssl.c:2427))
[11:13:53] [ERR] Failed to check the state of sock (session id: d3042567-1651-4857-a4bc-aaf041129aa6, error: SSLEOFError, message: EOF occurred in violation of protocol (_ssl.c:2427))
[11:14:03] [ERR] Failed to check the state of sock (session id: d3042567-1651-4857-a4bc-aaf041129aa6, error: SSLEOFError, message: EOF occurred in violation of protocol (_ssl.c:2427))
[11:14:13] [ERR] Failed to check the state of sock (session id: d3042567-1651-4857-a4bc-aaf041129aa6, error: SSLError, message: [SSL: BAD_LENGTH] bad length (_ssl.c:2427))
[11:15:34] [ERR] Failed to check the state of sock (session id: bc648bde-5588-4487-b716-88279be5874b, error: SSLEOFError, message: EOF occurred in violation of protocol (_ssl.c:2427))
[11:15:44] [ERR] Failed to check the state of sock (session id: bc648bde-5588-4487-b716-88279be5874b, error: SSLError, message: [SSL: BAD_LENGTH] bad length (_ssl.c:2427))
[11:15:54] [ERR] Failed to check the state of sock (session id: bc648bde-5588-4487-b716-88279be5874b, error: SSLEOFError, message: EOF occurred in violation of protocol (_ssl.c:2427))
[11:16:04] [ERR] Failed to check the state of sock (session id: bc648bde-5588-4487-b716-88279be5874b, error: SSLError, message: [SSL: BAD_LENGTH] bad length (_ssl.c:2427))
[11:16:14] [ERR] Failed to check the state of sock (session id: bc648bde-5588-4487-b716-88279be5874b, error: SSLEOFError, message: EOF occurred in violation of protocol (_ssl.c:2427))
[11:17:35] [ERR] Failed to check the state of sock (session id: 19ce2aec-f3eb-4d44-b8d4-14c0a4753c77, error: SSLEOFError, message: EOF occurred in violation of protocol (_ssl.c:2427))
[11:17:45] [ERR] Failed to check the state of sock (session id: 19ce2aec-f3eb-4d44-b8d4-14c0a4753c77, error: SSLEOFError, message: EOF occurred in violation of protocol (_ssl.c:2427))
[11:17:55] [ERR] Failed to check the state of sock (session id: 19ce2aec-f3eb-4d44-b8d4-14c0a4753c77, error: SSLEOFError, message: EOF occurred in violation of protocol (_ssl.c:2427))
[11:18:05] [ERR] Failed to check the state of sock (session id: 19ce2aec-f3eb-4d44-b8d4-14c0a4753c77, error: SSLError, message: [SSL: BAD_LENGTH] bad length (_ssl.c:2427))
[11:18:15] [ERR] Failed to check the state of sock (session id: 19ce2aec-f3eb-4d44-b8d4-14c0a4753c77, error: SSLEOFError, message: EOF occurred in violation of protocol (_ssl.c:2427))
[11:19:26] [ERR] Failed to check the state of sock (session id: 666a1c24-0c22-4279-b61e-9d36751f1b5f, error: SSLEOFError, message: EOF occurred in violation of protocol (_ssl.c:2427))
[11:19:36] [ERR] Failed to check the state of sock (session id: 666a1c24-0c22-4279-b61e-9d36751f1b5f, error: SSLEOFError, message: EOF occurred in violation of protocol (_ssl.c:2427))
[11:19:47] [ERR] Failed to check the state of sock (session id: 666a1c24-0c22-4279-b61e-9d36751f1b5f, error: SSLEOFError, message: EOF occurred in violation of protocol (_ssl.c:2427))
[11:19:57] [ERR] Failed to check the state of sock (session id: 666a1c24-0c22-4279-b61e-9d36751f1b5f, error: SSLEOFError, message: EOF occurred in violation of protocol (_ssl.c:2427))
[11:20:07] [ERR] Failed to check the state of sock (session id: 666a1c24-0c22-4279-b61e-9d36751f1b5f, error: SSLEOFError, message: EOF occurred in violation of protocol (_ssl.c:2427))
[11:21:08] [ERR] Failed to check the state of sock (session id: 786ca2a9-8322-4985-b142-cf08b77d14ac, error: SSLEOFError, message: EOF occurred in violation of protocol (_ssl.c:2427))
[11:21:18] [ERR] Failed to check the state of sock (session id: 786ca2a9-8322-4985-b142-cf08b77d14ac, error: SSLEOFError, message: EOF occurred in violation of protocol (_ssl.c:2427))
[11:21:28] [ERR] Failed to check the state of sock (session id: 786ca2a9-8322-4985-b142-cf08b77d14ac, error: SSLError, message: [SSL: BAD_LENGTH] bad length (_ssl.c:2427))
[11:21:38] [ERR] Failed to check the state of sock (session id: 786ca2a9-8322-4985-b142-cf08b77d14ac, error: SSLEOFError, message: EOF occurred in violation of protocol (_ssl.c:2427))
[11:21:48] [ERR] Failed to check the state of sock (session id: 786ca2a9-8322-4985-b142-cf08b77d14ac, error: SSLEOFError, message: EOF occurred in violation of protocol (_ssl.c:2427))
[11:23:09] [ERR] Failed to check the state of sock (session id: 25fb66b0-c8cf-4b44-a4de-2cc320c23093, error: SSLEOFError, message: EOF occurred in violation of protocol (_ssl.c:2427))
[11:23:19] [ERR] Failed to check the state of sock (session id: 25fb66b0-c8cf-4b44-a4de-2cc320c23093, error: SSLEOFError, message: EOF occurred in violation of protocol (_ssl.c:2427))
[11:23:29] [ERR] Failed to check the state of sock (session id: 25fb66b0-c8cf-4b44-a4de-2cc320c23093, error: SSLError, message: [SSL: BAD_LENGTH] bad length (_ssl.c:2427))
[11:23:39] [ERR] Failed to check the state of sock (session id: 25fb66b0-c8cf-4b44-a4de-2cc320c23093, error: SSLEOFError, message: EOF occurred in violation of protocol (_ssl.c:2427))
[11:23:49] [ERR] Failed to check the state of sock (session id: 25fb66b0-c8cf-4b44-a4de-2cc320c23093, error: SSLError, message: [SSL: BAD_LENGTH] bad length (_ssl.c:2427))
[11:25:10] [ERR] Failed to check the state of sock (session id: ec9bfba9-1b12-4009-ac6f-847cee778aff, error: SSLEOFError, message: EOF occurred in violation of protocol (_ssl.c:2427))
[11:25:20] [ERR] Failed to check the state of sock (session id: ec9bfba9-1b12-4009-ac6f-847cee778aff, error: SSLEOFError, message: EOF occurred in violation of protocol (_ssl.c:2427))
[11:25:30] [ERR] Failed to check the state of sock (session id: ec9bfba9-1b12-4009-ac6f-847cee778aff, error: SSLEOFError, message: EOF occurred in violation of protocol (_ssl.c:2427))
[11:25:40] [ERR] Failed to check the state of sock (session id: ec9bfba9-1b12-4009-ac6f-847cee778aff, error: SSLError, message: [SSL: BAD_LENGTH] bad length (_ssl.c:2427))
[11:25:50] [ERR] Failed to check the state of sock (session id: ec9bfba9-1b12-4009-ac6f-847cee778aff, error: SSLEOFError, message: EOF occurred in violation of protocol (_ssl.c:2427))
[11:26:51] [ERR] Failed to check the state of sock (session id: 0efac7ce-16fd-427b-a9bd-474e70434fb2, error: SSLEOFError, message: EOF occurred in violation of protocol (_ssl.c:2427))
[11:27:01] [ERR] Failed to check the state of sock (session id: 0efac7ce-16fd-427b-a9bd-474e70434fb2, error: SSLError, message: [SSL: BAD_LENGTH] bad length (_ssl.c:2427))
[11:27:11] [ERR] Failed to check the state of sock (session id: 0efac7ce-16fd-427b-a9bd-474e70434fb2, error: SSLError, message: [SSL: BAD_LENGTH] bad length (_ssl.c:2427))
[11:27:21] [ERR] Failed to check the state of sock (session id: 0efac7ce-16fd-427b-a9bd-474e70434fb2, error: SSLError, message: [SSL: BAD_LENGTH] bad length (_ssl.c:2427))
[11:27:31] [ERR] Failed to check the state of sock (session id: 0efac7ce-16fd-427b-a9bd-474e70434fb2, error: SSLEOFError, message: EOF occurred in violation of protocol (_ssl.c:2427))
[11:28:41] [ERR] Failed to check the state of sock (session id: 8ca39741-56b4-4ee9-a0a1-174c183ec052, error: SSLEOFError, message: EOF occurred in violation of protocol (_ssl.c:2427))
[11:28:51] [ERR] Failed to check the state of sock (session id: 8ca39741-56b4-4ee9-a0a1-174c183ec052, error: SSLEOFError, message: EOF occurred in violation of protocol (_ssl.c:2427))
[11:29:01] [ERR] Failed to check the state of sock (session id: 8ca39741-56b4-4ee9-a0a1-174c183ec052, error: SSLEOFError, message: EOF occurred in violation of protocol (_ssl.c:2427))
[11:29:11] [ERR] Failed to check the state of sock (session id: 8ca39741-56b4-4ee9-a0a1-174c183ec052, error: SSLEOFError, message: EOF occurred in violation of protocol (_ssl.c:2427))
[11:29:21] [ERR] Failed to check the state of sock (session id: 8ca39741-56b4-4ee9-a0a1-174c183ec052, error: SSLEOFError, message: EOF occurred in violation of protocol (_ssl.c:2427))
[11:30:42] [ERR] Failed to check the state of sock (session id: 66d7537b-3dd5-47d2-a4c7-2be029c0da7e, error: SSLEOFError, message: EOF occurred in violation of protocol (_ssl.c:2427))
[11:30:52] [ERR] Failed to check the state of sock (session id: 66d7537b-3dd5-47d2-a4c7-2be029c0da7e, error: SSLError, message: [SSL: BAD_LENGTH] bad length (_ssl.c:2427))
[11:31:03] [ERR] Failed to check the state of sock (session id: 66d7537b-3dd5-47d2-a4c7-2be029c0da7e, error: SSLEOFError, message: EOF occurred in violation of protocol (_ssl.c:2427))
[11:31:13] [ERR] Failed to check the state of sock (session id: 66d7537b-3dd5-47d2-a4c7-2be029c0da7e, error: SSLEOFError, message: EOF occurred in violation of protocol (_ssl.c:2427))
[11:31:23] [ERR] Failed to check the state of sock (session id: 66d7537b-3dd5-47d2-a4c7-2be029c0da7e, error: SSLEOFError, message: EOF occurred in violation of protocol (_ssl.c:2427))
[11:32:54] [ERR] Failed to check the state of sock (session id: ee9c807a-04b0-44c2-ad17-442ca210f9f1, error: SSLEOFError, message: EOF occurred in violation of protocol (_ssl.c:2427))
[11:33:04] [ERR] Failed to check the state of sock (session id: ee9c807a-04b0-44c2-ad17-442ca210f9f1, error: SSLEOFError, message: EOF occurred in violation of protocol (_ssl.c:2427))
[11:33:14] [ERR] Failed to check the state of sock (session id: ee9c807a-04b0-44c2-ad17-442ca210f9f1, error: SSLEOFError, message: EOF occurred in violation of protocol (_ssl.c:2427))
[11:33:24] [ERR] Failed to check the state of sock (session id: ee9c807a-04b0-44c2-ad17-442ca210f9f1, error: SSLError, message: [SSL: BAD_LENGTH] bad length (_ssl.c:2427))
[11:33:34] [ERR] Failed to check the state of sock (session id: ee9c807a-04b0-44c2-ad17-442ca210f9f1, error: SSLEOFError, message: EOF occurred in violation of protocol (_ssl.c:2427))
[11:34:35] [ERR] Failed to check the state of sock (session id: 37612696-3e2f-46cc-aa12-a065f37cdc56, error: SSLEOFError, message: EOF occurred in violation of protocol (_ssl.c:2427))
[11:34:45] [ERR] Failed to check the state of sock (session id: 37612696-3e2f-46cc-aa12-a065f37cdc56, error: SSLEOFError, message: EOF occurred in violation of protocol (_ssl.c:2427))
[11:34:55] [ERR] Failed to check the state of sock (session id: 37612696-3e2f-46cc-aa12-a065f37cdc56, error: SSLEOFError, message: EOF occurred in violation of protocol (_ssl.c:2427))
[11:35:05] [ERR] Failed to check the state of sock (session id: 37612696-3e2f-46cc-aa12-a065f37cdc56, error: SSLError, message: [SSL: BAD_LENGTH] bad length (_ssl.c:2427))
[11:35:15] [ERR] Failed to check the state of sock (session id: 37612696-3e2f-46cc-aa12-a065f37cdc56, error: SSLEOFError, message: EOF occurred in violation of protocol (_ssl.c:2427))
[11:36:06] [ERR] Failed to check the state of sock (session id: cf9f0736-82ba-4241-bfb5-6c5124609065, error: SSLEOFError, message: EOF occurred in violation of protocol (_ssl.c:2427))
[11:36:16] [ERR] Failed to check the state of sock (session id: cf9f0736-82ba-4241-bfb5-6c5124609065, error: SSLEOFError, message: EOF occurred in violation of protocol (_ssl.c:2427))
[11:36:26] [ERR] Failed to check the state of sock (session id: cf9f0736-82ba-4241-bfb5-6c5124609065, error: SSLEOFError, message: EOF occurred in violation of protocol (_ssl.c:2427))
[11:36:36] [ERR] Failed to check the state of sock (session id: cf9f0736-82ba-4241-bfb5-6c5124609065, error: SSLEOFError, message: EOF occurred in violation of protocol (_ssl.c:2427))
[11:36:46] [ERR] Failed to check the state of sock (session id: cf9f0736-82ba-4241-bfb5-6c5124609065, error: SSLEOFError, message: EOF occurred in violation of protocol (_ssl.c:2427))
[11:37:37] [ERR] Failed to check the state of sock (session id: 2b28b8f7-c0bc-444f-ad3c-00c398230010, error: SSLEOFError, message: EOF occurred in violation of protocol (_ssl.c:2427))
[11:37:47] [ERR] Failed to check the state of sock (session id: 2b28b8f7-c0bc-444f-ad3c-00c398230010, error: SSLEOFError, message: EOF occurred in violation of protocol (_ssl.c:2427))
[11:37:57] [ERR] Failed to check the state of sock (session id: 2b28b8f7-c0bc-444f-ad3c-00c398230010, error: SSLEOFError, message: EOF occurred in violation of protocol (_ssl.c:2427))
[11:38:07] [ERR] Failed to check the state of sock (session id: 2b28b8f7-c0bc-444f-ad3c-00c398230010, error: SSLEOFError, message: EOF occurred in violation of protocol (_ssl.c:2427))
[11:38:17] [ERR] Failed to check the state of sock (session id: 2b28b8f7-c0bc-444f-ad3c-00c398230010, error: SSLEOFError, message: EOF occurred in violation of protocol (_ssl.c:2427))
[11:39:18] [ERR] Failed to check the state of sock (session id: 27e00330-cb00-4503-93ab-ca1f91824263, error: SSLEOFError, message: EOF occurred in violation of protocol (_ssl.c:2427))
[11:39:28] [ERR] Failed to check the state of sock (session id: 27e00330-cb00-4503-93ab-ca1f91824263, error: SSLEOFError, message: EOF occurred in violation of protocol (_ssl.c:2427))
[11:39:38] [ERR] Failed to check the state of sock (session id: 27e00330-cb00-4503-93ab-ca1f91824263, error: SSLEOFError, message: EOF occurred in violation of protocol (_ssl.c:2427))
[11:39:48] [ERR] Failed to check the state of sock (session id: 27e00330-cb00-4503-93ab-ca1f91824263, error: SSLEOFError, message: EOF occurred in violation of protocol (_ssl.c:2427))
[11:39:58] [ERR] Failed to check the state of sock (session id: 27e00330-cb00-4503-93ab-ca1f91824263, error: SSLEOFError, message: EOF occurred in violation of protocol (_ssl.c:2427))
[11:41:19] [ERR] Failed to check the state of sock (session id: b94558ff-106d-406b-951a-f2580ed0018f, error: SSLEOFError, message: EOF occurred in violation of protocol (_ssl.c:2427))
[11:41:29] [ERR] Failed to check the state of sock (session id: b94558ff-106d-406b-951a-f2580ed0018f, error: SSLEOFError, message: EOF occurred in violation of protocol (_ssl.c:2427))
[11:41:39] [ERR] Failed to check the state of sock (session id: b94558ff-106d-406b-951a-f2580ed0018f, error: SSLEOFError, message: EOF occurred in violation of protocol (_ssl.c:2427))
[11:41:49] [ERR] Failed to check the state of sock (session id: b94558ff-106d-406b-951a-f2580ed0018f, error: SSLEOFError, message: EOF occurred in violation of protocol (_ssl.c:2427))
[11:42:00] [ERR] Failed to check the state of sock (session id: b94558ff-106d-406b-951a-f2580ed0018f, error: SSLEOFError, message: EOF occurred in violation of protocol (_ssl.c:2427))
[11:43:00] [ERR] Failed to check the state of sock (session id: 35741e0b-51f8-408b-b3f4-adf974d2ce13, error: SSLEOFError, message: EOF occurred in violation of protocol (_ssl.c:2427))
[11:43:10] [ERR] Failed to check the state of sock (session id: 35741e0b-51f8-408b-b3f4-adf974d2ce13, error: SSLEOFError, message: EOF occurred in violation of protocol (_ssl.c:2427))
[11:43:20] [ERR] Failed to check the state of sock (session id: 35741e0b-51f8-408b-b3f4-adf974d2ce13, error: SSLError, message: [SSL: BAD_LENGTH] bad length (_ssl.c:2427))
[11:43:30] [ERR] Failed to check the state of sock (session id: 35741e0b-51f8-408b-b3f4-adf974d2ce13, error: SSLEOFError, message: EOF occurred in violation of protocol (_ssl.c:2427))
[11:43:40] [ERR] Failed to check the state of sock (session id: 35741e0b-51f8-408b-b3f4-adf974d2ce13, error: SSLEOFError, message: EOF occurred in violation of protocol (_ssl.c:2427))
[11:44:42] [ERR] Failed to check the state of sock (session id: 8eed9952-80ef-4575-8a57-18d961a593d7, error: SSLEOFError, message: EOF occurred in violation of protocol (_ssl.c:2427))
[11:44:52] [ERR] Failed to check the state of sock (session id: 8eed9952-80ef-4575-8a57-18d961a593d7, error: SSLEOFError, message: EOF occurred in violation of protocol (_ssl.c:2427))
[11:45:02] [ERR] Failed to check the state of sock (session id: 8eed9952-80ef-4575-8a57-18d961a593d7, error: SSLEOFError, message: EOF occurred in violation of protocol (_ssl.c:2427))
[11:45:12] [ERR] Failed to check the state of sock (session id: 8eed9952-80ef-4575-8a57-18d961a593d7, error: SSLEOFError, message: EOF occurred in violation of protocol (_ssl.c:2427))
[11:45:22] [ERR] Failed to check the state of sock (session id: 8eed9952-80ef-4575-8a57-18d961a593d7, error: SSLError, message: [SSL: BAD_LENGTH] bad length (_ssl.c:2427))
[11:46:43] [ERR] Failed to check the state of sock (session id: e1b2216e-db9d-4c80-9042-4f08a6b4a975, error: SSLEOFError, message: EOF occurred in violation of protocol (_ssl.c:2427))
[11:46:53] [ERR] Failed to check the state of sock (session id: e1b2216e-db9d-4c80-9042-4f08a6b4a975, error: SSLEOFError, message: EOF occurred in violation of protocol (_ssl.c:2427))
[11:47:03] [ERR] Failed to check the state of sock (session id: e1b2216e-db9d-4c80-9042-4f08a6b4a975, error: SSLEOFError, message: EOF occurred in violation of protocol (_ssl.c:2427))
[11:47:13] [ERR] Failed to check the state of sock (session id: e1b2216e-db9d-4c80-9042-4f08a6b4a975, error: SSLEOFError, message: EOF occurred in violation of protocol (_ssl.c:2427))
[11:47:23] [ERR] Failed to check the state of sock (session id: e1b2216e-db9d-4c80-9042-4f08a6b4a975, error: SSLEOFError, message: EOF occurred in violation of protocol (_ssl.c:2427))
[11:48:44] [ERR] Failed to check the state of sock (session id: 9ce0044c-c76c-49d4-9248-2a380e842c5b, error: SSLEOFError, message: EOF occurred in violation of protocol (_ssl.c:2427))
[11:48:54] [ERR] Failed to check the state of sock (session id: 9ce0044c-c76c-49d4-9248-2a380e842c5b, error: SSLEOFError, message: EOF occurred in violation of protocol (_ssl.c:2427))
[11:49:04] [ERR] Failed to check the state of sock (session id: 9ce0044c-c76c-49d4-9248-2a380e842c5b, error: SSLError, message: [SSL: BAD_LENGTH] bad length (_ssl.c:2427))
[11:49:14] [ERR] Failed to check the state of sock (session id: 9ce0044c-c76c-49d4-9248-2a380e842c5b, error: SSLError, message: [SSL: BAD_LENGTH] bad length (_ssl.c:2427))
[11:49:24] [ERR] Failed to check the state of sock (session id: 9ce0044c-c76c-49d4-9248-2a380e842c5b, error: SSLEOFError, message: EOF occurred in violation of protocol (_ssl.c:2427))
[11:50:45] [ERR] Failed to check the state of sock (session id: 9b80a00d-cc7b-4663-90c9-5a6d3339266c, error: SSLEOFError, message: EOF occurred in violation of protocol (_ssl.c:2427))
[11:50:55] [ERR] Failed to check the state of sock (session id: 9b80a00d-cc7b-4663-90c9-5a6d3339266c, error: SSLEOFError, message: EOF occurred in violation of protocol (_ssl.c:2427))
[11:51:05] [ERR] Failed to check the state of sock (session id: 9b80a00d-cc7b-4663-90c9-5a6d3339266c, error: SSLEOFError, message: EOF occurred in violation of protocol (_ssl.c:2427))
[11:51:15] [ERR] Failed to check the state of sock (session id: 9b80a00d-cc7b-4663-90c9-5a6d3339266c, error: SSLError, message: [SSL: BAD_LENGTH] bad length (_ssl.c:2427))
[11:51:25] [ERR] Failed to check the state of sock (session id: 9b80a00d-cc7b-4663-90c9-5a6d3339266c, error: SSLEOFError, message: EOF occurred in violation of protocol (_ssl.c:2427))
[11:52:26] [ERR] Failed to check the state of sock (session id: a34d7c96-3ece-46aa-9cbe-182c6f7d4515, error: SSLEOFError, message: EOF occurred in violation of protocol (_ssl.c:2427))
[11:52:36] [ERR] Failed to check the state of sock (session id: a34d7c96-3ece-46aa-9cbe-182c6f7d4515, error: SSLEOFError, message: EOF occurred in violation of protocol (_ssl.c:2427))
[11:52:46] [ERR] Failed to check the state of sock (session id: a34d7c96-3ece-46aa-9cbe-182c6f7d4515, error: SSLEOFError, message: EOF occurred in violation of protocol (_ssl.c:2427))
[11:52:56] [ERR] Failed to check the state of sock (session id: a34d7c96-3ece-46aa-9cbe-182c6f7d4515, error: SSLEOFError, message: EOF occurred in violation of protocol (_ssl.c:2427))
[11:53:06] [ERR] Failed to check the state of sock (session id: a34d7c96-3ece-46aa-9cbe-182c6f7d4515, error: SSLEOFError, message: EOF occurred in violation of protocol (_ssl.c:2427))
[11:54:27] [ERR] Failed to check the state of sock (session id: 34393e8b-c494-4848-a054-f01d460bc889, error: SSLEOFError, message: EOF occurred in violation of protocol (_ssl.c:2427))
[11:54:37] [ERR] Failed to check the state of sock (session id: 34393e8b-c494-4848-a054-f01d460bc889, error: SSLEOFError, message: EOF occurred in violation of protocol (_ssl.c:2427))
[11:54:47] [ERR] Failed to check the state of sock (session id: 34393e8b-c494-4848-a054-f01d460bc889, error: SSLEOFError, message: EOF occurred in violation of protocol (_ssl.c:2427))
[11:54:57] [ERR] Failed to check the state of sock (session id: 34393e8b-c494-4848-a054-f01d460bc889, error: SSLEOFError, message: EOF occurred in violation of protocol (_ssl.c:2427))
[11:55:07] [ERR] Failed to check the state of sock (session id: 34393e8b-c494-4848-a054-f01d460bc889, error: SSLError, message: [SSL: BAD_LENGTH] bad length (_ssl.c:2427))
[11:55:58] [ERR] Failed to check the state of sock (session id: df22abfd-127b-4c74-ab3d-be57274e40fc, error: SSLEOFError, message: EOF occurred in violation of protocol (_ssl.c:2427))
[11:56:08] [ERR] Failed to check the state of sock (session id: df22abfd-127b-4c74-ab3d-be57274e40fc, error: SSLEOFError, message: EOF occurred in violation of protocol (_ssl.c:2427))
[11:56:18] [ERR] Failed to check the state of sock (session id: df22abfd-127b-4c74-ab3d-be57274e40fc, error: SSLEOFError, message: EOF occurred in violation of protocol (_ssl.c:2427))
[11:56:28] [ERR] Failed to check the state of sock (session id: df22abfd-127b-4c74-ab3d-be57274e40fc, error: SSLEOFError, message: EOF occurred in violation of protocol (_ssl.c:2427))
[11:56:38] [ERR] Failed to check the state of sock (session id: df22abfd-127b-4c74-ab3d-be57274e40fc, error: SSLEOFError, message: EOF occurred in violation of protocol (_ssl.c:2427))
[11:57:29] [ERR] Failed to check the state of sock (session id: 1399c2be-798c-43fe-9ce4-d969cd71a288, error: SSLEOFError, message: EOF occurred in violation of protocol (_ssl.c:2427))
[11:57:39] [ERR] Failed to check the state of sock (session id: 1399c2be-798c-43fe-9ce4-d969cd71a288, error: SSLEOFError, message: EOF occurred in violation of protocol (_ssl.c:2427))
[11:57:49] [ERR] Failed to check the state of sock (session id: 1399c2be-798c-43fe-9ce4-d969cd71a288, error: SSLEOFError, message: EOF occurred in violation of protocol (_ssl.c:2427))
[11:57:59] [ERR] Failed to check the state of sock (session id: 1399c2be-798c-43fe-9ce4-d969cd71a288, error: SSLError, message: [SSL: BAD_LENGTH] bad length (_ssl.c:2427))
[11:58:09] [ERR] Failed to check the state of sock (session id: 1399c2be-798c-43fe-9ce4-d969cd71a288, error: SSLEOFError, message: EOF occurred in violation of protocol (_ssl.c:2427))
[11:59:00] [ERR] Failed to check the state of sock (session id: 321b3d05-19bb-4ded-9e3f-b72d0a47b40f, error: SSLEOFError, message: EOF occurred in violation of protocol (_ssl.c:2427))
[11:59:10] [ERR] Failed to check the state of sock (session id: 321b3d05-19bb-4ded-9e3f-b72d0a47b40f, error: SSLEOFError, message: EOF occurred in violation of protocol (_ssl.c:2427))
[11:59:20] [ERR] Failed to check the state of sock (session id: 321b3d05-19bb-4ded-9e3f-b72d0a47b40f, error: SSLEOFError, message: EOF occurred in violation of protocol (_ssl.c:2427))
[11:59:30] [ERR] Failed to check the state of sock (session id: 321b3d05-19bb-4ded-9e3f-b72d0a47b40f, error: SSLEOFError, message: EOF occurred in violation of protocol (_ssl.c:2427))
[11:59:40] [ERR] Failed to check the state of sock (session id: 321b3d05-19bb-4ded-9e3f-b72d0a47b40f, error: SSLEOFError, message: EOF occurred in violation of protocol (_ssl.c:2427))
[12:00:41] [ERR] Failed to check the state of sock (session id: 411df040-b1f3-4ce1-8504-4791eb369382, error: SSLEOFError, message: EOF occurred in violation of protocol (_ssl.c:2427))
[12:00:51] [ERR] Failed to check the state of sock (session id: 411df040-b1f3-4ce1-8504-4791eb369382, error: SSLEOFError, message: EOF occurred in violation of protocol (_ssl.c:2427))
[12:01:01] [ERR] Failed to check the state of sock (session id: 411df040-b1f3-4ce1-8504-4791eb369382, error: SSLEOFError, message: EOF occurred in violation of protocol (_ssl.c:2427))
[12:01:11] [ERR] Failed to check the state of sock (session id: 411df040-b1f3-4ce1-8504-4791eb369382, error: SSLEOFError, message: EOF occurred in violation of protocol (_ssl.c:2427))
[12:01:21] [ERR] Failed to check the state of sock (session id: 411df040-b1f3-4ce1-8504-4791eb369382, error: SSLEOFError, message: EOF occurred in violation of protocol (_ssl.c:2427))
[12:02:22] [ERR] Failed to check the state of sock (session id: 87b880c1-50c2-4e5c-8323-e64ec4d1360e, error: SSLEOFError, message: EOF occurred in violation of protocol (_ssl.c:2427))
[12:02:32] [ERR] Failed to check the state of sock (session id: 87b880c1-50c2-4e5c-8323-e64ec4d1360e, error: SSLEOFError, message: EOF occurred in violation of protocol (_ssl.c:2427))
[12:02:42] [ERR] Failed to check the state of sock (session id: 87b880c1-50c2-4e5c-8323-e64ec4d1360e, error: SSLEOFError, message: EOF occurred in violation of protocol (_ssl.c:2427))
[12:02:52] [ERR] Failed to check the state of sock (session id: 87b880c1-50c2-4e5c-8323-e64ec4d1360e, error: SSLEOFError, message: EOF occurred in violation of protocol (_ssl.c:2427))
[12:03:02] [ERR] Failed to check the state of sock (session id: 87b880c1-50c2-4e5c-8323-e64ec4d1360e, error: SSLEOFError, message: EOF occurred in violation of protocol (_ssl.c:2427))
[12:04:03] [ERR] Failed to check the state of sock (session id: c608f441-5c88-4cad-affd-f443499adcc4, error: SSLEOFError, message: EOF occurred in violation of protocol (_ssl.c:2427))
[12:04:13] [ERR] Failed to check the state of sock (session id: c608f441-5c88-4cad-affd-f443499adcc4, error: SSLEOFError, message: EOF occurred in violation of protocol (_ssl.c:2427))
[12:04:23] [ERR] Failed to check the state of sock (session id: c608f441-5c88-4cad-affd-f443499adcc4, error: SSLEOFError, message: EOF occurred in violation of protocol (_ssl.c:2427))
[12:04:33] [ERR] Failed to check the state of sock (session id: c608f441-5c88-4cad-affd-f443499adcc4, error: SSLEOFError, message: EOF occurred in violation of protocol (_ssl.c:2427))
[12:04:43] [ERR] Failed to check the state of sock (session id: c608f441-5c88-4cad-affd-f443499adcc4, error: SSLEOFError, message: EOF occurred in violation of protocol (_ssl.c:2427))
[12:05:44] [ERR] Failed to check the state of sock (session id: 377b6dac-255a-45c9-be15-b6e4a8ee54e6, error: SSLEOFError, message: EOF occurred in violation of protocol (_ssl.c:2427))
[12:05:54] [ERR] Failed to check the state of sock (session id: 377b6dac-255a-45c9-be15-b6e4a8ee54e6, error: SSLEOFError, message: EOF occurred in violation of protocol (_ssl.c:2427))
[12:06:04] [ERR] Failed to check the state of sock (session id: 377b6dac-255a-45c9-be15-b6e4a8ee54e6, error: SSLEOFError, message: EOF occurred in violation of protocol (_ssl.c:2427))
[12:06:14] [ERR] Failed to check the state of sock (session id: 377b6dac-255a-45c9-be15-b6e4a8ee54e6, error: SSLEOFError, message: EOF occurred in violation of protocol (_ssl.c:2427))
[12:06:24] [ERR] Failed to check the state of sock (session id: 377b6dac-255a-45c9-be15-b6e4a8ee54e6, error: SSLEOFError, message: EOF occurred in violation of protocol (_ssl.c:2427))
[12:07:45] [ERR] Failed to check the state of sock (session id: 2fc7bb65-91ab-4197-9d02-91cb21351e29, error: SSLEOFError, message: EOF occurred in violation of protocol (_ssl.c:2427))
[12:07:55] [ERR] Failed to check the state of sock (session id: 2fc7bb65-91ab-4197-9d02-91cb21351e29, error: SSLEOFError, message: EOF occurred in violation of protocol (_ssl.c:2427))
[12:08:05] [ERR] Failed to check the state of sock (session id: 2fc7bb65-91ab-4197-9d02-91cb21351e29, error: SSLError, message: [SSL: BAD_LENGTH] bad length (_ssl.c:2427))
[12:08:15] [ERR] Failed to check the state of sock (session id: 2fc7bb65-91ab-4197-9d02-91cb21351e29, error: SSLEOFError, message: EOF occurred in violation of protocol (_ssl.c:2427))
[12:08:25] [ERR] Failed to check the state of sock (session id: 2fc7bb65-91ab-4197-9d02-91cb21351e29, error: SSLEOFError, message: EOF occurred in violation of protocol (_ssl.c:2427))
[12:09:26] [ERR] Failed to check the state of sock (session id: d8a57ec6-a179-4ad2-beeb-487ce8919d9a, error: SSLEOFError, message: EOF occurred in violation of protocol (_ssl.c:2427))
[12:09:36] [ERR] Failed to check the state of sock (session id: d8a57ec6-a179-4ad2-beeb-487ce8919d9a, error: SSLEOFError, message: EOF occurred in violation of protocol (_ssl.c:2427))
[12:09:46] [ERR] Failed to check the state of sock (session id: d8a57ec6-a179-4ad2-beeb-487ce8919d9a, error: SSLEOFError, message: EOF occurred in violation of protocol (_ssl.c:2427))
[12:09:56] [ERR] Failed to check the state of sock (session id: d8a57ec6-a179-4ad2-beeb-487ce8919d9a, error: SSLEOFError, message: EOF occurred in violation of protocol (_ssl.c:2427))
[12:10:06] [ERR] Failed to check the state of sock (session id: d8a57ec6-a179-4ad2-beeb-487ce8919d9a, error: SSLError, message: [SSL: BAD_LENGTH] bad length (_ssl.c:2427))
[12:11:27] [ERR] Failed to check the state of sock (session id: 2067791c-8e3d-482e-8e8f-faccc903508c, error: SSLEOFError, message: EOF occurred in violation of protocol (_ssl.c:2427))
[12:11:37] [ERR] Failed to check the state of sock (session id: 2067791c-8e3d-482e-8e8f-faccc903508c, error: SSLEOFError, message: EOF occurred in violation of protocol (_ssl.c:2427))
[12:11:47] [ERR] Failed to check the state of sock (session id: 2067791c-8e3d-482e-8e8f-faccc903508c, error: SSLEOFError, message: EOF occurred in violation of protocol (_ssl.c:2427))
[12:11:57] [ERR] Failed to check the state of sock (session id: 2067791c-8e3d-482e-8e8f-faccc903508c, error: SSLEOFError, message: EOF occurred in violation of protocol (_ssl.c:2427))
[12:12:07] [ERR] Failed to check the state of sock (session id: 2067791c-8e3d-482e-8e8f-faccc903508c, error: SSLEOFError, message: EOF occurred in violation of protocol (_ssl.c:2427))
[12:13:08] [ERR] Failed to check the state of sock (session id: e8ae3c00-36c5-4533-b614-ffff3aa9d154, error: SSLEOFError, message: EOF occurred in violation of protocol (_ssl.c:2427))
[12:13:18] [ERR] Failed to check the state of sock (session id: e8ae3c00-36c5-4533-b614-ffff3aa9d154, error: SSLError, message: [SSL: BAD_LENGTH] bad length (_ssl.c:2427))
[12:13:28] [ERR] Failed to check the state of sock (session id: e8ae3c00-36c5-4533-b614-ffff3aa9d154, error: SSLEOFError, message: EOF occurred in violation of protocol (_ssl.c:2427))
[12:13:38] [ERR] Failed to check the state of sock (session id: e8ae3c00-36c5-4533-b614-ffff3aa9d154, error: SSLEOFError, message: EOF occurred in violation of protocol (_ssl.c:2427))
[12:13:48] [ERR] Failed to check the state of sock (session id: e8ae3c00-36c5-4533-b614-ffff3aa9d154, error: SSLEOFError, message: EOF occurred in violation of protocol (_ssl.c:2427))
[12:15:19] [ERR] Failed to check the state of sock (session id: fbe36982-b658-4d95-8165-47f6d7817e77, error: SSLEOFError, message: EOF occurred in violation of protocol (_ssl.c:2427))
[12:15:29] [ERR] Failed to check the state of sock (session id: fbe36982-b658-4d95-8165-47f6d7817e77, error: SSLEOFError, message: EOF occurred in violation of protocol (_ssl.c:2427))
[12:15:39] [ERR] Failed to check the state of sock (session id: fbe36982-b658-4d95-8165-47f6d7817e77, error: SSLEOFError, message: EOF occurred in violation of protocol (_ssl.c:2427))
[12:15:49] [ERR] Failed to check the state of sock (session id: fbe36982-b658-4d95-8165-47f6d7817e77, error: SSLEOFError, message: EOF occurred in violation of protocol (_ssl.c:2427))
[12:15:59] [ERR] Failed to check the state of sock (session id: fbe36982-b658-4d95-8165-47f6d7817e77, error: SSLEOFError, message: EOF occurred in violation of protocol (_ssl.c:2427))
[12:17:00] [ERR] Failed to check the state of sock (session id: ff850642-2be7-4548-b332-ac163a359c5d, error: SSLEOFError, message: EOF occurred in violation of protocol (_ssl.c:2427))
[12:17:10] [ERR] Failed to check the state of sock (session id: ff850642-2be7-4548-b332-ac163a359c5d, error: SSLEOFError, message: EOF occurred in violation of protocol (_ssl.c:2427))
[12:17:20] [ERR] Failed to check the state of sock (session id: ff850642-2be7-4548-b332-ac163a359c5d, error: SSLEOFError, message: EOF occurred in violation of protocol (_ssl.c:2427))
[12:17:30] [ERR] Failed to check the state of sock (session id: ff850642-2be7-4548-b332-ac163a359c5d, error: SSLEOFError, message: EOF occurred in violation of protocol (_ssl.c:2427))
[12:17:40] [ERR] Failed to check the state of sock (session id: ff850642-2be7-4548-b332-ac163a359c5d, error: SSLEOFError, message: EOF occurred in violation of protocol (_ssl.c:2427))
[12:18:31] [ERR] Failed to check the state of sock (session id: 959c89b3-7a7b-4a73-8fee-af54d140805a, error: SSLEOFError, message: EOF occurred in violation of protocol (_ssl.c:2427))
[12:18:41] [ERR] Failed to check the state of sock (session id: 959c89b3-7a7b-4a73-8fee-af54d140805a, error: SSLError, message: [SSL: BAD_LENGTH] bad length (_ssl.c:2427))
[12:18:51] [ERR] Failed to check the state of sock (session id: 959c89b3-7a7b-4a73-8fee-af54d140805a, error: SSLEOFError, message: EOF occurred in violation of protocol (_ssl.c:2427))
[12:19:01] [ERR] Failed to check the state of sock (session id: 959c89b3-7a7b-4a73-8fee-af54d140805a, error: SSLEOFError, message: EOF occurred in violation of protocol (_ssl.c:2427))
[12:19:11] [ERR] Failed to check the state of sock (session id: 959c89b3-7a7b-4a73-8fee-af54d140805a, error: SSLError, message: [SSL: BAD_LENGTH] bad length (_ssl.c:2427))
[12:20:12] [ERR] Failed to check the state of sock (session id: 6ee6aa6c-1abf-4263-8621-8539c5bf9299, error: SSLEOFError, message: EOF occurred in violation of protocol (_ssl.c:2427))
[12:20:22] [ERR] Failed to check the state of sock (session id: 6ee6aa6c-1abf-4263-8621-8539c5bf9299, error: SSLEOFError, message: EOF occurred in violation of protocol (_ssl.c:2427))
[12:20:32] [ERR] Failed to check the state of sock (session id: 6ee6aa6c-1abf-4263-8621-8539c5bf9299, error: SSLEOFError, message: EOF occurred in violation of protocol (_ssl.c:2427))
[12:20:42] [ERR] Failed to check the state of sock (session id: 6ee6aa6c-1abf-4263-8621-8539c5bf9299, error: SSLEOFError, message: EOF occurred in violation of protocol (_ssl.c:2427))
[12:20:52] [ERR] Failed to check the state of sock (session id: 6ee6aa6c-1abf-4263-8621-8539c5bf9299, error: SSLEOFError, message: EOF occurred in violation of protocol (_ssl.c:2427))
[12:22:13] [ERR] Failed to check the state of sock (session id: 1ad1179b-1251-425f-91a5-ce51134ef6b5, error: SSLEOFError, message: EOF occurred in violation of protocol (_ssl.c:2427))
[12:22:23] [ERR] Failed to check the state of sock (session id: 1ad1179b-1251-425f-91a5-ce51134ef6b5, error: SSLEOFError, message: EOF occurred in violation of protocol (_ssl.c:2427))
[12:22:33] [ERR] Failed to check the state of sock (session id: 1ad1179b-1251-425f-91a5-ce51134ef6b5, error: SSLEOFError, message: EOF occurred in violation of protocol (_ssl.c:2427))
[12:22:43] [ERR] Failed to check the state of sock (session id: 1ad1179b-1251-425f-91a5-ce51134ef6b5, error: SSLEOFError, message: EOF occurred in violation of protocol (_ssl.c:2427))
[12:22:53] [ERR] Failed to check the state of sock (session id: 1ad1179b-1251-425f-91a5-ce51134ef6b5, error: SSLError, message: [SSL: BAD_LENGTH] bad length (_ssl.c:2427))
[12:23:54] [ERR] Failed to check the state of sock (session id: 62827183-71a3-49bc-b234-a74221786327, error: SSLEOFError, message: EOF occurred in violation of protocol (_ssl.c:2427))
[12:24:04] [ERR] Failed to check the state of sock (session id: 62827183-71a3-49bc-b234-a74221786327, error: SSLError, message: [SSL: BAD_LENGTH] bad length (_ssl.c:2427))
[12:24:14] [ERR] Failed to check the state of sock (session id: 62827183-71a3-49bc-b234-a74221786327, error: SSLError, message: [SSL: BAD_LENGTH] bad length (_ssl.c:2427))
[12:24:24] [ERR] Failed to check the state of sock (session id: 62827183-71a3-49bc-b234-a74221786327, error: SSLError, message: [SSL: BAD_LENGTH] bad length (_ssl.c:2427))
[12:24:34] [ERR] Failed to check the state of sock (session id: 62827183-71a3-49bc-b234-a74221786327, error: SSLEOFError, message: EOF occurred in violation of protocol (_ssl.c:2427))
[12:25:35] [ERR] Failed to check the state of sock (session id: 9fb7a700-075d-4bd8-bc5b-a3ebf6d0db28, error: SSLEOFError, message: EOF occurred in violation of protocol (_ssl.c:2427))
[12:25:45] [ERR] Failed to check the state of sock (session id: 9fb7a700-075d-4bd8-bc5b-a3ebf6d0db28, error: SSLError, message: [SSL: BAD_LENGTH] bad length (_ssl.c:2427))
[12:25:55] [ERR] Failed to check the state of sock (session id: 9fb7a700-075d-4bd8-bc5b-a3ebf6d0db28, error: SSLError, message: [SSL: BAD_LENGTH] bad length (_ssl.c:2427))
[12:26:05] [ERR] Failed to check the state of sock (session id: 9fb7a700-075d-4bd8-bc5b-a3ebf6d0db28, error: SSLEOFError, message: EOF occurred in violation of protocol (_ssl.c:2427))
[12:26:15] [ERR] Failed to check the state of sock (session id: 9fb7a700-075d-4bd8-bc5b-a3ebf6d0db28, error: SSLError, message: [SSL: BAD_LENGTH] bad length (_ssl.c:2427))
[12:27:06] [ERR] Failed to check the state of sock (session id: 5ae7cf51-1a65-4dc6-925b-4fc1a171bf13, error: SSLEOFError, message: EOF occurred in violation of protocol (_ssl.c:2427))
[12:27:16] [ERR] Failed to check the state of sock (session id: 5ae7cf51-1a65-4dc6-925b-4fc1a171bf13, error: SSLEOFError, message: EOF occurred in violation of protocol (_ssl.c:2427))
[12:27:26] [ERR] Failed to check the state of sock (session id: 5ae7cf51-1a65-4dc6-925b-4fc1a171bf13, error: SSLEOFError, message: EOF occurred in violation of protocol (_ssl.c:2427))
[12:27:36] [ERR] Failed to check the state of sock (session id: 5ae7cf51-1a65-4dc6-925b-4fc1a171bf13, error: SSLEOFError, message: EOF occurred in violation of protocol (_ssl.c:2427))
[12:27:46] [ERR] Failed to check the state of sock (session id: 5ae7cf51-1a65-4dc6-925b-4fc1a171bf13, error: SSLEOFError, message: EOF occurred in violation of protocol (_ssl.c:2427))
[12:28:47] [ERR] Failed to check the state of sock (session id: 11f632f6-748a-449e-8e46-4c037627478e, error: SSLEOFError, message: EOF occurred in violation of protocol (_ssl.c:2427))
[12:28:57] [ERR] Failed to check the state of sock (session id: 11f632f6-748a-449e-8e46-4c037627478e, error: SSLError, message: [SSL: BAD_LENGTH] bad length (_ssl.c:2427))
[12:29:07] [ERR] Failed to check the state of sock (session id: 11f632f6-748a-449e-8e46-4c037627478e, error: SSLError, message: [SSL: BAD_LENGTH] bad length (_ssl.c:2427))
[12:29:17] [ERR] Failed to check the state of sock (session id: 11f632f6-748a-449e-8e46-4c037627478e, error: SSLEOFError, message: EOF occurred in violation of protocol (_ssl.c:2427))
[12:29:27] [ERR] Failed to check the state of sock (session id: 11f632f6-748a-449e-8e46-4c037627478e, error: SSLEOFError, message: EOF occurred in violation of protocol (_ssl.c:2427))
[12:30:28] [ERR] Failed to check the state of sock (session id: 9b4b6268-caa7-4799-96e5-3660c5f39372, error: SSLEOFError, message: EOF occurred in violation of protocol (_ssl.c:2427))
[12:30:38] [ERR] Failed to check the state of sock (session id: 9b4b6268-caa7-4799-96e5-3660c5f39372, error: SSLEOFError, message: EOF occurred in violation of protocol (_ssl.c:2427))
[12:30:48] [ERR] Failed to check the state of sock (session id: 9b4b6268-caa7-4799-96e5-3660c5f39372, error: SSLEOFError, message: EOF occurred in violation of protocol (_ssl.c:2427))
[12:30:58] [ERR] Failed to check the state of sock (session id: 9b4b6268-caa7-4799-96e5-3660c5f39372, error: SSLEOFError, message: EOF occurred in violation of protocol (_ssl.c:2427))
[12:31:08] [ERR] Failed to check the state of sock (session id: 9b4b6268-caa7-4799-96e5-3660c5f39372, error: SSLError, message: [SSL: BAD_LENGTH] bad length (_ssl.c:2427))
[12:32:09] [ERR] Failed to check the state of sock (session id: 20b6cfdc-69b3-419a-bb64-67b7574859f8, error: SSLEOFError, message: EOF occurred in violation of protocol (_ssl.c:2427))
[12:32:19] [ERR] Failed to check the state of sock (session id: 20b6cfdc-69b3-419a-bb64-67b7574859f8, error: SSLEOFError, message: EOF occurred in violation of protocol (_ssl.c:2427))
[12:32:29] [ERR] Failed to check the state of sock (session id: 20b6cfdc-69b3-419a-bb64-67b7574859f8, error: SSLEOFError, message: EOF occurred in violation of protocol (_ssl.c:2427))
[12:32:39] [ERR] Failed to check the state of sock (session id: 20b6cfdc-69b3-419a-bb64-67b7574859f8, error: SSLEOFError, message: EOF occurred in violation of protocol (_ssl.c:2427))
[12:32:49] [ERR] Failed to check the state of sock (session id: 20b6cfdc-69b3-419a-bb64-67b7574859f8, error: SSLError, message: [SSL: BAD_LENGTH] bad length (_ssl.c:2427))
[12:33:50] [ERR] Failed to check the state of sock (session id: e39437ce-feca-4ae5-82e6-4beab628fd20, error: SSLEOFError, message: EOF occurred in violation of protocol (_ssl.c:2427))
[12:34:00] [ERR] Failed to check the state of sock (session id: e39437ce-feca-4ae5-82e6-4beab628fd20, error: SSLEOFError, message: EOF occurred in violation of protocol (_ssl.c:2427))
[12:34:10] [ERR] Failed to check the state of sock (session id: e39437ce-feca-4ae5-82e6-4beab628fd20, error: SSLEOFError, message: EOF occurred in violation of protocol (_ssl.c:2427))
[12:34:20] [ERR] Failed to check the state of sock (session id: e39437ce-feca-4ae5-82e6-4beab628fd20, error: SSLEOFError, message: EOF occurred in violation of protocol (_ssl.c:2427))
[12:34:30] [ERR] Failed to check the state of sock (session id: e39437ce-feca-4ae5-82e6-4beab628fd20, error: SSLEOFError, message: EOF occurred in violation of protocol (_ssl.c:2427))
[12:35:31] [ERR] Failed to check the state of sock (session id: aeed4365-2695-4adf-bba8-a3a30d9cedc3, error: SSLEOFError, message: EOF occurred in violation of protocol (_ssl.c:2427))
[12:35:41] [ERR] Failed to check the state of sock (session id: aeed4365-2695-4adf-bba8-a3a30d9cedc3, error: SSLEOFError, message: EOF occurred in violation of protocol (_ssl.c:2427))
[12:35:51] [ERR] Failed to check the state of sock (session id: aeed4365-2695-4adf-bba8-a3a30d9cedc3, error: SSLEOFError, message: EOF occurred in violation of protocol (_ssl.c:2427))
[12:36:01] [ERR] Failed to check the state of sock (session id: aeed4365-2695-4adf-bba8-a3a30d9cedc3, error: SSLEOFError, message: EOF occurred in violation of protocol (_ssl.c:2427))
[12:36:11] [ERR] Failed to check the state of sock (session id: aeed4365-2695-4adf-bba8-a3a30d9cedc3, error: SSLEOFError, message: EOF occurred in violation of protocol (_ssl.c:2427))
[12:37:12] [ERR] Failed to check the state of sock (session id: 9bee9da5-3ebd-49f0-a76a-ae464e47c9f7, error: SSLEOFError, message: EOF occurred in violation of protocol (_ssl.c:2427))
[12:37:22] [ERR] Failed to check the state of sock (session id: 9bee9da5-3ebd-49f0-a76a-ae464e47c9f7, error: SSLError, message: [SSL: BAD_LENGTH] bad length (_ssl.c:2427))
[12:37:32] [ERR] Failed to check the state of sock (session id: 9bee9da5-3ebd-49f0-a76a-ae464e47c9f7, error: SSLEOFError, message: EOF occurred in violation of protocol (_ssl.c:2427))
[12:37:42] [ERR] Failed to check the state of sock (session id: 9bee9da5-3ebd-49f0-a76a-ae464e47c9f7, error: SSLEOFError, message: EOF occurred in violation of protocol (_ssl.c:2427))
[12:37:52] [ERR] Failed to check the state of sock (session id: 9bee9da5-3ebd-49f0-a76a-ae464e47c9f7, error: SSLEOFError, message: EOF occurred in violation of protocol (_ssl.c:2427))
[12:39:13] [ERR] Failed to check the state of sock (session id: 10a99108-fecd-48a3-86ef-4022fca28ed7, error: SSLEOFError, message: EOF occurred in violation of protocol (_ssl.c:2427))
[12:39:23] [ERR] Failed to check the state of sock (session id: 10a99108-fecd-48a3-86ef-4022fca28ed7, error: SSLEOFError, message: EOF occurred in violation of protocol (_ssl.c:2427))
[12:39:33] [ERR] Failed to check the state of sock (session id: 10a99108-fecd-48a3-86ef-4022fca28ed7, error: SSLEOFError, message: EOF occurred in violation of protocol (_ssl.c:2427))
[12:39:43] [ERR] Failed to check the state of sock (session id: 10a99108-fecd-48a3-86ef-4022fca28ed7, error: SSLEOFError, message: EOF occurred in violation of protocol (_ssl.c:2427))
[12:39:53] [ERR] Failed to check the state of sock (session id: 10a99108-fecd-48a3-86ef-4022fca28ed7, error: SSLEOFError, message: EOF occurred in violation of protocol (_ssl.c:2427))
[12:40:54] [ERR] Failed to check the state of sock (session id: 211c193a-1a16-4b17-9aaf-fa34a3df9f5e, error: SSLEOFError, message: EOF occurred in violation of protocol (_ssl.c:2427))
[12:41:04] [ERR] Failed to check the state of sock (session id: 211c193a-1a16-4b17-9aaf-fa34a3df9f5e, error: SSLEOFError, message: EOF occurred in violation of protocol (_ssl.c:2427))
[12:41:14] [ERR] Failed to check the state of sock (session id: 211c193a-1a16-4b17-9aaf-fa34a3df9f5e, error: SSLEOFError, message: EOF occurred in violation of protocol (_ssl.c:2427))
[12:41:24] [ERR] Failed to check the state of sock (session id: 211c193a-1a16-4b17-9aaf-fa34a3df9f5e, error: SSLEOFError, message: EOF occurred in violation of protocol (_ssl.c:2427))
[12:41:35] [ERR] Failed to check the state of sock (session id: 211c193a-1a16-4b17-9aaf-fa34a3df9f5e, error: SSLEOFError, message: EOF occurred in violation of protocol (_ssl.c:2427))
[12:43:06] [ERR] Failed to check the state of sock (session id: 74c685c3-b47b-455f-aed9-eed55c895782, error: SSLEOFError, message: EOF occurred in violation of protocol (_ssl.c:2427))
[12:43:16] [ERR] Failed to check the state of sock (session id: 74c685c3-b47b-455f-aed9-eed55c895782, error: SSLEOFError, message: EOF occurred in violation of protocol (_ssl.c:2427))
[12:43:26] [ERR] Failed to check the state of sock (session id: 74c685c3-b47b-455f-aed9-eed55c895782, error: SSLError, message: [SSL: BAD_LENGTH] bad length (_ssl.c:2427))
[12:43:36] [ERR] Failed to check the state of sock (session id: 74c685c3-b47b-455f-aed9-eed55c895782, error: SSLEOFError, message: EOF occurred in violation of protocol (_ssl.c:2427))
[12:43:46] [ERR] Failed to check the state of sock (session id: 74c685c3-b47b-455f-aed9-eed55c895782, error: SSLEOFError, message: EOF occurred in violation of protocol (_ssl.c:2427))
[12:45:07] [ERR] Failed to check the state of sock (session id: f1ca0ca4-b356-430c-94fa-53bc248b3e97, error: SSLEOFError, message: EOF occurred in violation of protocol (_ssl.c:2427))
[12:45:17] [ERR] Failed to check the state of sock (session id: f1ca0ca4-b356-430c-94fa-53bc248b3e97, error: SSLEOFError, message: EOF occurred in violation of protocol (_ssl.c:2427))
[12:45:27] [ERR] Failed to check the state of sock (session id: f1ca0ca4-b356-430c-94fa-53bc248b3e97, error: SSLEOFError, message: EOF occurred in violation of protocol (_ssl.c:2427))
[12:45:37] [ERR] Failed to check the state of sock (session id: f1ca0ca4-b356-430c-94fa-53bc248b3e97, error: SSLEOFError, message: EOF occurred in violation of protocol (_ssl.c:2427))
[12:45:47] [ERR] Failed to check the state of sock (session id: f1ca0ca4-b356-430c-94fa-53bc248b3e97, error: SSLEOFError, message: EOF occurred in violation of protocol (_ssl.c:2427))
[12:47:18] [ERR] Failed to check the state of sock (session id: 4a390470-73d3-46a0-8cae-d2ab33ee0026, error: SSLEOFError, message: EOF occurred in violation of protocol (_ssl.c:2427))
[12:47:28] [ERR] Failed to check the state of sock (session id: 4a390470-73d3-46a0-8cae-d2ab33ee0026, error: SSLEOFError, message: EOF occurred in violation of protocol (_ssl.c:2427))
[12:47:38] [ERR] Failed to check the state of sock (session id: 4a390470-73d3-46a0-8cae-d2ab33ee0026, error: SSLError, message: [SSL: BAD_LENGTH] bad length (_ssl.c:2427))
[12:47:48] [ERR] Failed to check the state of sock (session id: 4a390470-73d3-46a0-8cae-d2ab33ee0026, error: SSLEOFError, message: EOF occurred in violation of protocol (_ssl.c:2427))
[12:47:58] [ERR] Failed to check the state of sock (session id: 4a390470-73d3-46a0-8cae-d2ab33ee0026, error: SSLEOFError, message: EOF occurred in violation of protocol (_ssl.c:2427))
[12:49:19] [ERR] Failed to check the state of sock (session id: 78ec8ef9-663b-41c2-9bfa-27f478aebf3a, error: SSLEOFError, message: EOF occurred in violation of protocol (_ssl.c:2427))
[12:49:29] [ERR] Failed to check the state of sock (session id: 78ec8ef9-663b-41c2-9bfa-27f478aebf3a, error: SSLEOFError, message: EOF occurred in violation of protocol (_ssl.c:2427))
[12:49:39] [ERR] Failed to check the state of sock (session id: 78ec8ef9-663b-41c2-9bfa-27f478aebf3a, error: SSLEOFError, message: EOF occurred in violation of protocol (_ssl.c:2427))
[12:49:49] [ERR] Failed to check the state of sock (session id: 78ec8ef9-663b-41c2-9bfa-27f478aebf3a, error: SSLEOFError, message: EOF occurred in violation of protocol (_ssl.c:2427))
[12:49:59] [ERR] Failed to check the state of sock (session id: 78ec8ef9-663b-41c2-9bfa-27f478aebf3a, error: SSLEOFError, message: EOF occurred in violation of protocol (_ssl.c:2427))
[12:51:00] [ERR] Failed to check the state of sock (session id: 89343c9d-e411-4bd4-b25d-9488e718fdfc, error: SSLEOFError, message: EOF occurred in violation of protocol (_ssl.c:2427))
[12:51:10] [ERR] Failed to check the state of sock (session id: 89343c9d-e411-4bd4-b25d-9488e718fdfc, error: SSLError, message: [SSL: BAD_LENGTH] bad length (_ssl.c:2427))
[12:51:20] [ERR] Failed to check the state of sock (session id: 89343c9d-e411-4bd4-b25d-9488e718fdfc, error: SSLEOFError, message: EOF occurred in violation of protocol (_ssl.c:2427))
[12:51:30] [ERR] Failed to check the state of sock (session id: 89343c9d-e411-4bd4-b25d-9488e718fdfc, error: SSLEOFError, message: EOF occurred in violation of protocol (_ssl.c:2427))
[12:51:40] [ERR] Failed to check the state of sock (session id: 89343c9d-e411-4bd4-b25d-9488e718fdfc, error: SSLError, message: [SSL: BAD_LENGTH] bad length (_ssl.c:2427))
[12:52:41] [ERR] Failed to check the state of sock (session id: 17fab016-0c67-46bc-aff1-35add3a2f92f, error: SSLEOFError, message: EOF occurred in violation of protocol (_ssl.c:2427))
[12:52:51] [ERR] Failed to check the state of sock (session id: 17fab016-0c67-46bc-aff1-35add3a2f92f, error: SSLEOFError, message: EOF occurred in violation of protocol (_ssl.c:2427))
[12:53:01] [ERR] Failed to check the state of sock (session id: 17fab016-0c67-46bc-aff1-35add3a2f92f, error: SSLEOFError, message: EOF occurred in violation of protocol (_ssl.c:2427))
[12:53:11] [ERR] Failed to check the state of sock (session id: 17fab016-0c67-46bc-aff1-35add3a2f92f, error: SSLEOFError, message: EOF occurred in violation of protocol (_ssl.c:2427))
[12:53:21] [ERR] Failed to check the state of sock (session id: 17fab016-0c67-46bc-aff1-35add3a2f92f, error: SSLEOFError, message: EOF occurred in violation of protocol (_ssl.c:2427))
[12:54:22] [ERR] Failed to check the state of sock (session id: 848275c8-1e7d-4538-874b-a3bb5245e229, error: SSLEOFError, message: EOF occurred in violation of protocol (_ssl.c:2427))
[12:54:32] [ERR] Failed to check the state of sock (session id: 848275c8-1e7d-4538-874b-a3bb5245e229, error: SSLEOFError, message: EOF occurred in violation of protocol (_ssl.c:2427))
[12:54:42] [ERR] Failed to check the state of sock (session id: 848275c8-1e7d-4538-874b-a3bb5245e229, error: SSLEOFError, message: EOF occurred in violation of protocol (_ssl.c:2427))
[12:54:52] [ERR] Failed to check the state of sock (session id: 848275c8-1e7d-4538-874b-a3bb5245e229, error: SSLEOFError, message: EOF occurred in violation of protocol (_ssl.c:2427))
[12:55:02] [ERR] Failed to check the state of sock (session id: 848275c8-1e7d-4538-874b-a3bb5245e229, error: SSLEOFError, message: EOF occurred in violation of protocol (_ssl.c:2427))
[12:56:03] [ERR] Failed to check the state of sock (session id: ca4075dd-488c-4c9c-9fce-edca18be841d, error: SSLEOFError, message: EOF occurred in violation of protocol (_ssl.c:2427))
[12:56:13] [ERR] Failed to check the state of sock (session id: ca4075dd-488c-4c9c-9fce-edca18be841d, error: SSLError, message: [SSL: BAD_LENGTH] bad length (_ssl.c:2427))
[12:56:23] [ERR] Failed to check the state of sock (session id: ca4075dd-488c-4c9c-9fce-edca18be841d, error: SSLEOFError, message: EOF occurred in violation of protocol (_ssl.c:2427))
[12:56:33] [ERR] Failed to check the state of sock (session id: ca4075dd-488c-4c9c-9fce-edca18be841d, error: SSLEOFError, message: EOF occurred in violation of protocol (_ssl.c:2427))
[12:56:43] [ERR] Failed to check the state of sock (session id: ca4075dd-488c-4c9c-9fce-edca18be841d, error: SSLError, message: [SSL: BAD_LENGTH] bad length (_ssl.c:2427))
[12:58:04] [ERR] Failed to check the state of sock (session id: ce41ed31-d78e-4194-b1db-b4f8fa4a8310, error: SSLEOFError, message: EOF occurred in violation of protocol (_ssl.c:2427))
[12:58:14] [ERR] Failed to check the state of sock (session id: ce41ed31-d78e-4194-b1db-b4f8fa4a8310, error: SSLError, message: [SSL: BAD_LENGTH] bad length (_ssl.c:2427))
[12:58:24] [ERR] Failed to check the state of sock (session id: ce41ed31-d78e-4194-b1db-b4f8fa4a8310, error: SSLEOFError, message: EOF occurred in violation of protocol (_ssl.c:2427))
[12:58:34] [ERR] Failed to check the state of sock (session id: ce41ed31-d78e-4194-b1db-b4f8fa4a8310, error: SSLError, message: [SSL: BAD_LENGTH] bad length (_ssl.c:2427))
[12:58:44] [ERR] Failed to check the state of sock (session id: ce41ed31-d78e-4194-b1db-b4f8fa4a8310, error: SSLEOFError, message: EOF occurred in violation of protocol (_ssl.c:2427))
[12:59:45] [ERR] Failed to check the state of sock (session id: f4b15ce4-b537-40bc-91ea-a778810a524f, error: SSLEOFError, message: EOF occurred in violation of protocol (_ssl.c:2427))
[12:59:55] [ERR] Failed to check the state of sock (session id: f4b15ce4-b537-40bc-91ea-a778810a524f, error: SSLEOFError, message: EOF occurred in violation of protocol (_ssl.c:2427))
[13:00:05] [ERR] Failed to check the state of sock (session id: f4b15ce4-b537-40bc-91ea-a778810a524f, error: SSLEOFError, message: EOF occurred in violation of protocol (_ssl.c:2427))
[13:00:15] [ERR] Failed to check the state of sock (session id: f4b15ce4-b537-40bc-91ea-a778810a524f, error: SSLEOFError, message: EOF occurred in violation of protocol (_ssl.c:2427))
[13:00:25] [ERR] Failed to check the state of sock (session id: f4b15ce4-b537-40bc-91ea-a778810a524f, error: SSLEOFError, message: EOF occurred in violation of protocol (_ssl.c:2427))
[13:01:26] [ERR] Failed to check the state of sock (session id: 7be8734e-7173-4585-86c7-7cff205b761e, error: SSLEOFError, message: EOF occurred in violation of protocol (_ssl.c:2427))
[13:01:36] [ERR] Failed to check the state of sock (session id: 7be8734e-7173-4585-86c7-7cff205b761e, error: SSLEOFError, message: EOF occurred in violation of protocol (_ssl.c:2427))
[13:01:46] [ERR] Failed to check the state of sock (session id: 7be8734e-7173-4585-86c7-7cff205b761e, error: SSLEOFError, message: EOF occurred in violation of protocol (_ssl.c:2427))
[13:01:56] [ERR] Failed to check the state of sock (session id: 7be8734e-7173-4585-86c7-7cff205b761e, error: SSLEOFError, message: EOF occurred in violation of protocol (_ssl.c:2427))
[13:02:06] [ERR] Failed to check the state of sock (session id: 7be8734e-7173-4585-86c7-7cff205b761e, error: SSLEOFError, message: EOF occurred in violation of protocol (_ssl.c:2427))
[13:03:07] [ERR] Failed to check the state of sock (session id: 83b5522d-8e64-44c5-a5c9-7265337d23f7, error: SSLEOFError, message: EOF occurred in violation of protocol (_ssl.c:2427))
[13:03:17] [ERR] Failed to check the state of sock (session id: 83b5522d-8e64-44c5-a5c9-7265337d23f7, error: SSLEOFError, message: EOF occurred in violation of protocol (_ssl.c:2427))
[13:03:27] [ERR] Failed to check the state of sock (session id: 83b5522d-8e64-44c5-a5c9-7265337d23f7, error: SSLEOFError, message: EOF occurred in violation of protocol (_ssl.c:2427))
[13:03:37] [ERR] Failed to check the state of sock (session id: 83b5522d-8e64-44c5-a5c9-7265337d23f7, error: SSLError, message: [SSL: BAD_LENGTH] bad length (_ssl.c:2427))
[13:03:47] [ERR] Failed to check the state of sock (session id: 83b5522d-8e64-44c5-a5c9-7265337d23f7, error: SSLEOFError, message: EOF occurred in violation of protocol (_ssl.c:2427))
[13:05:08] [ERR] Failed to check the state of sock (session id: 10a64671-d8ca-4390-973d-38723d579912, error: SSLEOFError, message: EOF occurred in violation of protocol (_ssl.c:2427))
[13:05:18] [ERR] Failed to check the state of sock (session id: 10a64671-d8ca-4390-973d-38723d579912, error: SSLEOFError, message: EOF occurred in violation of protocol (_ssl.c:2427))
[13:05:28] [ERR] Failed to check the state of sock (session id: 10a64671-d8ca-4390-973d-38723d579912, error: SSLEOFError, message: EOF occurred in violation of protocol (_ssl.c:2427))
[13:05:38] [ERR] Failed to check the state of sock (session id: 10a64671-d8ca-4390-973d-38723d579912, error: SSLEOFError, message: EOF occurred in violation of protocol (_ssl.c:2427))
[13:05:48] [ERR] Failed to check the state of sock (session id: 10a64671-d8ca-4390-973d-38723d579912, error: SSLEOFError, message: EOF occurred in violation of protocol (_ssl.c:2427))
[13:06:49] [ERR] Failed to check the state of sock (session id: c5756307-73ec-4160-9ffe-1ed2ec78875f, error: SSLEOFError, message: EOF occurred in violation of protocol (_ssl.c:2427))
[13:06:59] [ERR] Failed to check the state of sock (session id: c5756307-73ec-4160-9ffe-1ed2ec78875f, error: SSLEOFError, message: EOF occurred in violation of protocol (_ssl.c:2427))
[13:07:09] [ERR] Failed to check the state of sock (session id: c5756307-73ec-4160-9ffe-1ed2ec78875f, error: SSLError, message: [SSL: BAD_LENGTH] bad length (_ssl.c:2427))
[13:07:19] [ERR] Failed to check the state of sock (session id: c5756307-73ec-4160-9ffe-1ed2ec78875f, error: SSLEOFError, message: EOF occurred in violation of protocol (_ssl.c:2427))
[13:07:29] [ERR] Failed to check the state of sock (session id: c5756307-73ec-4160-9ffe-1ed2ec78875f, error: SSLEOFError, message: EOF occurred in violation of protocol (_ssl.c:2427))
[13:08:30] [ERR] Failed to check the state of sock (session id: 7a7d14a2-8f37-4a10-bc40-bb2a3ae80086, error: SSLEOFError, message: EOF occurred in violation of protocol (_ssl.c:2427))
[13:08:40] [ERR] Failed to check the state of sock (session id: 7a7d14a2-8f37-4a10-bc40-bb2a3ae80086, error: SSLEOFError, message: EOF occurred in violation of protocol (_ssl.c:2427))
[13:08:50] [ERR] Failed to check the state of sock (session id: 7a7d14a2-8f37-4a10-bc40-bb2a3ae80086, error: SSLEOFError, message: EOF occurred in violation of protocol (_ssl.c:2427))
[13:09:00] [ERR] Failed to check the state of sock (session id: 7a7d14a2-8f37-4a10-bc40-bb2a3ae80086, error: SSLEOFError, message: EOF occurred in violation of protocol (_ssl.c:2427))
[13:09:10] [ERR] Failed to check the state of sock (session id: 7a7d14a2-8f37-4a10-bc40-bb2a3ae80086, error: SSLError, message: [SSL: BAD_LENGTH] bad length (_ssl.c:2427))
[13:10:31] [ERR] Failed to check the state of sock (session id: d9a735bb-d8ad-487c-9f75-e0e280959daf, error: SSLEOFError, message: EOF occurred in violation of protocol (_ssl.c:2427))
[13:10:41] [ERR] Failed to check the state of sock (session id: d9a735bb-d8ad-487c-9f75-e0e280959daf, error: SSLEOFError, message: EOF occurred in violation of protocol (_ssl.c:2427))
[13:10:51] [ERR] Failed to check the state of sock (session id: d9a735bb-d8ad-487c-9f75-e0e280959daf, error: SSLEOFError, message: EOF occurred in violation of protocol (_ssl.c:2427))
[13:11:01] [ERR] Failed to check the state of sock (session id: d9a735bb-d8ad-487c-9f75-e0e280959daf, error: SSLEOFError, message: EOF occurred in violation of protocol (_ssl.c:2427))
[13:11:11] [ERR] Failed to check the state of sock (session id: d9a735bb-d8ad-487c-9f75-e0e280959daf, error: SSLEOFError, message: EOF occurred in violation of protocol (_ssl.c:2427))
[13:12:22] [ERR] Failed to check the state of sock (session id: 181831f9-d422-4cb5-8d99-dc6daa740f55, error: SSLEOFError, message: EOF occurred in violation of protocol (_ssl.c:2427))
[13:12:32] [ERR] Failed to check the state of sock (session id: 181831f9-d422-4cb5-8d99-dc6daa740f55, error: SSLError, message: [SSL: BAD_LENGTH] bad length (_ssl.c:2427))
[13:12:42] [ERR] Failed to check the state of sock (session id: 181831f9-d422-4cb5-8d99-dc6daa740f55, error: SSLEOFError, message: EOF occurred in violation of protocol (_ssl.c:2427))
[13:12:52] [ERR] Failed to check the state of sock (session id: 181831f9-d422-4cb5-8d99-dc6daa740f55, error: SSLEOFError, message: EOF occurred in violation of protocol (_ssl.c:2427))
[13:13:02] [ERR] Failed to check the state of sock (session id: 181831f9-d422-4cb5-8d99-dc6daa740f55, error: SSLError, message: [SSL: BAD_LENGTH] bad length (_ssl.c:2427))
[13:14:03] [ERR] Failed to check the state of sock (session id: 69cb48b4-3486-49dd-b4b5-f31f9e71268f, error: SSLEOFError, message: EOF occurred in violation of protocol (_ssl.c:2427))
[13:14:13] [ERR] Failed to check the state of sock (session id: 69cb48b4-3486-49dd-b4b5-f31f9e71268f, error: SSLEOFError, message: EOF occurred in violation of protocol (_ssl.c:2427))
[13:14:23] [ERR] Failed to check the state of sock (session id: 69cb48b4-3486-49dd-b4b5-f31f9e71268f, error: SSLEOFError, message: EOF occurred in violation of protocol (_ssl.c:2427))
[13:14:33] [ERR] Failed to check the state of sock (session id: 69cb48b4-3486-49dd-b4b5-f31f9e71268f, error: SSLEOFError, message: EOF occurred in violation of protocol (_ssl.c:2427))
[13:14:43] [ERR] Failed to check the state of sock (session id: 69cb48b4-3486-49dd-b4b5-f31f9e71268f, error: SSLEOFError, message: EOF occurred in violation of protocol (_ssl.c:2427))
[13:15:44] [ERR] Failed to check the state of sock (session id: 2d1a4aee-579f-4aea-a9ad-0056605c3eff, error: SSLEOFError, message: EOF occurred in violation of protocol (_ssl.c:2427))
[13:15:54] [ERR] Failed to check the state of sock (session id: 2d1a4aee-579f-4aea-a9ad-0056605c3eff, error: SSLEOFError, message: EOF occurred in violation of protocol (_ssl.c:2427))
[13:16:04] [ERR] Failed to check the state of sock (session id: 2d1a4aee-579f-4aea-a9ad-0056605c3eff, error: SSLEOFError, message: EOF occurred in violation of protocol (_ssl.c:2427))
[13:16:14] [ERR] Failed to check the state of sock (session id: 2d1a4aee-579f-4aea-a9ad-0056605c3eff, error: SSLEOFError, message: EOF occurred in violation of protocol (_ssl.c:2427))
[13:16:24] [ERR] Failed to check the state of sock (session id: 2d1a4aee-579f-4aea-a9ad-0056605c3eff, error: SSLEOFError, message: EOF occurred in violation of protocol (_ssl.c:2427))
[13:17:45] [ERR] Failed to check the state of sock (session id: ed7dd137-40e9-4ec3-a3f0-f149e072ff1d, error: SSLEOFError, message: EOF occurred in violation of protocol (_ssl.c:2427))
[13:17:55] [ERR] Failed to check the state of sock (session id: ed7dd137-40e9-4ec3-a3f0-f149e072ff1d, error: SSLEOFError, message: EOF occurred in violation of protocol (_ssl.c:2427))
[13:18:05] [ERR] Failed to check the state of sock (session id: ed7dd137-40e9-4ec3-a3f0-f149e072ff1d, error: SSLError, message: [SSL: BAD_LENGTH] bad length (_ssl.c:2427))
[13:18:15] [ERR] Failed to check the state of sock (session id: ed7dd137-40e9-4ec3-a3f0-f149e072ff1d, error: SSLEOFError, message: EOF occurred in violation of protocol (_ssl.c:2427))
[13:18:25] [ERR] Failed to check the state of sock (session id: ed7dd137-40e9-4ec3-a3f0-f149e072ff1d, error: SSLEOFError, message: EOF occurred in violation of protocol (_ssl.c:2427))
[13:19:26] [ERR] Failed to check the state of sock (session id: c8ee40ea-296d-44cf-9ec8-b6b51a33604f, error: SSLEOFError, message: EOF occurred in violation of protocol (_ssl.c:2427))
[13:19:36] [ERR] Failed to check the state of sock (session id: c8ee40ea-296d-44cf-9ec8-b6b51a33604f, error: SSLError, message: [SSL: BAD_LENGTH] bad length (_ssl.c:2427))
[13:19:46] [ERR] Failed to check the state of sock (session id: c8ee40ea-296d-44cf-9ec8-b6b51a33604f, error: SSLEOFError, message: EOF occurred in violation of protocol (_ssl.c:2427))
[13:19:56] [ERR] Failed to check the state of sock (session id: c8ee40ea-296d-44cf-9ec8-b6b51a33604f, error: SSLEOFError, message: EOF occurred in violation of protocol (_ssl.c:2427))
[13:20:06] [ERR] Failed to check the state of sock (session id: c8ee40ea-296d-44cf-9ec8-b6b51a33604f, error: SSLEOFError, message: EOF occurred in violation of protocol (_ssl.c:2427))
[13:20:57] [ERR] Failed to check the state of sock (session id: 3f8bc32b-fcb8-4776-9dae-d5030e5a9620, error: SSLEOFError, message: EOF occurred in violation of protocol (_ssl.c:2427))
[13:21:07] [ERR] Failed to check the state of sock (session id: 3f8bc32b-fcb8-4776-9dae-d5030e5a9620, error: SSLEOFError, message: EOF occurred in violation of protocol (_ssl.c:2427))
[13:21:17] [ERR] Failed to check the state of sock (session id: 3f8bc32b-fcb8-4776-9dae-d5030e5a9620, error: SSLEOFError, message: EOF occurred in violation of protocol (_ssl.c:2427))
[13:21:27] [ERR] Failed to check the state of sock (session id: 3f8bc32b-fcb8-4776-9dae-d5030e5a9620, error: SSLEOFError, message: EOF occurred in violation of protocol (_ssl.c:2427))
[13:21:37] [ERR] Failed to check the state of sock (session id: 3f8bc32b-fcb8-4776-9dae-d5030e5a9620, error: SSLEOFError, message: EOF occurred in violation of protocol (_ssl.c:2427))
[13:22:38] [ERR] Failed to check the state of sock (session id: 2115699d-5bab-4c0c-a266-165ac10d2a2c, error: SSLEOFError, message: EOF occurred in violation of protocol (_ssl.c:2427))
[13:22:48] [ERR] Failed to check the state of sock (session id: 2115699d-5bab-4c0c-a266-165ac10d2a2c, error: SSLError, message: [SSL: BAD_LENGTH] bad length (_ssl.c:2427))
[13:22:58] [ERR] Failed to check the state of sock (session id: 2115699d-5bab-4c0c-a266-165ac10d2a2c, error: SSLEOFError, message: EOF occurred in violation of protocol (_ssl.c:2427))
[13:23:08] [ERR] Failed to check the state of sock (session id: 2115699d-5bab-4c0c-a266-165ac10d2a2c, error: SSLEOFError, message: EOF occurred in violation of protocol (_ssl.c:2427))
[13:23:18] [ERR] Failed to check the state of sock (session id: 2115699d-5bab-4c0c-a266-165ac10d2a2c, error: SSLEOFError, message: EOF occurred in violation of protocol (_ssl.c:2427))
[13:24:19] [ERR] Failed to check the state of sock (session id: 4be0e001-8889-4739-aa8f-1ba0819e4eb6, error: SSLEOFError, message: EOF occurred in violation of protocol (_ssl.c:2427))
[13:24:29] [ERR] Failed to check the state of sock (session id: 4be0e001-8889-4739-aa8f-1ba0819e4eb6, error: SSLError, message: [SSL: BAD_LENGTH] bad length (_ssl.c:2427))
[13:24:39] [ERR] Failed to check the state of sock (session id: 4be0e001-8889-4739-aa8f-1ba0819e4eb6, error: SSLEOFError, message: EOF occurred in violation of protocol (_ssl.c:2427))
[13:24:49] [ERR] Failed to check the state of sock (session id: 4be0e001-8889-4739-aa8f-1ba0819e4eb6, error: SSLError, message: [SSL: BAD_LENGTH] bad length (_ssl.c:2427))
[13:24:59] [ERR] Failed to check the state of sock (session id: 4be0e001-8889-4739-aa8f-1ba0819e4eb6, error: SSLError, message: [SSL: BAD_LENGTH] bad length (_ssl.c:2427))
[13:26:00] [ERR] Failed to check the state of sock (session id: 727a3a69-b123-42b7-b50f-09c951c956b5, error: SSLEOFError, message: EOF occurred in violation of protocol (_ssl.c:2427))
[13:26:10] [ERR] Failed to check the state of sock (session id: 727a3a69-b123-42b7-b50f-09c951c956b5, error: SSLEOFError, message: EOF occurred in violation of protocol (_ssl.c:2427))
[13:26:20] [ERR] Failed to check the state of sock (session id: 727a3a69-b123-42b7-b50f-09c951c956b5, error: SSLEOFError, message: EOF occurred in violation of protocol (_ssl.c:2427))
[13:26:30] [ERR] Failed to check the state of sock (session id: 727a3a69-b123-42b7-b50f-09c951c956b5, error: SSLEOFError, message: EOF occurred in violation of protocol (_ssl.c:2427))
[13:26:40] [ERR] Failed to check the state of sock (session id: 727a3a69-b123-42b7-b50f-09c951c956b5, error: SSLEOFError, message: EOF occurred in violation of protocol (_ssl.c:2427))
[13:27:31] [ERR] Failed to check the state of sock (session id: 318050cb-5687-4776-9c7c-4c823d0dc0d4, error: SSLEOFError, message: EOF occurred in violation of protocol (_ssl.c:2427))
[13:27:41] [ERR] Failed to check the state of sock (session id: 318050cb-5687-4776-9c7c-4c823d0dc0d4, error: SSLEOFError, message: EOF occurred in violation of protocol (_ssl.c:2427))
[13:27:51] [ERR] Failed to check the state of sock (session id: 318050cb-5687-4776-9c7c-4c823d0dc0d4, error: SSLEOFError, message: EOF occurred in violation of protocol (_ssl.c:2427))
[13:28:01] [ERR] Failed to check the state of sock (session id: 318050cb-5687-4776-9c7c-4c823d0dc0d4, error: SSLEOFError, message: EOF occurred in violation of protocol (_ssl.c:2427))
[13:28:11] [ERR] Failed to check the state of sock (session id: 318050cb-5687-4776-9c7c-4c823d0dc0d4, error: SSLEOFError, message: EOF occurred in violation of protocol (_ssl.c:2427))
[13:29:12] [ERR] Failed to check the state of sock (session id: 3de7d9b7-47bd-4329-ab17-6d3fba01d03f, error: SSLEOFError, message: EOF occurred in violation of protocol (_ssl.c:2427))
[13:29:22] [ERR] Failed to check the state of sock (session id: 3de7d9b7-47bd-4329-ab17-6d3fba01d03f, error: SSLEOFError, message: EOF occurred in violation of protocol (_ssl.c:2427))
[13:29:32] [ERR] Failed to check the state of sock (session id: 3de7d9b7-47bd-4329-ab17-6d3fba01d03f, error: SSLEOFError, message: EOF occurred in violation of protocol (_ssl.c:2427))
[13:29:42] [ERR] Failed to check the state of sock (session id: 3de7d9b7-47bd-4329-ab17-6d3fba01d03f, error: SSLEOFError, message: EOF occurred in violation of protocol (_ssl.c:2427))
[13:29:52] [ERR] Failed to check the state of sock (session id: 3de7d9b7-47bd-4329-ab17-6d3fba01d03f, error: SSLEOFError, message: EOF occurred in violation of protocol (_ssl.c:2427))
[13:30:53] [ERR] Failed to check the state of sock (session id: 4eb8df3b-c853-4586-a8b3-99f287adf445, error: SSLEOFError, message: EOF occurred in violation of protocol (_ssl.c:2427))
[13:31:03] [ERR] Failed to check the state of sock (session id: 4eb8df3b-c853-4586-a8b3-99f287adf445, error: SSLEOFError, message: EOF occurred in violation of protocol (_ssl.c:2427))
[13:31:13] [ERR] Failed to check the state of sock (session id: 4eb8df3b-c853-4586-a8b3-99f287adf445, error: SSLEOFError, message: EOF occurred in violation of protocol (_ssl.c:2427))
[13:31:23] [ERR] Failed to check the state of sock (session id: 4eb8df3b-c853-4586-a8b3-99f287adf445, error: SSLEOFError, message: EOF occurred in violation of protocol (_ssl.c:2427))
[13:31:33] [ERR] Failed to check the state of sock (session id: 4eb8df3b-c853-4586-a8b3-99f287adf445, error: SSLEOFError, message: EOF occurred in violation of protocol (_ssl.c:2427))
[13:32:54] [ERR] Failed to check the state of sock (session id: 1c460593-20d0-40a7-87da-dd646b0eb820, error: SSLEOFError, message: EOF occurred in violation of protocol (_ssl.c:2427))
[13:33:04] [ERR] Failed to check the state of sock (session id: 1c460593-20d0-40a7-87da-dd646b0eb820, error: SSLEOFError, message: EOF occurred in violation of protocol (_ssl.c:2427))
[13:33:14] [ERR] Failed to check the state of sock (session id: 1c460593-20d0-40a7-87da-dd646b0eb820, error: SSLEOFError, message: EOF occurred in violation of protocol (_ssl.c:2427))
[13:33:24] [ERR] Failed to check the state of sock (session id: 1c460593-20d0-40a7-87da-dd646b0eb820, error: SSLError, message: [SSL: BAD_LENGTH] bad length (_ssl.c:2427))
[13:33:34] [ERR] Failed to check the state of sock (session id: 1c460593-20d0-40a7-87da-dd646b0eb820, error: SSLEOFError, message: EOF occurred in violation of protocol (_ssl.c:2427))
[13:34:35] [ERR] Failed to check the state of sock (session id: d1f259c8-126a-43cc-a07e-14367e36c1e4, error: SSLEOFError, message: EOF occurred in violation of protocol (_ssl.c:2427))
[13:34:45] [ERR] Failed to check the state of sock (session id: d1f259c8-126a-43cc-a07e-14367e36c1e4, error: SSLEOFError, message: EOF occurred in violation of protocol (_ssl.c:2427))
[13:34:55] [ERR] Failed to check the state of sock (session id: d1f259c8-126a-43cc-a07e-14367e36c1e4, error: SSLEOFError, message: EOF occurred in violation of protocol (_ssl.c:2427))
[13:35:05] [ERR] Failed to check the state of sock (session id: d1f259c8-126a-43cc-a07e-14367e36c1e4, error: SSLEOFError, message: EOF occurred in violation of protocol (_ssl.c:2427))
[13:35:15] [ERR] Failed to check the state of sock (session id: d1f259c8-126a-43cc-a07e-14367e36c1e4, error: SSLEOFError, message: EOF occurred in violation of protocol (_ssl.c:2427))
[13:36:16] [ERR] Failed to check the state of sock (session id: 3bf0d786-d3da-4c57-a5f0-ac5aabaa3bd8, error: SSLEOFError, message: EOF occurred in violation of protocol (_ssl.c:2427))
[13:36:26] [ERR] Failed to check the state of sock (session id: 3bf0d786-d3da-4c57-a5f0-ac5aabaa3bd8, error: SSLEOFError, message: EOF occurred in violation of protocol (_ssl.c:2427))
[13:36:36] [ERR] Failed to check the state of sock (session id: 3bf0d786-d3da-4c57-a5f0-ac5aabaa3bd8, error: SSLEOFError, message: EOF occurred in violation of protocol (_ssl.c:2427))
[13:36:46] [ERR] Failed to check the state of sock (session id: 3bf0d786-d3da-4c57-a5f0-ac5aabaa3bd8, error: SSLEOFError, message: EOF occurred in violation of protocol (_ssl.c:2427))
[13:36:56] [ERR] Failed to check the state of sock (session id: 3bf0d786-d3da-4c57-a5f0-ac5aabaa3bd8, error: SSLEOFError, message: EOF occurred in violation of protocol (_ssl.c:2427))
[13:38:18] [ERR] Failed to check the state of sock (session id: b991d3d2-e8c9-4689-9338-807d17c4bd9f, error: SSLEOFError, message: EOF occurred in violation of protocol (_ssl.c:2427))
[13:38:28] [ERR] Failed to check the state of sock (session id: b991d3d2-e8c9-4689-9338-807d17c4bd9f, error: SSLEOFError, message: EOF occurred in violation of protocol (_ssl.c:2427))
[13:38:38] [ERR] Failed to check the state of sock (session id: b991d3d2-e8c9-4689-9338-807d17c4bd9f, error: SSLEOFError, message: EOF occurred in violation of protocol (_ssl.c:2427))
[13:38:48] [ERR] Failed to check the state of sock (session id: b991d3d2-e8c9-4689-9338-807d17c4bd9f, error: SSLEOFError, message: EOF occurred in violation of protocol (_ssl.c:2427))
[13:38:58] [ERR] Failed to check the state of sock (session id: b991d3d2-e8c9-4689-9338-807d17c4bd9f, error: SSLEOFError, message: EOF occurred in violation of protocol (_ssl.c:2427))
[13:40:19] [ERR] Failed to check the state of sock (session id: 56f675c5-9200-46bc-966b-aeb95f29a57e, error: SSLEOFError, message: EOF occurred in violation of protocol (_ssl.c:2427))
[13:40:29] [ERR] Failed to check the state of sock (session id: 56f675c5-9200-46bc-966b-aeb95f29a57e, error: SSLEOFError, message: EOF occurred in violation of protocol (_ssl.c:2427))
[13:40:39] [ERR] Failed to check the state of sock (session id: 56f675c5-9200-46bc-966b-aeb95f29a57e, error: SSLEOFError, message: EOF occurred in violation of protocol (_ssl.c:2427))
[13:40:49] [ERR] Failed to check the state of sock (session id: 56f675c5-9200-46bc-966b-aeb95f29a57e, error: SSLEOFError, message: EOF occurred in violation of protocol (_ssl.c:2427))
[13:40:59] [ERR] Failed to check the state of sock (session id: 56f675c5-9200-46bc-966b-aeb95f29a57e, error: SSLEOFError, message: EOF occurred in violation of protocol (_ssl.c:2427))
[13:42:00] [ERR] Failed to check the state of sock (session id: 040cecfb-a8b5-4692-9a2b-1ceb087e48c8, error: SSLEOFError, message: EOF occurred in violation of protocol (_ssl.c:2427))
[13:42:10] [ERR] Failed to check the state of sock (session id: 040cecfb-a8b5-4692-9a2b-1ceb087e48c8, error: SSLError, message: [SSL: BAD_LENGTH] bad length (_ssl.c:2427))
[13:42:20] [ERR] Failed to check the state of sock (session id: 040cecfb-a8b5-4692-9a2b-1ceb087e48c8, error: SSLError, message: [SSL: BAD_LENGTH] bad length (_ssl.c:2427))
[13:42:30] [ERR] Failed to check the state of sock (session id: 040cecfb-a8b5-4692-9a2b-1ceb087e48c8, error: SSLEOFError, message: EOF occurred in violation of protocol (_ssl.c:2427))
[13:42:40] [ERR] Failed to check the state of sock (session id: 040cecfb-a8b5-4692-9a2b-1ceb087e48c8, error: SSLEOFError, message: EOF occurred in violation of protocol (_ssl.c:2427))
[13:43:51] [ERR] Failed to check the state of sock (session id: e173b6e9-0e90-4d9f-8116-5da00cf67496, error: SSLEOFError, message: EOF occurred in violation of protocol (_ssl.c:2427))
[13:44:01] [ERR] Failed to check the state of sock (session id: e173b6e9-0e90-4d9f-8116-5da00cf67496, error: SSLEOFError, message: EOF occurred in violation of protocol (_ssl.c:2427))
[13:44:11] [ERR] Failed to check the state of sock (session id: e173b6e9-0e90-4d9f-8116-5da00cf67496, error: SSLEOFError, message: EOF occurred in violation of protocol (_ssl.c:2427))
[13:44:21] [ERR] Failed to check the state of sock (session id: e173b6e9-0e90-4d9f-8116-5da00cf67496, error: SSLEOFError, message: EOF occurred in violation of protocol (_ssl.c:2427))
[13:44:31] [ERR] Failed to check the state of sock (session id: e173b6e9-0e90-4d9f-8116-5da00cf67496, error: SSLEOFError, message: EOF occurred in violation of protocol (_ssl.c:2427))
[13:45:32] [ERR] Failed to check the state of sock (session id: 8bf62a9c-e464-4293-9e4e-b5c6f6d7dbe5, error: SSLEOFError, message: EOF occurred in violation of protocol (_ssl.c:2427))
[13:45:42] [ERR] Failed to check the state of sock (session id: 8bf62a9c-e464-4293-9e4e-b5c6f6d7dbe5, error: SSLEOFError, message: EOF occurred in violation of protocol (_ssl.c:2427))
[13:45:52] [ERR] Failed to check the state of sock (session id: 8bf62a9c-e464-4293-9e4e-b5c6f6d7dbe5, error: SSLEOFError, message: EOF occurred in violation of protocol (_ssl.c:2427))
[13:46:02] [ERR] Failed to check the state of sock (session id: 8bf62a9c-e464-4293-9e4e-b5c6f6d7dbe5, error: SSLError, message: [SSL: BAD_LENGTH] bad length (_ssl.c:2427))
[13:46:12] [ERR] Failed to check the state of sock (session id: 8bf62a9c-e464-4293-9e4e-b5c6f6d7dbe5, error: SSLEOFError, message: EOF occurred in violation of protocol (_ssl.c:2427))
[13:47:13] [ERR] Failed to check the state of sock (session id: 909d6fba-1a82-4968-9f35-77a9e53009d5, error: SSLEOFError, message: EOF occurred in violation of protocol (_ssl.c:2427))
[13:47:23] [ERR] Failed to check the state of sock (session id: 909d6fba-1a82-4968-9f35-77a9e53009d5, error: SSLEOFError, message: EOF occurred in violation of protocol (_ssl.c:2427))
[13:47:33] [ERR] Failed to check the state of sock (session id: 909d6fba-1a82-4968-9f35-77a9e53009d5, error: SSLEOFError, message: EOF occurred in violation of protocol (_ssl.c:2427))
[13:47:43] [ERR] Failed to check the state of sock (session id: 909d6fba-1a82-4968-9f35-77a9e53009d5, error: SSLEOFError, message: EOF occurred in violation of protocol (_ssl.c:2427))
[13:47:53] [ERR] Failed to check the state of sock (session id: 909d6fba-1a82-4968-9f35-77a9e53009d5, error: SSLEOFError, message: EOF occurred in violation of protocol (_ssl.c:2427))
[13:49:24] [ERR] Failed to check the state of sock (session id: 6376414d-0b6b-496d-928f-cc054257bf9a, error: SSLEOFError, message: EOF occurred in violation of protocol (_ssl.c:2427))
[13:49:34] [ERR] Failed to check the state of sock (session id: 6376414d-0b6b-496d-928f-cc054257bf9a, error: SSLEOFError, message: EOF occurred in violation of protocol (_ssl.c:2427))
[13:49:44] [ERR] Failed to check the state of sock (session id: 6376414d-0b6b-496d-928f-cc054257bf9a, error: SSLEOFError, message: EOF occurred in violation of protocol (_ssl.c:2427))
[13:49:54] [ERR] Failed to check the state of sock (session id: 6376414d-0b6b-496d-928f-cc054257bf9a, error: SSLEOFError, message: EOF occurred in violation of protocol (_ssl.c:2427))
[13:50:04] [ERR] Failed to check the state of sock (session id: 6376414d-0b6b-496d-928f-cc054257bf9a, error: SSLEOFError, message: EOF occurred in violation of protocol (_ssl.c:2427))
[13:50:55] [ERR] Failed to check the state of sock (session id: 7c1bae84-eb14-4bb9-86a2-f56c05ae1ce5, error: SSLEOFError, message: EOF occurred in violation of protocol (_ssl.c:2427))
[13:51:05] [ERR] Failed to check the state of sock (session id: 7c1bae84-eb14-4bb9-86a2-f56c05ae1ce5, error: SSLEOFError, message: EOF occurred in violation of protocol (_ssl.c:2427))
[13:51:15] [ERR] Failed to check the state of sock (session id: 7c1bae84-eb14-4bb9-86a2-f56c05ae1ce5, error: SSLEOFError, message: EOF occurred in violation of protocol (_ssl.c:2427))
[13:51:25] [ERR] Failed to check the state of sock (session id: 7c1bae84-eb14-4bb9-86a2-f56c05ae1ce5, error: SSLError, message: [SSL: BAD_LENGTH] bad length (_ssl.c:2427))
[13:51:35] [ERR] Failed to check the state of sock (session id: 7c1bae84-eb14-4bb9-86a2-f56c05ae1ce5, error: SSLEOFError, message: EOF occurred in violation of protocol (_ssl.c:2427))
[13:52:57] [ERR] Failed to check the state of sock (session id: 531b6fb1-07e6-46e3-869d-52e4671c7dbb, error: SSLEOFError, message: EOF occurred in violation of protocol (_ssl.c:2427))
[13:53:07] [ERR] Failed to check the state of sock (session id: 531b6fb1-07e6-46e3-869d-52e4671c7dbb, error: SSLEOFError, message: EOF occurred in violation of protocol (_ssl.c:2427))
[13:53:17] [ERR] Failed to check the state of sock (session id: 531b6fb1-07e6-46e3-869d-52e4671c7dbb, error: SSLEOFError, message: EOF occurred in violation of protocol (_ssl.c:2427))
[13:53:27] [ERR] Failed to check the state of sock (session id: 531b6fb1-07e6-46e3-869d-52e4671c7dbb, error: SSLEOFError, message: EOF occurred in violation of protocol (_ssl.c:2427))
[13:53:37] [ERR] Failed to check the state of sock (session id: 531b6fb1-07e6-46e3-869d-52e4671c7dbb, error: SSLEOFError, message: EOF occurred in violation of protocol (_ssl.c:2427))
[13:54:28] [ERR] Failed to check the state of sock (session id: 267e1ab2-ad1d-4b68-81e2-1de3f31d5717, error: SSLEOFError, message: EOF occurred in violation of protocol (_ssl.c:2427))
[13:54:38] [ERR] Failed to check the state of sock (session id: 267e1ab2-ad1d-4b68-81e2-1de3f31d5717, error: SSLEOFError, message: EOF occurred in violation of protocol (_ssl.c:2427))
[13:54:48] [ERR] Failed to check the state of sock (session id: 267e1ab2-ad1d-4b68-81e2-1de3f31d5717, error: SSLEOFError, message: EOF occurred in violation of protocol (_ssl.c:2427))
[13:54:58] [ERR] Failed to check the state of sock (session id: 267e1ab2-ad1d-4b68-81e2-1de3f31d5717, error: SSLEOFError, message: EOF occurred in violation of protocol (_ssl.c:2427))
[13:55:08] [ERR] Failed to check the state of sock (session id: 267e1ab2-ad1d-4b68-81e2-1de3f31d5717, error: SSLError, message: [SSL: BAD_LENGTH] bad length (_ssl.c:2427))
[13:56:29] [ERR] Failed to check the state of sock (session id: e0d44a27-f4c6-4290-a6d3-7fccb812b49a, error: SSLEOFError, message: EOF occurred in violation of protocol (_ssl.c:2427))
[13:56:39] [ERR] Failed to check the state of sock (session id: e0d44a27-f4c6-4290-a6d3-7fccb812b49a, error: SSLError, message: [SSL: BAD_LENGTH] bad length (_ssl.c:2427))
[13:56:49] [ERR] Failed to check the state of sock (session id: e0d44a27-f4c6-4290-a6d3-7fccb812b49a, error: SSLEOFError, message: EOF occurred in violation of protocol (_ssl.c:2427))
[13:56:59] [ERR] Failed to check the state of sock (session id: e0d44a27-f4c6-4290-a6d3-7fccb812b49a, error: SSLEOFError, message: EOF occurred in violation of protocol (_ssl.c:2427))
[13:57:09] [ERR] Failed to check the state of sock (session id: e0d44a27-f4c6-4290-a6d3-7fccb812b49a, error: SSLError, message: [SSL: BAD_LENGTH] bad length (_ssl.c:2427))
[13:58:10] [ERR] Failed to check the state of sock (session id: cc4aba91-8820-4cfd-bbcd-d9a1f64a6cdf, error: SSLEOFError, message: EOF occurred in violation of protocol (_ssl.c:2427))
[13:58:20] [ERR] Failed to check the state of sock (session id: cc4aba91-8820-4cfd-bbcd-d9a1f64a6cdf, error: SSLError, message: [SSL: BAD_LENGTH] bad length (_ssl.c:2427))
[13:58:30] [ERR] Failed to check the state of sock (session id: cc4aba91-8820-4cfd-bbcd-d9a1f64a6cdf, error: SSLEOFError, message: EOF occurred in violation of protocol (_ssl.c:2427))
[13:58:40] [ERR] Failed to check the state of sock (session id: cc4aba91-8820-4cfd-bbcd-d9a1f64a6cdf, error: SSLEOFError, message: EOF occurred in violation of protocol (_ssl.c:2427))
[13:58:50] [ERR] Failed to check the state of sock (session id: cc4aba91-8820-4cfd-bbcd-d9a1f64a6cdf, error: SSLEOFError, message: EOF occurred in violation of protocol (_ssl.c:2427))
[13:59:41] [ERR] Failed to check the state of sock (session id: 86a9479c-fba9-436a-81ce-d9a4e0253813, error: SSLEOFError, message: EOF occurred in violation of protocol (_ssl.c:2427))
[13:59:51] [ERR] Failed to check the state of sock (session id: 86a9479c-fba9-436a-81ce-d9a4e0253813, error: SSLEOFError, message: EOF occurred in violation of protocol (_ssl.c:2427))
[14:00:01] [ERR] Failed to check the state of sock (session id: 86a9479c-fba9-436a-81ce-d9a4e0253813, error: SSLEOFError, message: EOF occurred in violation of protocol (_ssl.c:2427))
[14:00:11] [ERR] Failed to check the state of sock (session id: 86a9479c-fba9-436a-81ce-d9a4e0253813, error: SSLError, message: [SSL: BAD_LENGTH] bad length (_ssl.c:2427))
[14:00:21] [ERR] Failed to check the state of sock (session id: 86a9479c-fba9-436a-81ce-d9a4e0253813, error: SSLEOFError, message: EOF occurred in violation of protocol (_ssl.c:2427))
[14:01:42] [ERR] Failed to check the state of sock (session id: 55562292-82ad-4c9b-b389-2589e1d6b4e4, error: SSLEOFError, message: EOF occurred in violation of protocol (_ssl.c:2427))
[14:01:52] [ERR] Failed to check the state of sock (session id: 55562292-82ad-4c9b-b389-2589e1d6b4e4, error: SSLError, message: [SSL: BAD_LENGTH] bad length (_ssl.c:2427))
[14:02:02] [ERR] Failed to check the state of sock (session id: 55562292-82ad-4c9b-b389-2589e1d6b4e4, error: SSLEOFError, message: EOF occurred in violation of protocol (_ssl.c:2427))
[14:02:12] [ERR] Failed to check the state of sock (session id: 55562292-82ad-4c9b-b389-2589e1d6b4e4, error: SSLEOFError, message: EOF occurred in violation of protocol (_ssl.c:2427))
[14:02:22] [ERR] Failed to check the state of sock (session id: 55562292-82ad-4c9b-b389-2589e1d6b4e4, error: SSLEOFError, message: EOF occurred in violation of protocol (_ssl.c:2427))
[14:03:43] [ERR] Failed to check the state of sock (session id: ea17337e-161a-4004-ae88-02ff15662c03, error: SSLEOFError, message: EOF occurred in violation of protocol (_ssl.c:2427))
[14:03:53] [ERR] Failed to check the state of sock (session id: ea17337e-161a-4004-ae88-02ff15662c03, error: SSLEOFError, message: EOF occurred in violation of protocol (_ssl.c:2427))
[14:04:03] [ERR] Failed to check the state of sock (session id: ea17337e-161a-4004-ae88-02ff15662c03, error: SSLEOFError, message: EOF occurred in violation of protocol (_ssl.c:2427))
[14:04:13] [ERR] Failed to check the state of sock (session id: ea17337e-161a-4004-ae88-02ff15662c03, error: SSLEOFError, message: EOF occurred in violation of protocol (_ssl.c:2427))
[14:04:23] [ERR] Failed to check the state of sock (session id: ea17337e-161a-4004-ae88-02ff15662c03, error: SSLError, message: [SSL: BAD_LENGTH] bad length (_ssl.c:2427))
[14:05:24] [ERR] Failed to check the state of sock (session id: 035f087b-b606-48da-8789-5047c4006c68, error: SSLEOFError, message: EOF occurred in violation of protocol (_ssl.c:2427))
[14:05:34] [ERR] Failed to check the state of sock (session id: 035f087b-b606-48da-8789-5047c4006c68, error: SSLEOFError, message: EOF occurred in violation of protocol (_ssl.c:2427))
[14:05:44] [ERR] Failed to check the state of sock (session id: 035f087b-b606-48da-8789-5047c4006c68, error: SSLError, message: [SSL: BAD_LENGTH] bad length (_ssl.c:2427))
[14:05:54] [ERR] Failed to check the state of sock (session id: 035f087b-b606-48da-8789-5047c4006c68, error: SSLEOFError, message: EOF occurred in violation of protocol (_ssl.c:2427))
[14:06:04] [ERR] Failed to check the state of sock (session id: 035f087b-b606-48da-8789-5047c4006c68, error: SSLEOFError, message: EOF occurred in violation of protocol (_ssl.c:2427))
[14:07:25] [ERR] Failed to check the state of sock (session id: d6b2e7af-edfe-44fc-adc3-9f51e3b85277, error: SSLEOFError, message: EOF occurred in violation of protocol (_ssl.c:2427))
[14:07:35] [ERR] Failed to check the state of sock (session id: d6b2e7af-edfe-44fc-adc3-9f51e3b85277, error: SSLEOFError, message: EOF occurred in violation of protocol (_ssl.c:2427))
[14:07:45] [ERR] Failed to check the state of sock (session id: d6b2e7af-edfe-44fc-adc3-9f51e3b85277, error: SSLEOFError, message: EOF occurred in violation of protocol (_ssl.c:2427))
[14:07:55] [ERR] Failed to check the state of sock (session id: d6b2e7af-edfe-44fc-adc3-9f51e3b85277, error: SSLEOFError, message: EOF occurred in violation of protocol (_ssl.c:2427))
[14:08:05] [ERR] Failed to check the state of sock (session id: d6b2e7af-edfe-44fc-adc3-9f51e3b85277, error: SSLEOFError, message: EOF occurred in violation of protocol (_ssl.c:2427))
[14:09:06] [ERR] Failed to check the state of sock (session id: b33e8c6d-109e-40a9-b920-ef5ff7efb19e, error: SSLEOFError, message: EOF occurred in violation of protocol (_ssl.c:2427))
[14:09:16] [ERR] Failed to check the state of sock (session id: b33e8c6d-109e-40a9-b920-ef5ff7efb19e, error: SSLEOFError, message: EOF occurred in violation of protocol (_ssl.c:2427))
[14:09:26] [ERR] Failed to check the state of sock (session id: b33e8c6d-109e-40a9-b920-ef5ff7efb19e, error: SSLError, message: [SSL: BAD_LENGTH] bad length (_ssl.c:2427))
[14:09:36] [ERR] Failed to check the state of sock (session id: b33e8c6d-109e-40a9-b920-ef5ff7efb19e, error: SSLEOFError, message: EOF occurred in violation of protocol (_ssl.c:2427))
[14:09:46] [ERR] Failed to check the state of sock (session id: b33e8c6d-109e-40a9-b920-ef5ff7efb19e, error: SSLEOFError, message: EOF occurred in violation of protocol (_ssl.c:2427))
[14:11:07] [ERR] Failed to check the state of sock (session id: ac619d80-a277-4634-80d4-75640d2cdd21, error: SSLEOFError, message: EOF occurred in violation of protocol (_ssl.c:2427))
[14:11:17] [ERR] Failed to check the state of sock (session id: ac619d80-a277-4634-80d4-75640d2cdd21, error: SSLEOFError, message: EOF occurred in violation of protocol (_ssl.c:2427))
[14:11:27] [ERR] Failed to check the state of sock (session id: ac619d80-a277-4634-80d4-75640d2cdd21, error: SSLError, message: [SSL: BAD_LENGTH] bad length (_ssl.c:2427))
[14:11:37] [ERR] Failed to check the state of sock (session id: ac619d80-a277-4634-80d4-75640d2cdd21, error: SSLError, message: [SSL: BAD_LENGTH] bad length (_ssl.c:2427))
[14:11:47] [ERR] Failed to check the state of sock (session id: ac619d80-a277-4634-80d4-75640d2cdd21, error: SSLEOFError, message: EOF occurred in violation of protocol (_ssl.c:2427))
[14:12:49] [ERR] Failed to check the state of sock (session id: eff69f2f-3efd-49c5-933b-4dc36c23babd, error: SSLEOFError, message: EOF occurred in violation of protocol (_ssl.c:2427))
[14:12:59] [ERR] Failed to check the state of sock (session id: eff69f2f-3efd-49c5-933b-4dc36c23babd, error: SSLEOFError, message: EOF occurred in violation of protocol (_ssl.c:2427))
[14:13:09] [ERR] Failed to check the state of sock (session id: eff69f2f-3efd-49c5-933b-4dc36c23babd, error: SSLEOFError, message: EOF occurred in violation of protocol (_ssl.c:2427))
[14:13:19] [ERR] Failed to check the state of sock (session id: eff69f2f-3efd-49c5-933b-4dc36c23babd, error: SSLEOFError, message: EOF occurred in violation of protocol (_ssl.c:2427))
[14:13:29] [ERR] Failed to check the state of sock (session id: eff69f2f-3efd-49c5-933b-4dc36c23babd, error: SSLEOFError, message: EOF occurred in violation of protocol (_ssl.c:2427))
[14:14:30] [ERR] Failed to check the state of sock (session id: 5a25039b-b94a-4676-8f4c-9a3c0f6065b2, error: SSLEOFError, message: EOF occurred in violation of protocol (_ssl.c:2427))
[14:14:40] [ERR] Failed to check the state of sock (session id: 5a25039b-b94a-4676-8f4c-9a3c0f6065b2, error: SSLEOFError, message: EOF occurred in violation of protocol (_ssl.c:2427))
[14:14:50] [ERR] Failed to check the state of sock (session id: 5a25039b-b94a-4676-8f4c-9a3c0f6065b2, error: SSLEOFError, message: EOF occurred in violation of protocol (_ssl.c:2427))
[14:15:00] [ERR] Failed to check the state of sock (session id: 5a25039b-b94a-4676-8f4c-9a3c0f6065b2, error: SSLEOFError, message: EOF occurred in violation of protocol (_ssl.c:2427))
[14:15:10] [ERR] Failed to check the state of sock (session id: 5a25039b-b94a-4676-8f4c-9a3c0f6065b2, error: SSLEOFError, message: EOF occurred in violation of protocol (_ssl.c:2427))
[14:16:01] [ERR] Failed to check the state of sock (session id: cdb6553a-7b69-409a-b6e7-15fb792594de, error: SSLEOFError, message: EOF occurred in violation of protocol (_ssl.c:2427))
[14:16:11] [ERR] Failed to check the state of sock (session id: cdb6553a-7b69-409a-b6e7-15fb792594de, error: SSLError, message: [SSL: BAD_LENGTH] bad length (_ssl.c:2427))
[14:16:21] [ERR] Failed to check the state of sock (session id: cdb6553a-7b69-409a-b6e7-15fb792594de, error: SSLError, message: [SSL: BAD_LENGTH] bad length (_ssl.c:2427))
[14:16:31] [ERR] Failed to check the state of sock (session id: cdb6553a-7b69-409a-b6e7-15fb792594de, error: SSLEOFError, message: EOF occurred in violation of protocol (_ssl.c:2427))
[14:16:41] [ERR] Failed to check the state of sock (session id: cdb6553a-7b69-409a-b6e7-15fb792594de, error: SSLEOFError, message: EOF occurred in violation of protocol (_ssl.c:2427))
[14:18:02] [ERR] Failed to check the state of sock (session id: d9522ff4-4365-4faa-839f-3a60d6179938, error: SSLEOFError, message: EOF occurred in violation of protocol (_ssl.c:2427))
[14:18:12] [ERR] Failed to check the state of sock (session id: d9522ff4-4365-4faa-839f-3a60d6179938, error: SSLEOFError, message: EOF occurred in violation of protocol (_ssl.c:2427))
[14:18:22] [ERR] Failed to check the state of sock (session id: d9522ff4-4365-4faa-839f-3a60d6179938, error: SSLError, message: [SSL: BAD_LENGTH] bad length (_ssl.c:2427))
[14:18:32] [ERR] Failed to check the state of sock (session id: d9522ff4-4365-4faa-839f-3a60d6179938, error: SSLEOFError, message: EOF occurred in violation of protocol (_ssl.c:2427))
[14:18:42] [ERR] Failed to check the state of sock (session id: d9522ff4-4365-4faa-839f-3a60d6179938, error: SSLError, message: [SSL: BAD_LENGTH] bad length (_ssl.c:2427))
[14:19:43] [ERR] Failed to check the state of sock (session id: ccf9e372-bfa9-443a-a90e-fbf891a1776b, error: SSLEOFError, message: EOF occurred in violation of protocol (_ssl.c:2427))
[14:19:53] [ERR] Failed to check the state of sock (session id: ccf9e372-bfa9-443a-a90e-fbf891a1776b, error: SSLEOFError, message: EOF occurred in violation of protocol (_ssl.c:2427))
[14:20:03] [ERR] Failed to check the state of sock (session id: ccf9e372-bfa9-443a-a90e-fbf891a1776b, error: SSLEOFError, message: EOF occurred in violation of protocol (_ssl.c:2427))
[14:20:13] [ERR] Failed to check the state of sock (session id: ccf9e372-bfa9-443a-a90e-fbf891a1776b, error: SSLEOFError, message: EOF occurred in violation of protocol (_ssl.c:2427))
[14:20:23] [ERR] Failed to check the state of sock (session id: ccf9e372-bfa9-443a-a90e-fbf891a1776b, error: SSLEOFError, message: EOF occurred in violation of protocol (_ssl.c:2427))
[14:21:24] [ERR] Failed to check the state of sock (session id: d8795a70-c45f-45e0-8197-0b7ef7c563bd, error: SSLEOFError, message: EOF occurred in violation of protocol (_ssl.c:2427))
[14:21:34] [ERR] Failed to check the state of sock (session id: d8795a70-c45f-45e0-8197-0b7ef7c563bd, error: SSLEOFError, message: EOF occurred in violation of protocol (_ssl.c:2427))
[14:21:44] [ERR] Failed to check the state of sock (session id: d8795a70-c45f-45e0-8197-0b7ef7c563bd, error: SSLError, message: [SSL: BAD_LENGTH] bad length (_ssl.c:2427))
[14:21:54] [ERR] Failed to check the state of sock (session id: d8795a70-c45f-45e0-8197-0b7ef7c563bd, error: SSLEOFError, message: EOF occurred in violation of protocol (_ssl.c:2427))
[14:22:04] [ERR] Failed to check the state of sock (session id: d8795a70-c45f-45e0-8197-0b7ef7c563bd, error: SSLEOFError, message: EOF occurred in violation of protocol (_ssl.c:2427))
[14:23:25] [ERR] Failed to check the state of sock (session id: 46c40450-7a84-47c8-90ad-0bd866fd496f, error: SSLEOFError, message: EOF occurred in violation of protocol (_ssl.c:2427))
[14:23:35] [ERR] Failed to check the state of sock (session id: 46c40450-7a84-47c8-90ad-0bd866fd496f, error: SSLEOFError, message: EOF occurred in violation of protocol (_ssl.c:2427))
[14:23:45] [ERR] Failed to check the state of sock (session id: 46c40450-7a84-47c8-90ad-0bd866fd496f, error: SSLEOFError, message: EOF occurred in violation of protocol (_ssl.c:2427))
[14:23:55] [ERR] Failed to check the state of sock (session id: 46c40450-7a84-47c8-90ad-0bd866fd496f, error: SSLEOFError, message: EOF occurred in violation of protocol (_ssl.c:2427))
[14:24:05] [ERR] Failed to check the state of sock (session id: 46c40450-7a84-47c8-90ad-0bd866fd496f, error: SSLEOFError, message: EOF occurred in violation of protocol (_ssl.c:2427))
[14:25:06] [ERR] Failed to check the state of sock (session id: bfa14527-6790-45c2-b0d8-f79c9dc41d9e, error: SSLEOFError, message: EOF occurred in violation of protocol (_ssl.c:2427))
[14:25:16] [ERR] Failed to check the state of sock (session id: bfa14527-6790-45c2-b0d8-f79c9dc41d9e, error: SSLError, message: [SSL: BAD_LENGTH] bad length (_ssl.c:2427))
[14:25:26] [ERR] Failed to check the state of sock (session id: bfa14527-6790-45c2-b0d8-f79c9dc41d9e, error: SSLEOFError, message: EOF occurred in violation of protocol (_ssl.c:2427))
[14:25:36] [ERR] Failed to check the state of sock (session id: bfa14527-6790-45c2-b0d8-f79c9dc41d9e, error: SSLError, message: [SSL: BAD_LENGTH] bad length (_ssl.c:2427))
[14:25:46] [ERR] Failed to check the state of sock (session id: bfa14527-6790-45c2-b0d8-f79c9dc41d9e, error: SSLEOFError, message: EOF occurred in violation of protocol (_ssl.c:2427))
[14:27:07] [ERR] Failed to check the state of sock (session id: caaf3b14-7847-4077-bef5-a14e37f4ee82, error: SSLEOFError, message: EOF occurred in violation of protocol (_ssl.c:2427))
[14:27:17] [ERR] Failed to check the state of sock (session id: caaf3b14-7847-4077-bef5-a14e37f4ee82, error: SSLEOFError, message: EOF occurred in violation of protocol (_ssl.c:2427))
[14:27:27] [ERR] Failed to check the state of sock (session id: caaf3b14-7847-4077-bef5-a14e37f4ee82, error: SSLEOFError, message: EOF occurred in violation of protocol (_ssl.c:2427))
[14:27:37] [ERR] Failed to check the state of sock (session id: caaf3b14-7847-4077-bef5-a14e37f4ee82, error: SSLError, message: [SSL: BAD_LENGTH] bad length (_ssl.c:2427))
[14:27:47] [ERR] Failed to check the state of sock (session id: caaf3b14-7847-4077-bef5-a14e37f4ee82, error: SSLError, message: [SSL: BAD_LENGTH] bad length (_ssl.c:2427))
[14:28:48] [ERR] Failed to check the state of sock (session id: 0a1291f4-0d3f-4d39-8673-6550561a2992, error: SSLEOFError, message: EOF occurred in violation of protocol (_ssl.c:2427))
[14:28:58] [ERR] Failed to check the state of sock (session id: 0a1291f4-0d3f-4d39-8673-6550561a2992, error: SSLEOFError, message: EOF occurred in violation of protocol (_ssl.c:2427))
[14:29:08] [ERR] Failed to check the state of sock (session id: 0a1291f4-0d3f-4d39-8673-6550561a2992, error: SSLEOFError, message: EOF occurred in violation of protocol (_ssl.c:2427))
[14:29:19] [ERR] Failed to check the state of sock (session id: 0a1291f4-0d3f-4d39-8673-6550561a2992, error: SSLEOFError, message: EOF occurred in violation of protocol (_ssl.c:2427))
[14:29:29] [ERR] Failed to check the state of sock (session id: 0a1291f4-0d3f-4d39-8673-6550561a2992, error: SSLEOFError, message: EOF occurred in violation of protocol (_ssl.c:2427))
[14:30:30] [ERR] Failed to check the state of sock (session id: 2154bad3-2ab0-410b-bb03-7deb87ac7d0a, error: SSLEOFError, message: EOF occurred in violation of protocol (_ssl.c:2427))
[14:30:40] [ERR] Failed to check the state of sock (session id: 2154bad3-2ab0-410b-bb03-7deb87ac7d0a, error: SSLEOFError, message: EOF occurred in violation of protocol (_ssl.c:2427))
[14:30:50] [ERR] Failed to check the state of sock (session id: 2154bad3-2ab0-410b-bb03-7deb87ac7d0a, error: SSLEOFError, message: EOF occurred in violation of protocol (_ssl.c:2427))
[14:31:00] [ERR] Failed to check the state of sock (session id: 2154bad3-2ab0-410b-bb03-7deb87ac7d0a, error: SSLEOFError, message: EOF occurred in violation of protocol (_ssl.c:2427))
[14:31:10] [ERR] Failed to check the state of sock (session id: 2154bad3-2ab0-410b-bb03-7deb87ac7d0a, error: SSLEOFError, message: EOF occurred in violation of protocol (_ssl.c:2427))
[14:32:11] [ERR] Failed to check the state of sock (session id: d81337f9-5717-4145-8c89-5def822aec48, error: SSLEOFError, message: EOF occurred in violation of protocol (_ssl.c:2427))
[14:32:21] [ERR] Failed to check the state of sock (session id: d81337f9-5717-4145-8c89-5def822aec48, error: SSLEOFError, message: EOF occurred in violation of protocol (_ssl.c:2427))
[14:32:31] [ERR] Failed to check the state of sock (session id: d81337f9-5717-4145-8c89-5def822aec48, error: SSLEOFError, message: EOF occurred in violation of protocol (_ssl.c:2427))
[14:32:41] [ERR] Failed to check the state of sock (session id: d81337f9-5717-4145-8c89-5def822aec48, error: SSLError, message: [SSL: BAD_LENGTH] bad length (_ssl.c:2427))
[14:32:51] [ERR] Failed to check the state of sock (session id: d81337f9-5717-4145-8c89-5def822aec48, error: SSLEOFError, message: EOF occurred in violation of protocol (_ssl.c:2427))
[14:33:52] [ERR] Failed to check the state of sock (session id: f54b040a-b6f7-4723-93fb-74b34ada160f, error: SSLEOFError, message: EOF occurred in violation of protocol (_ssl.c:2427))
[14:34:02] [ERR] Failed to check the state of sock (session id: f54b040a-b6f7-4723-93fb-74b34ada160f, error: SSLEOFError, message: EOF occurred in violation of protocol (_ssl.c:2427))
[14:34:12] [ERR] Failed to check the state of sock (session id: f54b040a-b6f7-4723-93fb-74b34ada160f, error: SSLEOFError, message: EOF occurred in violation of protocol (_ssl.c:2427))
[14:34:22] [ERR] Failed to check the state of sock (session id: f54b040a-b6f7-4723-93fb-74b34ada160f, error: SSLEOFError, message: EOF occurred in violation of protocol (_ssl.c:2427))
[14:34:32] [ERR] Failed to check the state of sock (session id: f54b040a-b6f7-4723-93fb-74b34ada160f, error: SSLEOFError, message: EOF occurred in violation of protocol (_ssl.c:2427))
[14:35:23] [ERR] Failed to check the state of sock (session id: 4ac13b43-3751-49d0-915b-3844279c3d16, error: SSLEOFError, message: EOF occurred in violation of protocol (_ssl.c:2427))
[14:35:33] [ERR] Failed to check the state of sock (session id: 4ac13b43-3751-49d0-915b-3844279c3d16, error: SSLEOFError, message: EOF occurred in violation of protocol (_ssl.c:2427))
[14:35:43] [ERR] Failed to check the state of sock (session id: 4ac13b43-3751-49d0-915b-3844279c3d16, error: SSLEOFError, message: EOF occurred in violation of protocol (_ssl.c:2427))
[14:35:53] [ERR] Failed to check the state of sock (session id: 4ac13b43-3751-49d0-915b-3844279c3d16, error: SSLEOFError, message: EOF occurred in violation of protocol (_ssl.c:2427))
[14:36:03] [ERR] Failed to check the state of sock (session id: 4ac13b43-3751-49d0-915b-3844279c3d16, error: SSLEOFError, message: EOF occurred in violation of protocol (_ssl.c:2427))
[14:37:04] [ERR] Failed to check the state of sock (session id: 879062cf-c842-4fb3-ace4-2f75a51edc42, error: SSLEOFError, message: EOF occurred in violation of protocol (_ssl.c:2427))
[14:37:14] [ERR] Failed to check the state of sock (session id: 879062cf-c842-4fb3-ace4-2f75a51edc42, error: SSLEOFError, message: EOF occurred in violation of protocol (_ssl.c:2427))
[14:37:24] [ERR] Failed to check the state of sock (session id: 879062cf-c842-4fb3-ace4-2f75a51edc42, error: SSLEOFError, message: EOF occurred in violation of protocol (_ssl.c:2427))
[14:37:34] [ERR] Failed to check the state of sock (session id: 879062cf-c842-4fb3-ace4-2f75a51edc42, error: SSLEOFError, message: EOF occurred in violation of protocol (_ssl.c:2427))
[14:37:44] [ERR] Failed to check the state of sock (session id: 879062cf-c842-4fb3-ace4-2f75a51edc42, error: SSLEOFError, message: EOF occurred in violation of protocol (_ssl.c:2427))
[14:38:55] [ERR] Failed to check the state of sock (session id: f986ba51-4ad9-4762-a7d6-8b0c66058e58, error: SSLEOFError, message: EOF occurred in violation of protocol (_ssl.c:2427))
[14:39:05] [ERR] Failed to check the state of sock (session id: f986ba51-4ad9-4762-a7d6-8b0c66058e58, error: SSLError, message: [SSL: BAD_LENGTH] bad length (_ssl.c:2427))
[14:39:15] [ERR] Failed to check the state of sock (session id: f986ba51-4ad9-4762-a7d6-8b0c66058e58, error: SSLEOFError, message: EOF occurred in violation of protocol (_ssl.c:2427))
[14:39:25] [ERR] Failed to check the state of sock (session id: f986ba51-4ad9-4762-a7d6-8b0c66058e58, error: SSLError, message: [SSL: BAD_LENGTH] bad length (_ssl.c:2427))
[14:39:35] [ERR] Failed to check the state of sock (session id: f986ba51-4ad9-4762-a7d6-8b0c66058e58, error: SSLEOFError, message: EOF occurred in violation of protocol (_ssl.c:2427))
[14:41:06] [ERR] Failed to check the state of sock (session id: d4870300-bbd4-4cba-93cd-e831e133f18a, error: SSLEOFError, message: EOF occurred in violation of protocol (_ssl.c:2427))
[14:41:16] [ERR] Failed to check the state of sock (session id: d4870300-bbd4-4cba-93cd-e831e133f18a, error: SSLEOFError, message: EOF occurred in violation of protocol (_ssl.c:2427))
[14:41:26] [ERR] Failed to check the state of sock (session id: d4870300-bbd4-4cba-93cd-e831e133f18a, error: SSLEOFError, message: EOF occurred in violation of protocol (_ssl.c:2427))
[14:41:36] [ERR] Failed to check the state of sock (session id: d4870300-bbd4-4cba-93cd-e831e133f18a, error: SSLEOFError, message: EOF occurred in violation of protocol (_ssl.c:2427))
[14:41:46] [ERR] Failed to check the state of sock (session id: d4870300-bbd4-4cba-93cd-e831e133f18a, error: SSLEOFError, message: EOF occurred in violation of protocol (_ssl.c:2427))
[14:42:47] [ERR] Failed to check the state of sock (session id: deb5c3e7-12af-4c98-bf45-e54d98fa4452, error: SSLEOFError, message: EOF occurred in violation of protocol (_ssl.c:2427))
[14:42:57] [ERR] Failed to check the state of sock (session id: deb5c3e7-12af-4c98-bf45-e54d98fa4452, error: SSLError, message: [SSL: BAD_LENGTH] bad length (_ssl.c:2427))
[14:43:07] [ERR] Failed to check the state of sock (session id: deb5c3e7-12af-4c98-bf45-e54d98fa4452, error: SSLError, message: [SSL: BAD_LENGTH] bad length (_ssl.c:2427))
[14:43:17] [ERR] Failed to check the state of sock (session id: deb5c3e7-12af-4c98-bf45-e54d98fa4452, error: SSLError, message: [SSL: BAD_LENGTH] bad length (_ssl.c:2427))
[14:43:27] [ERR] Failed to check the state of sock (session id: deb5c3e7-12af-4c98-bf45-e54d98fa4452, error: SSLEOFError, message: EOF occurred in violation of protocol (_ssl.c:2427))
[14:44:28] [ERR] Failed to check the state of sock (session id: d9e6cf19-fca0-45a7-8f1c-08bb86e4f697, error: SSLEOFError, message: EOF occurred in violation of protocol (_ssl.c:2427))
[14:44:38] [ERR] Failed to check the state of sock (session id: d9e6cf19-fca0-45a7-8f1c-08bb86e4f697, error: SSLEOFError, message: EOF occurred in violation of protocol (_ssl.c:2427))
[14:44:48] [ERR] Failed to check the state of sock (session id: d9e6cf19-fca0-45a7-8f1c-08bb86e4f697, error: SSLEOFError, message: EOF occurred in violation of protocol (_ssl.c:2427))
[14:44:58] [ERR] Failed to check the state of sock (session id: d9e6cf19-fca0-45a7-8f1c-08bb86e4f697, error: SSLEOFError, message: EOF occurred in violation of protocol (_ssl.c:2427))
[14:45:08] [ERR] Failed to check the state of sock (session id: d9e6cf19-fca0-45a7-8f1c-08bb86e4f697, error: SSLEOFError, message: EOF occurred in violation of protocol (_ssl.c:2427))
[14:45:59] [ERR] Failed to check the state of sock (session id: 6e1044f3-d4c8-4959-a40e-e859aa5a6af1, error: SSLEOFError, message: EOF occurred in violation of protocol (_ssl.c:2427))
[14:46:09] [ERR] Failed to check the state of sock (session id: 6e1044f3-d4c8-4959-a40e-e859aa5a6af1, error: SSLEOFError, message: EOF occurred in violation of protocol (_ssl.c:2427))
[14:46:19] [ERR] Failed to check the state of sock (session id: 6e1044f3-d4c8-4959-a40e-e859aa5a6af1, error: SSLEOFError, message: EOF occurred in violation of protocol (_ssl.c:2427))
[14:46:29] [ERR] Failed to check the state of sock (session id: 6e1044f3-d4c8-4959-a40e-e859aa5a6af1, error: SSLEOFError, message: EOF occurred in violation of protocol (_ssl.c:2427))
[14:46:39] [ERR] Failed to check the state of sock (session id: 6e1044f3-d4c8-4959-a40e-e859aa5a6af1, error: SSLEOFError, message: EOF occurred in violation of protocol (_ssl.c:2427))
[14:47:30] [ERR] Failed to check the state of sock (session id: 3f8454e8-ba26-48ab-b948-69b025890ec5, error: SSLEOFError, message: EOF occurred in violation of protocol (_ssl.c:2427))
[14:47:40] [ERR] Failed to check the state of sock (session id: 3f8454e8-ba26-48ab-b948-69b025890ec5, error: SSLEOFError, message: EOF occurred in violation of protocol (_ssl.c:2427))
[14:47:50] [ERR] Failed to check the state of sock (session id: 3f8454e8-ba26-48ab-b948-69b025890ec5, error: SSLEOFError, message: EOF occurred in violation of protocol (_ssl.c:2427))
[14:48:00] [ERR] Failed to check the state of sock (session id: 3f8454e8-ba26-48ab-b948-69b025890ec5, error: SSLError, message: [SSL: BAD_LENGTH] bad length (_ssl.c:2427))
[14:48:10] [ERR] Failed to check the state of sock (session id: 3f8454e8-ba26-48ab-b948-69b025890ec5, error: SSLEOFError, message: EOF occurred in violation of protocol (_ssl.c:2427))
[14:49:11] [ERR] Failed to check the state of sock (session id: f179bf9c-cd64-47d3-8910-472a28f7ac7f, error: SSLEOFError, message: EOF occurred in violation of protocol (_ssl.c:2427))
[14:49:21] [ERR] Failed to check the state of sock (session id: f179bf9c-cd64-47d3-8910-472a28f7ac7f, error: SSLEOFError, message: EOF occurred in violation of protocol (_ssl.c:2427))
[14:49:31] [ERR] Failed to check the state of sock (session id: f179bf9c-cd64-47d3-8910-472a28f7ac7f, error: SSLEOFError, message: EOF occurred in violation of protocol (_ssl.c:2427))
[14:49:41] [ERR] Failed to check the state of sock (session id: f179bf9c-cd64-47d3-8910-472a28f7ac7f, error: SSLEOFError, message: EOF occurred in violation of protocol (_ssl.c:2427))
[14:49:51] [ERR] Failed to check the state of sock (session id: f179bf9c-cd64-47d3-8910-472a28f7ac7f, error: SSLError, message: [SSL: BAD_LENGTH] bad length (_ssl.c:2427))
[14:51:12] [ERR] Failed to check the state of sock (session id: 0b10ca92-5821-4aea-bb0c-f01f032417d2, error: SSLEOFError, message: EOF occurred in violation of protocol (_ssl.c:2427))
[14:51:22] [ERR] Failed to check the state of sock (session id: 0b10ca92-5821-4aea-bb0c-f01f032417d2, error: SSLEOFError, message: EOF occurred in violation of protocol (_ssl.c:2427))
[14:51:32] [ERR] Failed to check the state of sock (session id: 0b10ca92-5821-4aea-bb0c-f01f032417d2, error: SSLEOFError, message: EOF occurred in violation of protocol (_ssl.c:2427))
[14:51:42] [ERR] Failed to check the state of sock (session id: 0b10ca92-5821-4aea-bb0c-f01f032417d2, error: SSLEOFError, message: EOF occurred in violation of protocol (_ssl.c:2427))
[14:51:52] [ERR] Failed to check the state of sock (session id: 0b10ca92-5821-4aea-bb0c-f01f032417d2, error: SSLEOFError, message: EOF occurred in violation of protocol (_ssl.c:2427))
[14:52:13] [ERR] Failed to check the state of sock (session id: b5cd2079-2fdc-4d37-9bd1-09275c915f69, error: SSLEOFError, message: EOF occurred in violation of protocol (_ssl.c:2427))
[14:52:23] [ERR] Failed to check the state of sock (session id: b5cd2079-2fdc-4d37-9bd1-09275c915f69, error: SSLEOFError, message: EOF occurred in violation of protocol (_ssl.c:2427))
[14:52:33] [ERR] Failed to check the state of sock (session id: b5cd2079-2fdc-4d37-9bd1-09275c915f69, error: SSLEOFError, message: EOF occurred in violation of protocol (_ssl.c:2427))
[14:52:43] [ERR] Failed to check the state of sock (session id: b5cd2079-2fdc-4d37-9bd1-09275c915f69, error: SSLEOFError, message: EOF occurred in violation of protocol (_ssl.c:2427))
[14:52:53] [ERR] Failed to check the state of sock (session id: b5cd2079-2fdc-4d37-9bd1-09275c915f69, error: SSLEOFError, message: EOF occurred in violation of protocol (_ssl.c:2427))
[14:53:14] [ERR] Failed to check the state of sock (session id: 7a8603c0-ec15-403b-acff-ea96e9f82753, error: SSLEOFError, message: EOF occurred in violation of protocol (_ssl.c:2427))
[14:53:24] [ERR] Failed to check the state of sock (session id: 7a8603c0-ec15-403b-acff-ea96e9f82753, error: SSLEOFError, message: EOF occurred in violation of protocol (_ssl.c:2427))
[14:53:34] [ERR] Failed to check the state of sock (session id: 7a8603c0-ec15-403b-acff-ea96e9f82753, error: SSLEOFError, message: EOF occurred in violation of protocol (_ssl.c:2427))
[14:53:44] [ERR] Failed to check the state of sock (session id: 7a8603c0-ec15-403b-acff-ea96e9f82753, error: SSLEOFError, message: EOF occurred in violation of protocol (_ssl.c:2427))
[14:53:54] [ERR] Failed to check the state of sock (session id: 7a8603c0-ec15-403b-acff-ea96e9f82753, error: SSLEOFError, message: EOF occurred in violation of protocol (_ssl.c:2427))
[14:54:15] [ERR] Failed to check the state of sock (session id: b9472a46-df0f-48b1-9ea3-7d768b355535, error: SSLEOFError, message: EOF occurred in violation of protocol (_ssl.c:2427))
[14:54:25] [ERR] Failed to check the state of sock (session id: b9472a46-df0f-48b1-9ea3-7d768b355535, error: SSLEOFError, message: EOF occurred in violation of protocol (_ssl.c:2427))
[14:54:35] [ERR] Failed to check the state of sock (session id: b9472a46-df0f-48b1-9ea3-7d768b355535, error: SSLEOFError, message: EOF occurred in violation of protocol (_ssl.c:2427))
[14:54:45] [ERR] Failed to check the state of sock (session id: b9472a46-df0f-48b1-9ea3-7d768b355535, error: SSLError, message: [SSL: BAD_LENGTH] bad length (_ssl.c:2427))
[14:54:55] [ERR] Failed to check the state of sock (session id: b9472a46-df0f-48b1-9ea3-7d768b355535, error: SSLEOFError, message: EOF occurred in violation of protocol (_ssl.c:2427))
[14:55:16] [ERR] Failed to check the state of sock (session id: ede47fd8-7540-4546-886c-8dce695d4e55, error: SSLEOFError, message: EOF occurred in violation of protocol (_ssl.c:2427))
[14:55:26] [ERR] Failed to check the state of sock (session id: ede47fd8-7540-4546-886c-8dce695d4e55, error: SSLEOFError, message: EOF occurred in violation of protocol (_ssl.c:2427))
[14:55:36] [ERR] Failed to check the state of sock (session id: ede47fd8-7540-4546-886c-8dce695d4e55, error: SSLEOFError, message: EOF occurred in violation of protocol (_ssl.c:2427))
[14:55:46] [ERR] Failed to check the state of sock (session id: ede47fd8-7540-4546-886c-8dce695d4e55, error: SSLEOFError, message: EOF occurred in violation of protocol (_ssl.c:2427))
[14:55:56] [ERR] Failed to check the state of sock (session id: ede47fd8-7540-4546-886c-8dce695d4e55, error: SSLEOFError, message: EOF occurred in violation of protocol (_ssl.c:2427))
[14:56:17] [ERR] Failed to check the state of sock (session id: 3aca352d-af9a-4b3c-9a66-32cccb9c8190, error: SSLEOFError, message: EOF occurred in violation of protocol (_ssl.c:2427))
[14:56:27] [ERR] Failed to check the state of sock (session id: 3aca352d-af9a-4b3c-9a66-32cccb9c8190, error: SSLEOFError, message: EOF occurred in violation of protocol (_ssl.c:2427))
[14:56:37] [ERR] Failed to check the state of sock (session id: 3aca352d-af9a-4b3c-9a66-32cccb9c8190, error: SSLEOFError, message: EOF occurred in violation of protocol (_ssl.c:2427))
[14:56:47] [ERR] Failed to check the state of sock (session id: 3aca352d-af9a-4b3c-9a66-32cccb9c8190, error: SSLEOFError, message: EOF occurred in violation of protocol (_ssl.c:2427))
[14:56:57] [ERR] Failed to check the state of sock (session id: 3aca352d-af9a-4b3c-9a66-32cccb9c8190, error: SSLEOFError, message: EOF occurred in violation of protocol (_ssl.c:2427))
[14:57:18] [ERR] Failed to check the state of sock (session id: ac1030e5-365d-4b80-b6e0-8c7f1def1758, error: SSLEOFError, message: EOF occurred in violation of protocol (_ssl.c:2427))
[14:57:28] [ERR] Failed to check the state of sock (session id: ac1030e5-365d-4b80-b6e0-8c7f1def1758, error: SSLEOFError, message: EOF occurred in violation of protocol (_ssl.c:2427))
[14:57:38] [ERR] Failed to check the state of sock (session id: ac1030e5-365d-4b80-b6e0-8c7f1def1758, error: SSLEOFError, message: EOF occurred in violation of protocol (_ssl.c:2427))
[14:57:48] [ERR] Failed to check the state of sock (session id: ac1030e5-365d-4b80-b6e0-8c7f1def1758, error: SSLEOFError, message: EOF occurred in violation of protocol (_ssl.c:2427))
[14:57:58] [ERR] Failed to check the state of sock (session id: ac1030e5-365d-4b80-b6e0-8c7f1def1758, error: SSLEOFError, message: EOF occurred in violation of protocol (_ssl.c:2427))
[14:58:19] [ERR] Failed to check the state of sock (session id: 3ce60ab0-dcbb-4b0d-828c-2b97b00e7d38, error: SSLEOFError, message: EOF occurred in violation of protocol (_ssl.c:2427))
[14:58:29] [ERR] Failed to check the state of sock (session id: 3ce60ab0-dcbb-4b0d-828c-2b97b00e7d38, error: SSLEOFError, message: EOF occurred in violation of protocol (_ssl.c:2427))
[14:58:39] [ERR] Failed to check the state of sock (session id: 3ce60ab0-dcbb-4b0d-828c-2b97b00e7d38, error: SSLEOFError, message: EOF occurred in violation of protocol (_ssl.c:2427))
[14:58:49] [ERR] Failed to check the state of sock (session id: 3ce60ab0-dcbb-4b0d-828c-2b97b00e7d38, error: SSLEOFError, message: EOF occurred in violation of protocol (_ssl.c:2427))
[14:58:59] [ERR] Failed to check the state of sock (session id: 3ce60ab0-dcbb-4b0d-828c-2b97b00e7d38, error: SSLEOFError, message: EOF occurred in violation of protocol (_ssl.c:2427))
[14:59:21] [ERR] Failed to check the state of sock (session id: f4097fd3-2cf4-4bbc-9c6f-8e2e26f1bc5f, error: SSLEOFError, message: EOF occurred in violation of protocol (_ssl.c:2427))
[14:59:31] [ERR] Failed to check the state of sock (session id: f4097fd3-2cf4-4bbc-9c6f-8e2e26f1bc5f, error: SSLEOFError, message: EOF occurred in violation of protocol (_ssl.c:2427))
[14:59:41] [ERR] Failed to check the state of sock (session id: f4097fd3-2cf4-4bbc-9c6f-8e2e26f1bc5f, error: SSLEOFError, message: EOF occurred in violation of protocol (_ssl.c:2427))
[14:59:51] [ERR] Failed to check the state of sock (session id: f4097fd3-2cf4-4bbc-9c6f-8e2e26f1bc5f, error: SSLEOFError, message: EOF occurred in violation of protocol (_ssl.c:2427))
[15:00:01] [ERR] Failed to check the state of sock (session id: f4097fd3-2cf4-4bbc-9c6f-8e2e26f1bc5f, error: SSLEOFError, message: EOF occurred in violation of protocol (_ssl.c:2427))
[15:00:52] [ERR] Failed to check the state of sock (session id: 9eb1e39d-c7bd-4602-81a8-2d6d23c4e405, error: SSLEOFError, message: EOF occurred in violation of protocol (_ssl.c:2427))
[15:01:02] [ERR] Failed to check the state of sock (session id: 9eb1e39d-c7bd-4602-81a8-2d6d23c4e405, error: SSLEOFError, message: EOF occurred in violation of protocol (_ssl.c:2427))
[15:01:12] [ERR] Failed to check the state of sock (session id: 9eb1e39d-c7bd-4602-81a8-2d6d23c4e405, error: SSLEOFError, message: EOF occurred in violation of protocol (_ssl.c:2427))
[15:01:22] [ERR] Failed to check the state of sock (session id: 9eb1e39d-c7bd-4602-81a8-2d6d23c4e405, error: SSLEOFError, message: EOF occurred in violation of protocol (_ssl.c:2427))
[15:01:32] [ERR] Failed to check the state of sock (session id: 9eb1e39d-c7bd-4602-81a8-2d6d23c4e405, error: SSLEOFError, message: EOF occurred in violation of protocol (_ssl.c:2427))
[15:01:53] [ERR] Failed to check the state of sock (session id: d99e747f-0c3b-486d-8306-3882410aafb9, error: SSLEOFError, message: EOF occurred in violation of protocol (_ssl.c:2427))
[15:02:03] [ERR] Failed to check the state of sock (session id: d99e747f-0c3b-486d-8306-3882410aafb9, error: SSLError, message: [SSL: BAD_LENGTH] bad length (_ssl.c:2427))
[15:02:13] [ERR] Failed to check the state of sock (session id: d99e747f-0c3b-486d-8306-3882410aafb9, error: SSLEOFError, message: EOF occurred in violation of protocol (_ssl.c:2427))
[15:02:23] [ERR] Failed to check the state of sock (session id: d99e747f-0c3b-486d-8306-3882410aafb9, error: SSLEOFError, message: EOF occurred in violation of protocol (_ssl.c:2427))
[15:02:33] [ERR] Failed to check the state of sock (session id: d99e747f-0c3b-486d-8306-3882410aafb9, error: SSLEOFError, message: EOF occurred in violation of protocol (_ssl.c:2427))
[15:02:54] [ERR] Failed to check the state of sock (session id: 530a1845-f02b-44bc-8a4f-23bfb17359fd, error: SSLEOFError, message: EOF occurred in violation of protocol (_ssl.c:2427))
[15:03:04] [ERR] Failed to check the state of sock (session id: 530a1845-f02b-44bc-8a4f-23bfb17359fd, error: SSLEOFError, message: EOF occurred in violation of protocol (_ssl.c:2427))
[15:03:14] [ERR] Failed to check the state of sock (session id: 530a1845-f02b-44bc-8a4f-23bfb17359fd, error: SSLEOFError, message: EOF occurred in violation of protocol (_ssl.c:2427))
[15:03:24] [ERR] Failed to check the state of sock (session id: 530a1845-f02b-44bc-8a4f-23bfb17359fd, error: SSLEOFError, message: EOF occurred in violation of protocol (_ssl.c:2427))
[15:03:34] [ERR] Failed to check the state of sock (session id: 530a1845-f02b-44bc-8a4f-23bfb17359fd, error: SSLEOFError, message: EOF occurred in violation of protocol (_ssl.c:2427))
[15:03:55] [ERR] Failed to check the state of sock (session id: 632cd671-2973-4d01-9649-d2d34b444d6b, error: SSLEOFError, message: EOF occurred in violation of protocol (_ssl.c:2427))
[15:04:05] [ERR] Failed to check the state of sock (session id: 632cd671-2973-4d01-9649-d2d34b444d6b, error: SSLEOFError, message: EOF occurred in violation of protocol (_ssl.c:2427))
[15:04:15] [ERR] Failed to check the state of sock (session id: 632cd671-2973-4d01-9649-d2d34b444d6b, error: SSLError, message: [SSL: BAD_LENGTH] bad length (_ssl.c:2427))
[15:04:25] [ERR] Failed to check the state of sock (session id: 632cd671-2973-4d01-9649-d2d34b444d6b, error: SSLError, message: [SSL: BAD_LENGTH] bad length (_ssl.c:2427))
[15:04:35] [ERR] Failed to check the state of sock (session id: 632cd671-2973-4d01-9649-d2d34b444d6b, error: SSLError, message: [SSL: BAD_LENGTH] bad length (_ssl.c:2427))
[15:04:56] [ERR] Failed to check the state of sock (session id: c30b3d3f-0277-4676-ba8b-fa3bdf8d526f, error: SSLEOFError, message: EOF occurred in violation of protocol (_ssl.c:2427))
[15:05:06] [ERR] Failed to check the state of sock (session id: c30b3d3f-0277-4676-ba8b-fa3bdf8d526f, error: SSLEOFError, message: EOF occurred in violation of protocol (_ssl.c:2427))
[15:05:16] [ERR] Failed to check the state of sock (session id: c30b3d3f-0277-4676-ba8b-fa3bdf8d526f, error: SSLEOFError, message: EOF occurred in violation of protocol (_ssl.c:2427))
[15:05:26] [ERR] Failed to check the state of sock (session id: c30b3d3f-0277-4676-ba8b-fa3bdf8d526f, error: SSLEOFError, message: EOF occurred in violation of protocol (_ssl.c:2427))
[15:05:36] [ERR] Failed to check the state of sock (session id: c30b3d3f-0277-4676-ba8b-fa3bdf8d526f, error: SSLError, message: [SSL: BAD_LENGTH] bad length (_ssl.c:2427))
[15:05:57] [ERR] Failed to check the state of sock (session id: f19e8358-4aa9-4ca5-917c-ab90549dd1ab, error: SSLEOFError, message: EOF occurred in violation of protocol (_ssl.c:2427))
[15:06:07] [ERR] Failed to check the state of sock (session id: f19e8358-4aa9-4ca5-917c-ab90549dd1ab, error: SSLEOFError, message: EOF occurred in violation of protocol (_ssl.c:2427))
[15:06:17] [ERR] Failed to check the state of sock (session id: f19e8358-4aa9-4ca5-917c-ab90549dd1ab, error: SSLEOFError, message: EOF occurred in violation of protocol (_ssl.c:2427))
[15:06:27] [ERR] Failed to check the state of sock (session id: f19e8358-4aa9-4ca5-917c-ab90549dd1ab, error: SSLEOFError, message: EOF occurred in violation of protocol (_ssl.c:2427))
[15:06:37] [ERR] Failed to check the state of sock (session id: f19e8358-4aa9-4ca5-917c-ab90549dd1ab, error: SSLEOFError, message: EOF occurred in violation of protocol (_ssl.c:2427))
[15:07:48] [ERR] Failed to check the state of sock (session id: 8b3945c5-a85c-4e5b-b078-fae08d2c5857, error: SSLEOFError, message: EOF occurred in violation of protocol (_ssl.c:2427))
[15:07:58] [ERR] Failed to check the state of sock (session id: 8b3945c5-a85c-4e5b-b078-fae08d2c5857, error: SSLEOFError, message: EOF occurred in violation of protocol (_ssl.c:2427))
[15:08:08] [ERR] Failed to check the state of sock (session id: 8b3945c5-a85c-4e5b-b078-fae08d2c5857, error: SSLError, message: [SSL: BAD_LENGTH] bad length (_ssl.c:2427))
[15:08:18] [ERR] Failed to check the state of sock (session id: 8b3945c5-a85c-4e5b-b078-fae08d2c5857, error: SSLEOFError, message: EOF occurred in violation of protocol (_ssl.c:2427))
[15:08:28] [ERR] Failed to check the state of sock (session id: 8b3945c5-a85c-4e5b-b078-fae08d2c5857, error: SSLEOFError, message: EOF occurred in violation of protocol (_ssl.c:2427))
[15:09:29] [ERR] Failed to check the state of sock (session id: 0e24a3ee-e790-4944-bc7e-dfb53b3febed, error: SSLEOFError, message: EOF occurred in violation of protocol (_ssl.c:2427))
[15:09:39] [ERR] Failed to check the state of sock (session id: 0e24a3ee-e790-4944-bc7e-dfb53b3febed, error: SSLEOFError, message: EOF occurred in violation of protocol (_ssl.c:2427))
[15:09:49] [ERR] Failed to check the state of sock (session id: 0e24a3ee-e790-4944-bc7e-dfb53b3febed, error: SSLEOFError, message: EOF occurred in violation of protocol (_ssl.c:2427))
[15:09:59] [ERR] Failed to check the state of sock (session id: 0e24a3ee-e790-4944-bc7e-dfb53b3febed, error: SSLEOFError, message: EOF occurred in violation of protocol (_ssl.c:2427))
[15:10:09] [ERR] Failed to check the state of sock (session id: 0e24a3ee-e790-4944-bc7e-dfb53b3febed, error: SSLError, message: [SSL: BAD_LENGTH] bad length (_ssl.c:2427))
[15:11:41] [ERR] Failed to check the state of sock (session id: 2998b98f-cca9-4ad6-b057-b053ad1a9017, error: SSLEOFError, message: EOF occurred in violation of protocol (_ssl.c:2427))
[15:11:51] [ERR] Failed to check the state of sock (session id: 2998b98f-cca9-4ad6-b057-b053ad1a9017, error: SSLEOFError, message: EOF occurred in violation of protocol (_ssl.c:2427))
[15:12:01] [ERR] Failed to check the state of sock (session id: 2998b98f-cca9-4ad6-b057-b053ad1a9017, error: SSLEOFError, message: EOF occurred in violation of protocol (_ssl.c:2427))
[15:12:11] [ERR] Failed to check the state of sock (session id: 2998b98f-cca9-4ad6-b057-b053ad1a9017, error: SSLEOFError, message: EOF occurred in violation of protocol (_ssl.c:2427))
[15:12:21] [ERR] Failed to check the state of sock (session id: 2998b98f-cca9-4ad6-b057-b053ad1a9017, error: SSLEOFError, message: EOF occurred in violation of protocol (_ssl.c:2427))
[15:13:52] [ERR] Failed to check the state of sock (session id: 094be5d1-5d9a-4db8-a2f7-6d0ea1b6108d, error: SSLEOFError, message: EOF occurred in violation of protocol (_ssl.c:2427))
[15:14:02] [ERR] Failed to check the state of sock (session id: 094be5d1-5d9a-4db8-a2f7-6d0ea1b6108d, error: SSLError, message: [SSL: BAD_LENGTH] bad length (_ssl.c:2427))
[15:14:12] [ERR] Failed to check the state of sock (session id: 094be5d1-5d9a-4db8-a2f7-6d0ea1b6108d, error: SSLEOFError, message: EOF occurred in violation of protocol (_ssl.c:2427))
[15:14:22] [ERR] Failed to check the state of sock (session id: 094be5d1-5d9a-4db8-a2f7-6d0ea1b6108d, error: SSLEOFError, message: EOF occurred in violation of protocol (_ssl.c:2427))
[15:14:32] [ERR] Failed to check the state of sock (session id: 094be5d1-5d9a-4db8-a2f7-6d0ea1b6108d, error: SSLEOFError, message: EOF occurred in violation of protocol (_ssl.c:2427))
[15:15:53] [ERR] Failed to check the state of sock (session id: 812db3a4-a8dd-4b92-a0c8-803ddc7d8a89, error: SSLEOFError, message: EOF occurred in violation of protocol (_ssl.c:2427))
[15:16:03] [ERR] Failed to check the state of sock (session id: 812db3a4-a8dd-4b92-a0c8-803ddc7d8a89, error: SSLError, message: [SSL: BAD_LENGTH] bad length (_ssl.c:2427))
[15:16:13] [ERR] Failed to check the state of sock (session id: 812db3a4-a8dd-4b92-a0c8-803ddc7d8a89, error: SSLEOFError, message: EOF occurred in violation of protocol (_ssl.c:2427))
[15:16:23] [ERR] Failed to check the state of sock (session id: 812db3a4-a8dd-4b92-a0c8-803ddc7d8a89, error: SSLEOFError, message: EOF occurred in violation of protocol (_ssl.c:2427))
[15:16:33] [ERR] Failed to check the state of sock (session id: 812db3a4-a8dd-4b92-a0c8-803ddc7d8a89, error: SSLEOFError, message: EOF occurred in violation of protocol (_ssl.c:2427))
[15:17:54] [ERR] Failed to check the state of sock (session id: 4387ab17-10e3-4f59-8741-617e52452107, error: SSLEOFError, message: EOF occurred in violation of protocol (_ssl.c:2427))
[15:18:04] [ERR] Failed to check the state of sock (session id: 4387ab17-10e3-4f59-8741-617e52452107, error: SSLEOFError, message: EOF occurred in violation of protocol (_ssl.c:2427))
[15:18:14] [ERR] Failed to check the state of sock (session id: 4387ab17-10e3-4f59-8741-617e52452107, error: SSLEOFError, message: EOF occurred in violation of protocol (_ssl.c:2427))
[15:18:24] [ERR] Failed to check the state of sock (session id: 4387ab17-10e3-4f59-8741-617e52452107, error: SSLEOFError, message: EOF occurred in violation of protocol (_ssl.c:2427))
[15:18:34] [ERR] Failed to check the state of sock (session id: 4387ab17-10e3-4f59-8741-617e52452107, error: SSLEOFError, message: EOF occurred in violation of protocol (_ssl.c:2427))
[15:19:35] [ERR] Failed to check the state of sock (session id: 60fdf072-30b3-4b65-8095-75f33f160d8d, error: SSLEOFError, message: EOF occurred in violation of protocol (_ssl.c:2427))
[15:19:45] [ERR] Failed to check the state of sock (session id: 60fdf072-30b3-4b65-8095-75f33f160d8d, error: SSLEOFError, message: EOF occurred in violation of protocol (_ssl.c:2427))
[15:19:55] [ERR] Failed to check the state of sock (session id: 60fdf072-30b3-4b65-8095-75f33f160d8d, error: SSLEOFError, message: EOF occurred in violation of protocol (_ssl.c:2427))
[15:20:05] [ERR] Failed to check the state of sock (session id: 60fdf072-30b3-4b65-8095-75f33f160d8d, error: SSLEOFError, message: EOF occurred in violation of protocol (_ssl.c:2427))
[15:20:15] [ERR] Failed to check the state of sock (session id: 60fdf072-30b3-4b65-8095-75f33f160d8d, error: SSLEOFError, message: EOF occurred in violation of protocol (_ssl.c:2427))
[15:21:36] [ERR] Failed to check the state of sock (session id: 551240f5-15e9-4deb-bcaa-aa2462a8f4f0, error: SSLEOFError, message: EOF occurred in violation of protocol (_ssl.c:2427))
[15:21:46] [ERR] Failed to check the state of sock (session id: 551240f5-15e9-4deb-bcaa-aa2462a8f4f0, error: SSLError, message: [SSL: BAD_LENGTH] bad length (_ssl.c:2427))
[15:21:56] [ERR] Failed to check the state of sock (session id: 551240f5-15e9-4deb-bcaa-aa2462a8f4f0, error: SSLEOFError, message: EOF occurred in violation of protocol (_ssl.c:2427))
[15:22:06] [ERR] Failed to check the state of sock (session id: 551240f5-15e9-4deb-bcaa-aa2462a8f4f0, error: SSLEOFError, message: EOF occurred in violation of protocol (_ssl.c:2427))
[15:22:16] [ERR] Failed to check the state of sock (session id: 551240f5-15e9-4deb-bcaa-aa2462a8f4f0, error: SSLEOFError, message: EOF occurred in violation of protocol (_ssl.c:2427))
[15:23:47] [ERR] Failed to check the state of sock (session id: d2dddfb9-c027-4fe9-b724-960b92f8134b, error: SSLEOFError, message: EOF occurred in violation of protocol (_ssl.c:2427))
[15:23:57] [ERR] Failed to check the state of sock (session id: d2dddfb9-c027-4fe9-b724-960b92f8134b, error: SSLEOFError, message: EOF occurred in violation of protocol (_ssl.c:2427))
[15:24:07] [ERR] Failed to check the state of sock (session id: d2dddfb9-c027-4fe9-b724-960b92f8134b, error: SSLEOFError, message: EOF occurred in violation of protocol (_ssl.c:2427))
[15:24:17] [ERR] Failed to check the state of sock (session id: d2dddfb9-c027-4fe9-b724-960b92f8134b, error: SSLEOFError, message: EOF occurred in violation of protocol (_ssl.c:2427))
[15:24:27] [ERR] Failed to check the state of sock (session id: d2dddfb9-c027-4fe9-b724-960b92f8134b, error: SSLEOFError, message: EOF occurred in violation of protocol (_ssl.c:2427))
[15:25:18] [ERR] Failed to check the state of sock (session id: c4d7380b-7bdb-4565-98d1-be88175a6703, error: SSLEOFError, message: EOF occurred in violation of protocol (_ssl.c:2427))
[15:25:28] [ERR] Failed to check the state of sock (session id: c4d7380b-7bdb-4565-98d1-be88175a6703, error: SSLEOFError, message: EOF occurred in violation of protocol (_ssl.c:2427))
[15:25:38] [ERR] Failed to check the state of sock (session id: c4d7380b-7bdb-4565-98d1-be88175a6703, error: SSLEOFError, message: EOF occurred in violation of protocol (_ssl.c:2427))
[15:25:48] [ERR] Failed to check the state of sock (session id: c4d7380b-7bdb-4565-98d1-be88175a6703, error: SSLEOFError, message: EOF occurred in violation of protocol (_ssl.c:2427))
[15:25:58] [ERR] Failed to check the state of sock (session id: c4d7380b-7bdb-4565-98d1-be88175a6703, error: SSLEOFError, message: EOF occurred in violation of protocol (_ssl.c:2427))
[15:27:30] [ERR] Failed to check the state of sock (session id: 428accf0-adbb-47af-bf08-bdeb410bc133, error: SSLEOFError, message: EOF occurred in violation of protocol (_ssl.c:2427))
[15:27:40] [ERR] Failed to check the state of sock (session id: 428accf0-adbb-47af-bf08-bdeb410bc133, error: SSLError, message: [SSL: BAD_LENGTH] bad length (_ssl.c:2427))
[15:27:50] [ERR] Failed to check the state of sock (session id: 428accf0-adbb-47af-bf08-bdeb410bc133, error: SSLError, message: [SSL: BAD_LENGTH] bad length (_ssl.c:2427))
[15:28:00] [ERR] Failed to check the state of sock (session id: 428accf0-adbb-47af-bf08-bdeb410bc133, error: SSLEOFError, message: EOF occurred in violation of protocol (_ssl.c:2427))
[15:28:10] [ERR] Failed to check the state of sock (session id: 428accf0-adbb-47af-bf08-bdeb410bc133, error: SSLEOFError, message: EOF occurred in violation of protocol (_ssl.c:2427))
[15:29:11] [ERR] Failed to check the state of sock (session id: e4ed8fcc-4248-4888-845b-d7e3627d1e4f, error: SSLEOFError, message: EOF occurred in violation of protocol (_ssl.c:2427))
[15:29:21] [ERR] Failed to check the state of sock (session id: e4ed8fcc-4248-4888-845b-d7e3627d1e4f, error: SSLError, message: [SSL: BAD_LENGTH] bad length (_ssl.c:2427))
[15:29:31] [ERR] Failed to check the state of sock (session id: e4ed8fcc-4248-4888-845b-d7e3627d1e4f, error: SSLEOFError, message: EOF occurred in violation of protocol (_ssl.c:2427))
[15:29:41] [ERR] Failed to check the state of sock (session id: e4ed8fcc-4248-4888-845b-d7e3627d1e4f, error: SSLEOFError, message: EOF occurred in violation of protocol (_ssl.c:2427))
[15:29:51] [ERR] Failed to check the state of sock (session id: e4ed8fcc-4248-4888-845b-d7e3627d1e4f, error: SSLEOFError, message: EOF occurred in violation of protocol (_ssl.c:2427))
[15:30:52] [ERR] Failed to check the state of sock (session id: d3c556c4-3e4c-4430-9753-907b21a21a0e, error: SSLEOFError, message: EOF occurred in violation of protocol (_ssl.c:2427))
[15:31:02] [ERR] Failed to check the state of sock (session id: d3c556c4-3e4c-4430-9753-907b21a21a0e, error: SSLEOFError, message: EOF occurred in violation of protocol (_ssl.c:2427))
[15:31:12] [ERR] Failed to check the state of sock (session id: d3c556c4-3e4c-4430-9753-907b21a21a0e, error: SSLEOFError, message: EOF occurred in violation of protocol (_ssl.c:2427))
[15:31:22] [ERR] Failed to check the state of sock (session id: d3c556c4-3e4c-4430-9753-907b21a21a0e, error: SSLError, message: [SSL: BAD_LENGTH] bad length (_ssl.c:2427))
[15:31:32] [ERR] Failed to check the state of sock (session id: d3c556c4-3e4c-4430-9753-907b21a21a0e, error: SSLEOFError, message: EOF occurred in violation of protocol (_ssl.c:2427))
[15:32:53] [ERR] Failed to check the state of sock (session id: 5e794db7-93dc-491b-a2ec-a52c2363eb35, error: SSLEOFError, message: EOF occurred in violation of protocol (_ssl.c:2427))
[15:33:03] [ERR] Failed to check the state of sock (session id: 5e794db7-93dc-491b-a2ec-a52c2363eb35, error: SSLError, message: [SSL: BAD_LENGTH] bad length (_ssl.c:2427))
[15:33:13] [ERR] Failed to check the state of sock (session id: 5e794db7-93dc-491b-a2ec-a52c2363eb35, error: SSLError, message: [SSL: BAD_LENGTH] bad length (_ssl.c:2427))
[15:33:23] [ERR] Failed to check the state of sock (session id: 5e794db7-93dc-491b-a2ec-a52c2363eb35, error: SSLEOFError, message: EOF occurred in violation of protocol (_ssl.c:2427))
[15:33:33] [ERR] Failed to check the state of sock (session id: 5e794db7-93dc-491b-a2ec-a52c2363eb35, error: SSLEOFError, message: EOF occurred in violation of protocol (_ssl.c:2427))
[15:34:54] [ERR] Failed to check the state of sock (session id: 9c29c2e9-3737-4ee6-bb6a-9e63eb50eb4c, error: SSLEOFError, message: EOF occurred in violation of protocol (_ssl.c:2427))
[15:35:04] [ERR] Failed to check the state of sock (session id: 9c29c2e9-3737-4ee6-bb6a-9e63eb50eb4c, error: SSLEOFError, message: EOF occurred in violation of protocol (_ssl.c:2427))
[15:35:14] [ERR] Failed to check the state of sock (session id: 9c29c2e9-3737-4ee6-bb6a-9e63eb50eb4c, error: SSLEOFError, message: EOF occurred in violation of protocol (_ssl.c:2427))
[15:35:24] [ERR] Failed to check the state of sock (session id: 9c29c2e9-3737-4ee6-bb6a-9e63eb50eb4c, error: SSLEOFError, message: EOF occurred in violation of protocol (_ssl.c:2427))
[15:35:34] [ERR] Failed to check the state of sock (session id: 9c29c2e9-3737-4ee6-bb6a-9e63eb50eb4c, error: SSLEOFError, message: EOF occurred in violation of protocol (_ssl.c:2427))
[15:36:55] [ERR] Failed to check the state of sock (session id: 44defa03-ee48-4df0-816d-b27847859ed5, error: SSLEOFError, message: EOF occurred in violation of protocol (_ssl.c:2427))
[15:37:05] [ERR] Failed to check the state of sock (session id: 44defa03-ee48-4df0-816d-b27847859ed5, error: SSLEOFError, message: EOF occurred in violation of protocol (_ssl.c:2427))
[15:37:15] [ERR] Failed to check the state of sock (session id: 44defa03-ee48-4df0-816d-b27847859ed5, error: SSLEOFError, message: EOF occurred in violation of protocol (_ssl.c:2427))
[15:37:25] [ERR] Failed to check the state of sock (session id: 44defa03-ee48-4df0-816d-b27847859ed5, error: SSLEOFError, message: EOF occurred in violation of protocol (_ssl.c:2427))
[15:37:35] [ERR] Failed to check the state of sock (session id: 44defa03-ee48-4df0-816d-b27847859ed5, error: SSLEOFError, message: EOF occurred in violation of protocol (_ssl.c:2427))
[15:38:56] [ERR] Failed to check the state of sock (session id: cbb83000-eb00-4652-a1bd-40d4f7f88f54, error: SSLEOFError, message: EOF occurred in violation of protocol (_ssl.c:2427))
[15:39:06] [ERR] Failed to check the state of sock (session id: cbb83000-eb00-4652-a1bd-40d4f7f88f54, error: SSLEOFError, message: EOF occurred in violation of protocol (_ssl.c:2427))
[15:39:16] [ERR] Failed to check the state of sock (session id: cbb83000-eb00-4652-a1bd-40d4f7f88f54, error: SSLEOFError, message: EOF occurred in violation of protocol (_ssl.c:2427))
[15:39:26] [ERR] Failed to check the state of sock (session id: cbb83000-eb00-4652-a1bd-40d4f7f88f54, error: SSLEOFError, message: EOF occurred in violation of protocol (_ssl.c:2427))
[15:39:36] [ERR] Failed to check the state of sock (session id: cbb83000-eb00-4652-a1bd-40d4f7f88f54, error: SSLEOFError, message: EOF occurred in violation of protocol (_ssl.c:2427))
[15:41:07] [ERR] Failed to check the state of sock (session id: 7a3204b1-1143-4558-87ad-ae95df017e28, error: SSLEOFError, message: EOF occurred in violation of protocol (_ssl.c:2427))
[15:41:17] [ERR] Failed to check the state of sock (session id: 7a3204b1-1143-4558-87ad-ae95df017e28, error: SSLEOFError, message: EOF occurred in violation of protocol (_ssl.c:2427))
[15:41:27] [ERR] Failed to check the state of sock (session id: 7a3204b1-1143-4558-87ad-ae95df017e28, error: SSLEOFError, message: EOF occurred in violation of protocol (_ssl.c:2427))
[15:41:37] [ERR] Failed to check the state of sock (session id: 7a3204b1-1143-4558-87ad-ae95df017e28, error: SSLEOFError, message: EOF occurred in violation of protocol (_ssl.c:2427))
[15:41:47] [ERR] Failed to check the state of sock (session id: 7a3204b1-1143-4558-87ad-ae95df017e28, error: SSLError, message: [SSL: BAD_LENGTH] bad length (_ssl.c:2427))
[15:43:09] [ERR] Failed to check the state of sock (session id: b9925e87-d360-4bd4-bf64-bc29dbb72610, error: SSLEOFError, message: EOF occurred in violation of protocol (_ssl.c:2427))
[15:43:19] [ERR] Failed to check the state of sock (session id: b9925e87-d360-4bd4-bf64-bc29dbb72610, error: SSLEOFError, message: EOF occurred in violation of protocol (_ssl.c:2427))
[15:43:29] [ERR] Failed to check the state of sock (session id: b9925e87-d360-4bd4-bf64-bc29dbb72610, error: SSLEOFError, message: EOF occurred in violation of protocol (_ssl.c:2427))
[15:43:39] [ERR] Failed to check the state of sock (session id: b9925e87-d360-4bd4-bf64-bc29dbb72610, error: SSLEOFError, message: EOF occurred in violation of protocol (_ssl.c:2427))
[15:43:49] [ERR] Failed to check the state of sock (session id: b9925e87-d360-4bd4-bf64-bc29dbb72610, error: SSLEOFError, message: EOF occurred in violation of protocol (_ssl.c:2427))
[15:45:20] [ERR] Failed to check the state of sock (session id: a037c067-b342-48a4-b81e-9116f562d181, error: SSLEOFError, message: EOF occurred in violation of protocol (_ssl.c:2427))
[15:45:30] [ERR] Failed to check the state of sock (session id: a037c067-b342-48a4-b81e-9116f562d181, error: SSLEOFError, message: EOF occurred in violation of protocol (_ssl.c:2427))
[15:45:40] [ERR] Failed to check the state of sock (session id: a037c067-b342-48a4-b81e-9116f562d181, error: SSLEOFError, message: EOF occurred in violation of protocol (_ssl.c:2427))
[15:45:50] [ERR] Failed to check the state of sock (session id: a037c067-b342-48a4-b81e-9116f562d181, error: SSLEOFError, message: EOF occurred in violation of protocol (_ssl.c:2427))
[15:46:00] [ERR] Failed to check the state of sock (session id: a037c067-b342-48a4-b81e-9116f562d181, error: SSLEOFError, message: EOF occurred in violation of protocol (_ssl.c:2427))
[15:47:21] [ERR] Failed to check the state of sock (session id: b383df65-6cd3-48fd-9306-d3d41485c525, error: SSLEOFError, message: EOF occurred in violation of protocol (_ssl.c:2427))
[15:47:31] [ERR] Failed to check the state of sock (session id: b383df65-6cd3-48fd-9306-d3d41485c525, error: SSLEOFError, message: EOF occurred in violation of protocol (_ssl.c:2427))
[15:47:41] [ERR] Failed to check the state of sock (session id: b383df65-6cd3-48fd-9306-d3d41485c525, error: SSLEOFError, message: EOF occurred in violation of protocol (_ssl.c:2427))
[15:47:51] [ERR] Failed to check the state of sock (session id: b383df65-6cd3-48fd-9306-d3d41485c525, error: SSLEOFError, message: EOF occurred in violation of protocol (_ssl.c:2427))
[15:48:01] [ERR] Failed to check the state of sock (session id: b383df65-6cd3-48fd-9306-d3d41485c525, error: SSLEOFError, message: EOF occurred in violation of protocol (_ssl.c:2427))
[15:48:52] [ERR] Failed to check the state of sock (session id: 2ac315cc-fbc1-48c3-b368-b7e8f240761f, error: SSLEOFError, message: EOF occurred in violation of protocol (_ssl.c:2427))
[15:49:02] [ERR] Failed to check the state of sock (session id: 2ac315cc-fbc1-48c3-b368-b7e8f240761f, error: SSLEOFError, message: EOF occurred in violation of protocol (_ssl.c:2427))
[15:49:12] [ERR] Failed to check the state of sock (session id: 2ac315cc-fbc1-48c3-b368-b7e8f240761f, error: SSLEOFError, message: EOF occurred in violation of protocol (_ssl.c:2427))
[15:49:22] [ERR] Failed to check the state of sock (session id: 2ac315cc-fbc1-48c3-b368-b7e8f240761f, error: SSLEOFError, message: EOF occurred in violation of protocol (_ssl.c:2427))
[15:49:32] [ERR] Failed to check the state of sock (session id: 2ac315cc-fbc1-48c3-b368-b7e8f240761f, error: SSLEOFError, message: EOF occurred in violation of protocol (_ssl.c:2427))
[15:50:33] [ERR] Failed to check the state of sock (session id: 5b1af7db-8ced-4fe9-b707-5bc1eba9d3ce, error: SSLEOFError, message: EOF occurred in violation of protocol (_ssl.c:2427))
[15:50:43] [ERR] Failed to check the state of sock (session id: 5b1af7db-8ced-4fe9-b707-5bc1eba9d3ce, error: SSLEOFError, message: EOF occurred in violation of protocol (_ssl.c:2427))
[15:50:53] [ERR] Failed to check the state of sock (session id: 5b1af7db-8ced-4fe9-b707-5bc1eba9d3ce, error: SSLError, message: [SSL: BAD_LENGTH] bad length (_ssl.c:2427))
[15:51:03] [ERR] Failed to check the state of sock (session id: 5b1af7db-8ced-4fe9-b707-5bc1eba9d3ce, error: SSLError, message: [SSL: BAD_LENGTH] bad length (_ssl.c:2427))
[15:51:13] [ERR] Failed to check the state of sock (session id: 5b1af7db-8ced-4fe9-b707-5bc1eba9d3ce, error: SSLError, message: [SSL: BAD_LENGTH] bad length (_ssl.c:2427))
[15:52:35] [ERR] Failed to check the state of sock (session id: 22f4b3b4-75ab-4070-aae6-ca5b37199795, error: SSLEOFError, message: EOF occurred in violation of protocol (_ssl.c:2427))
[15:52:45] [ERR] Failed to check the state of sock (session id: 22f4b3b4-75ab-4070-aae6-ca5b37199795, error: SSLEOFError, message: EOF occurred in violation of protocol (_ssl.c:2427))
[15:52:55] [ERR] Failed to check the state of sock (session id: 22f4b3b4-75ab-4070-aae6-ca5b37199795, error: SSLEOFError, message: EOF occurred in violation of protocol (_ssl.c:2427))
[15:53:05] [ERR] Failed to check the state of sock (session id: 22f4b3b4-75ab-4070-aae6-ca5b37199795, error: SSLEOFError, message: EOF occurred in violation of protocol (_ssl.c:2427))
[15:53:15] [ERR] Failed to check the state of sock (session id: 22f4b3b4-75ab-4070-aae6-ca5b37199795, error: SSLEOFError, message: EOF occurred in violation of protocol (_ssl.c:2427))
[15:54:36] [ERR] Failed to check the state of sock (session id: 61d6c7ab-b4a7-4f5f-8b56-f4c665a41231, error: SSLEOFError, message: EOF occurred in violation of protocol (_ssl.c:2427))
[15:54:46] [ERR] Failed to check the state of sock (session id: 61d6c7ab-b4a7-4f5f-8b56-f4c665a41231, error: SSLEOFError, message: EOF occurred in violation of protocol (_ssl.c:2427))
[15:54:56] [ERR] Failed to check the state of sock (session id: 61d6c7ab-b4a7-4f5f-8b56-f4c665a41231, error: SSLEOFError, message: EOF occurred in violation of protocol (_ssl.c:2427))
[15:55:06] [ERR] Failed to check the state of sock (session id: 61d6c7ab-b4a7-4f5f-8b56-f4c665a41231, error: SSLEOFError, message: EOF occurred in violation of protocol (_ssl.c:2427))
[15:55:16] [ERR] Failed to check the state of sock (session id: 61d6c7ab-b4a7-4f5f-8b56-f4c665a41231, error: SSLEOFError, message: EOF occurred in violation of protocol (_ssl.c:2427))
[15:56:17] [ERR] Failed to check the state of sock (session id: a390c770-185a-4bd6-9c13-18645ae64517, error: SSLEOFError, message: EOF occurred in violation of protocol (_ssl.c:2427))
[15:56:27] [ERR] Failed to check the state of sock (session id: a390c770-185a-4bd6-9c13-18645ae64517, error: SSLEOFError, message: EOF occurred in violation of protocol (_ssl.c:2427))
[15:56:37] [ERR] Failed to check the state of sock (session id: a390c770-185a-4bd6-9c13-18645ae64517, error: SSLEOFError, message: EOF occurred in violation of protocol (_ssl.c:2427))
[15:56:47] [ERR] Failed to check the state of sock (session id: a390c770-185a-4bd6-9c13-18645ae64517, error: SSLEOFError, message: EOF occurred in violation of protocol (_ssl.c:2427))
[15:56:57] [ERR] Failed to check the state of sock (session id: a390c770-185a-4bd6-9c13-18645ae64517, error: SSLEOFError, message: EOF occurred in violation of protocol (_ssl.c:2427))
[15:58:28] [ERR] Failed to check the state of sock (session id: 7948ee90-77a5-4376-8f7d-5fe4ebdba7b7, error: SSLEOFError, message: EOF occurred in violation of protocol (_ssl.c:2427))
[15:58:38] [ERR] Failed to check the state of sock (session id: 7948ee90-77a5-4376-8f7d-5fe4ebdba7b7, error: SSLEOFError, message: EOF occurred in violation of protocol (_ssl.c:2427))
[15:58:48] [ERR] Failed to check the state of sock (session id: 7948ee90-77a5-4376-8f7d-5fe4ebdba7b7, error: SSLEOFError, message: EOF occurred in violation of protocol (_ssl.c:2427))
[15:58:58] [ERR] Failed to check the state of sock (session id: 7948ee90-77a5-4376-8f7d-5fe4ebdba7b7, error: SSLEOFError, message: EOF occurred in violation of protocol (_ssl.c:2427))
[15:59:08] [ERR] Failed to check the state of sock (session id: 7948ee90-77a5-4376-8f7d-5fe4ebdba7b7, error: SSLEOFError, message: EOF occurred in violation of protocol (_ssl.c:2427))
[16:00:09] [ERR] Failed to check the state of sock (session id: 1dbf6c62-4e78-470f-91f7-7b7aa74c76a2, error: SSLEOFError, message: EOF occurred in violation of protocol (_ssl.c:2427))
[16:00:19] [ERR] Failed to check the state of sock (session id: 1dbf6c62-4e78-470f-91f7-7b7aa74c76a2, error: SSLEOFError, message: EOF occurred in violation of protocol (_ssl.c:2427))
[16:00:29] [ERR] Failed to check the state of sock (session id: 1dbf6c62-4e78-470f-91f7-7b7aa74c76a2, error: SSLEOFError, message: EOF occurred in violation of protocol (_ssl.c:2427))
[16:00:39] [ERR] Failed to check the state of sock (session id: 1dbf6c62-4e78-470f-91f7-7b7aa74c76a2, error: SSLEOFError, message: EOF occurred in violation of protocol (_ssl.c:2427))
[16:00:49] [ERR] Failed to check the state of sock (session id: 1dbf6c62-4e78-470f-91f7-7b7aa74c76a2, error: SSLEOFError, message: EOF occurred in violation of protocol (_ssl.c:2427))
[16:01:50] [ERR] Failed to check the state of sock (session id: fae36be3-d1c0-4dcb-aaff-8af888cd2e97, error: SSLEOFError, message: EOF occurred in violation of protocol (_ssl.c:2427))
[16:02:00] [ERR] Failed to check the state of sock (session id: fae36be3-d1c0-4dcb-aaff-8af888cd2e97, error: SSLEOFError, message: EOF occurred in violation of protocol (_ssl.c:2427))
[16:02:10] [ERR] Failed to check the state of sock (session id: fae36be3-d1c0-4dcb-aaff-8af888cd2e97, error: SSLEOFError, message: EOF occurred in violation of protocol (_ssl.c:2427))
[16:02:20] [ERR] Failed to check the state of sock (session id: fae36be3-d1c0-4dcb-aaff-8af888cd2e97, error: SSLEOFError, message: EOF occurred in violation of protocol (_ssl.c:2427))
[16:02:30] [ERR] Failed to check the state of sock (session id: fae36be3-d1c0-4dcb-aaff-8af888cd2e97, error: SSLEOFError, message: EOF occurred in violation of protocol (_ssl.c:2427))
[16:03:31] [ERR] Failed to check the state of sock (session id: 1767077c-7b04-4380-8b98-a9dde420d90e, error: SSLEOFError, message: EOF occurred in violation of protocol (_ssl.c:2427))
[16:03:41] [ERR] Failed to check the state of sock (session id: 1767077c-7b04-4380-8b98-a9dde420d90e, error: SSLEOFError, message: EOF occurred in violation of protocol (_ssl.c:2427))
[16:03:51] [ERR] Failed to check the state of sock (session id: 1767077c-7b04-4380-8b98-a9dde420d90e, error: SSLEOFError, message: EOF occurred in violation of protocol (_ssl.c:2427))
[16:04:01] [ERR] Failed to check the state of sock (session id: 1767077c-7b04-4380-8b98-a9dde420d90e, error: SSLEOFError, message: EOF occurred in violation of protocol (_ssl.c:2427))
[16:04:11] [ERR] Failed to check the state of sock (session id: 1767077c-7b04-4380-8b98-a9dde420d90e, error: SSLEOFError, message: EOF occurred in violation of protocol (_ssl.c:2427))
[16:05:13] [ERR] Failed to check the state of sock (session id: c33fd8e3-c82a-4fb9-9efd-b44c4b84e586, error: SSLEOFError, message: EOF occurred in violation of protocol (_ssl.c:2427))
[16:05:23] [ERR] Failed to check the state of sock (session id: c33fd8e3-c82a-4fb9-9efd-b44c4b84e586, error: SSLEOFError, message: EOF occurred in violation of protocol (_ssl.c:2427))
[16:05:33] [ERR] Failed to check the state of sock (session id: c33fd8e3-c82a-4fb9-9efd-b44c4b84e586, error: SSLError, message: [SSL: BAD_LENGTH] bad length (_ssl.c:2427))
[16:05:43] [ERR] Failed to check the state of sock (session id: c33fd8e3-c82a-4fb9-9efd-b44c4b84e586, error: SSLEOFError, message: EOF occurred in violation of protocol (_ssl.c:2427))
[16:05:53] [ERR] Failed to check the state of sock (session id: c33fd8e3-c82a-4fb9-9efd-b44c4b84e586, error: SSLEOFError, message: EOF occurred in violation of protocol (_ssl.c:2427))
[16:06:44] [ERR] Failed to check the state of sock (session id: 4f1cc789-5d5b-4443-a64b-43f51f56eea4, error: SSLEOFError, message: EOF occurred in violation of protocol (_ssl.c:2427))
[16:06:54] [ERR] Failed to check the state of sock (session id: 4f1cc789-5d5b-4443-a64b-43f51f56eea4, error: SSLError, message: [SSL: BAD_LENGTH] bad length (_ssl.c:2427))
[16:07:04] [ERR] Failed to check the state of sock (session id: 4f1cc789-5d5b-4443-a64b-43f51f56eea4, error: SSLEOFError, message: EOF occurred in violation of protocol (_ssl.c:2427))
[16:07:14] [ERR] Failed to check the state of sock (session id: 4f1cc789-5d5b-4443-a64b-43f51f56eea4, error: SSLEOFError, message: EOF occurred in violation of protocol (_ssl.c:2427))
[16:07:24] [ERR] Failed to check the state of sock (session id: 4f1cc789-5d5b-4443-a64b-43f51f56eea4, error: SSLEOFError, message: EOF occurred in violation of protocol (_ssl.c:2427))
[16:08:25] [ERR] Failed to check the state of sock (session id: 522dc800-4429-47a7-aa48-5b1e7c42a422, error: SSLEOFError, message: EOF occurred in violation of protocol (_ssl.c:2427))
[16:08:35] [ERR] Failed to check the state of sock (session id: 522dc800-4429-47a7-aa48-5b1e7c42a422, error: SSLError, message: [SSL: BAD_LENGTH] bad length (_ssl.c:2427))
[16:08:45] [ERR] Failed to check the state of sock (session id: 522dc800-4429-47a7-aa48-5b1e7c42a422, error: SSLError, message: [SSL: BAD_LENGTH] bad length (_ssl.c:2427))
[16:08:55] [ERR] Failed to check the state of sock (session id: 522dc800-4429-47a7-aa48-5b1e7c42a422, error: SSLError, message: [SSL: BAD_LENGTH] bad length (_ssl.c:2427))
[16:09:05] [ERR] Failed to check the state of sock (session id: 522dc800-4429-47a7-aa48-5b1e7c42a422, error: SSLEOFError, message: EOF occurred in violation of protocol (_ssl.c:2427))
[16:10:36] [ERR] Failed to check the state of sock (session id: bd9baa08-e824-408d-8248-ecd6e6edb260, error: SSLEOFError, message: EOF occurred in violation of protocol (_ssl.c:2427))
[16:10:46] [ERR] Failed to check the state of sock (session id: bd9baa08-e824-408d-8248-ecd6e6edb260, error: SSLEOFError, message: EOF occurred in violation of protocol (_ssl.c:2427))
[16:10:56] [ERR] Failed to check the state of sock (session id: bd9baa08-e824-408d-8248-ecd6e6edb260, error: SSLError, message: [SSL: BAD_LENGTH] bad length (_ssl.c:2427))
[16:11:06] [ERR] Failed to check the state of sock (session id: bd9baa08-e824-408d-8248-ecd6e6edb260, error: SSLEOFError, message: EOF occurred in violation of protocol (_ssl.c:2427))
[16:11:16] [ERR] Failed to check the state of sock (session id: bd9baa08-e824-408d-8248-ecd6e6edb260, error: SSLEOFError, message: EOF occurred in violation of protocol (_ssl.c:2427))
[16:12:07] [ERR] Failed to check the state of sock (session id: a6cd4b8e-0f54-4006-910e-a4baf699d0e7, error: SSLEOFError, message: EOF occurred in violation of protocol (_ssl.c:2427))
[16:12:17] [ERR] Failed to check the state of sock (session id: a6cd4b8e-0f54-4006-910e-a4baf699d0e7, error: SSLEOFError, message: EOF occurred in violation of protocol (_ssl.c:2427))
[16:12:27] [ERR] Failed to check the state of sock (session id: a6cd4b8e-0f54-4006-910e-a4baf699d0e7, error: SSLEOFError, message: EOF occurred in violation of protocol (_ssl.c:2427))
[16:12:37] [ERR] Failed to check the state of sock (session id: a6cd4b8e-0f54-4006-910e-a4baf699d0e7, error: SSLEOFError, message: EOF occurred in violation of protocol (_ssl.c:2427))
[16:12:47] [ERR] Failed to check the state of sock (session id: a6cd4b8e-0f54-4006-910e-a4baf699d0e7, error: SSLEOFError, message: EOF occurred in violation of protocol (_ssl.c:2427))
[16:13:38] [ERR] Failed to check the state of sock (session id: 77645c52-59ce-47d1-ad69-1d2385b816d0, error: SSLEOFError, message: EOF occurred in violation of protocol (_ssl.c:2427))
[16:13:48] [ERR] Failed to check the state of sock (session id: 77645c52-59ce-47d1-ad69-1d2385b816d0, error: SSLEOFError, message: EOF occurred in violation of protocol (_ssl.c:2427))
[16:13:58] [ERR] Failed to check the state of sock (session id: 77645c52-59ce-47d1-ad69-1d2385b816d0, error: SSLEOFError, message: EOF occurred in violation of protocol (_ssl.c:2427))
[16:14:08] [ERR] Failed to check the state of sock (session id: 77645c52-59ce-47d1-ad69-1d2385b816d0, error: SSLEOFError, message: EOF occurred in violation of protocol (_ssl.c:2427))
[16:14:18] [ERR] Failed to check the state of sock (session id: 77645c52-59ce-47d1-ad69-1d2385b816d0, error: SSLError, message: [SSL: BAD_LENGTH] bad length (_ssl.c:2427))
[16:15:19] [ERR] Failed to check the state of sock (session id: 4c3f1a79-84b7-4d48-ab06-f0a0972c5e7d, error: SSLEOFError, message: EOF occurred in violation of protocol (_ssl.c:2427))
[16:15:29] [ERR] Failed to check the state of sock (session id: 4c3f1a79-84b7-4d48-ab06-f0a0972c5e7d, error: SSLEOFError, message: EOF occurred in violation of protocol (_ssl.c:2427))
[16:15:39] [ERR] Failed to check the state of sock (session id: 4c3f1a79-84b7-4d48-ab06-f0a0972c5e7d, error: SSLEOFError, message: EOF occurred in violation of protocol (_ssl.c:2427))
[16:15:49] [ERR] Failed to check the state of sock (session id: 4c3f1a79-84b7-4d48-ab06-f0a0972c5e7d, error: SSLEOFError, message: EOF occurred in violation of protocol (_ssl.c:2427))
[16:15:59] [ERR] Failed to check the state of sock (session id: 4c3f1a79-84b7-4d48-ab06-f0a0972c5e7d, error: SSLEOFError, message: EOF occurred in violation of protocol (_ssl.c:2427))
[16:17:01] [ERR] Failed to check the state of sock (session id: e7a06b35-d0d4-4b71-994c-c7aa511bd333, error: SSLEOFError, message: EOF occurred in violation of protocol (_ssl.c:2427))
[16:17:11] [ERR] Failed to check the state of sock (session id: e7a06b35-d0d4-4b71-994c-c7aa511bd333, error: SSLEOFError, message: EOF occurred in violation of protocol (_ssl.c:2427))
[16:17:21] [ERR] Failed to check the state of sock (session id: e7a06b35-d0d4-4b71-994c-c7aa511bd333, error: SSLEOFError, message: EOF occurred in violation of protocol (_ssl.c:2427))
[16:17:31] [ERR] Failed to check the state of sock (session id: e7a06b35-d0d4-4b71-994c-c7aa511bd333, error: SSLEOFError, message: EOF occurred in violation of protocol (_ssl.c:2427))
[16:17:41] [ERR] Failed to check the state of sock (session id: e7a06b35-d0d4-4b71-994c-c7aa511bd333, error: SSLEOFError, message: EOF occurred in violation of protocol (_ssl.c:2427))
[16:18:42] [ERR] Failed to check the state of sock (session id: 88c0f46b-24d5-488b-9c24-e51f4375a789, error: SSLEOFError, message: EOF occurred in violation of protocol (_ssl.c:2427))
[16:18:52] [ERR] Failed to check the state of sock (session id: 88c0f46b-24d5-488b-9c24-e51f4375a789, error: SSLEOFError, message: EOF occurred in violation of protocol (_ssl.c:2427))
[16:19:02] [ERR] Failed to check the state of sock (session id: 88c0f46b-24d5-488b-9c24-e51f4375a789, error: SSLEOFError, message: EOF occurred in violation of protocol (_ssl.c:2427))
[16:19:12] [ERR] Failed to check the state of sock (session id: 88c0f46b-24d5-488b-9c24-e51f4375a789, error: SSLEOFError, message: EOF occurred in violation of protocol (_ssl.c:2427))
[16:19:22] [ERR] Failed to check the state of sock (session id: 88c0f46b-24d5-488b-9c24-e51f4375a789, error: SSLEOFError, message: EOF occurred in violation of protocol (_ssl.c:2427))
[16:20:43] [ERR] Failed to check the state of sock (session id: 2b0ea57e-cc9f-491e-b21c-30bdd9d28c57, error: SSLEOFError, message: EOF occurred in violation of protocol (_ssl.c:2427))
[16:20:53] [ERR] Failed to check the state of sock (session id: 2b0ea57e-cc9f-491e-b21c-30bdd9d28c57, error: SSLError, message: [SSL: BAD_LENGTH] bad length (_ssl.c:2427))
[16:21:03] [ERR] Failed to check the state of sock (session id: 2b0ea57e-cc9f-491e-b21c-30bdd9d28c57, error: SSLEOFError, message: EOF occurred in violation of protocol (_ssl.c:2427))
[16:21:13] [ERR] Failed to check the state of sock (session id: 2b0ea57e-cc9f-491e-b21c-30bdd9d28c57, error: SSLEOFError, message: EOF occurred in violation of protocol (_ssl.c:2427))
[16:21:23] [ERR] Failed to check the state of sock (session id: 2b0ea57e-cc9f-491e-b21c-30bdd9d28c57, error: SSLEOFError, message: EOF occurred in violation of protocol (_ssl.c:2427))
[16:22:24] [ERR] Failed to check the state of sock (session id: 19be0a8e-4be2-4c78-9089-069c8d0abb46, error: SSLEOFError, message: EOF occurred in violation of protocol (_ssl.c:2427))
[16:22:34] [ERR] Failed to check the state of sock (session id: 19be0a8e-4be2-4c78-9089-069c8d0abb46, error: SSLError, message: [SSL: BAD_LENGTH] bad length (_ssl.c:2427))
[16:22:44] [ERR] Failed to check the state of sock (session id: 19be0a8e-4be2-4c78-9089-069c8d0abb46, error: SSLEOFError, message: EOF occurred in violation of protocol (_ssl.c:2427))
[16:22:54] [ERR] Failed to check the state of sock (session id: 19be0a8e-4be2-4c78-9089-069c8d0abb46, error: SSLError, message: [SSL: BAD_LENGTH] bad length (_ssl.c:2427))
[16:23:04] [ERR] Failed to check the state of sock (session id: 19be0a8e-4be2-4c78-9089-069c8d0abb46, error: SSLError, message: [SSL: BAD_LENGTH] bad length (_ssl.c:2427))
[16:24:05] [ERR] Failed to check the state of sock (session id: 01a05e30-f000-42b3-add7-095b97b5c9eb, error: SSLEOFError, message: EOF occurred in violation of protocol (_ssl.c:2427))
[16:24:15] [ERR] Failed to check the state of sock (session id: 01a05e30-f000-42b3-add7-095b97b5c9eb, error: SSLEOFError, message: EOF occurred in violation of protocol (_ssl.c:2427))
[16:24:25] [ERR] Failed to check the state of sock (session id: 01a05e30-f000-42b3-add7-095b97b5c9eb, error: SSLEOFError, message: EOF occurred in violation of protocol (_ssl.c:2427))
[16:24:35] [ERR] Failed to check the state of sock (session id: 01a05e30-f000-42b3-add7-095b97b5c9eb, error: SSLEOFError, message: EOF occurred in violation of protocol (_ssl.c:2427))
[16:24:45] [ERR] Failed to check the state of sock (session id: 01a05e30-f000-42b3-add7-095b97b5c9eb, error: SSLError, message: [SSL: BAD_LENGTH] bad length (_ssl.c:2427))
[16:26:07] [ERR] Failed to check the state of sock (session id: 4bd070aa-df9d-4b52-ae26-0217559b9b0d, error: SSLEOFError, message: EOF occurred in violation of protocol (_ssl.c:2427))
[16:26:17] [ERR] Failed to check the state of sock (session id: 4bd070aa-df9d-4b52-ae26-0217559b9b0d, error: SSLEOFError, message: EOF occurred in violation of protocol (_ssl.c:2427))
[16:26:27] [ERR] Failed to check the state of sock (session id: 4bd070aa-df9d-4b52-ae26-0217559b9b0d, error: SSLEOFError, message: EOF occurred in violation of protocol (_ssl.c:2427))
[16:26:37] [ERR] Failed to check the state of sock (session id: 4bd070aa-df9d-4b52-ae26-0217559b9b0d, error: SSLError, message: [SSL: BAD_LENGTH] bad length (_ssl.c:2427))
[16:26:47] [ERR] Failed to check the state of sock (session id: 4bd070aa-df9d-4b52-ae26-0217559b9b0d, error: SSLError, message: [SSL: BAD_LENGTH] bad length (_ssl.c:2427))
[16:28:08] [ERR] Failed to check the state of sock (session id: 5287093c-1d34-478e-93b6-6335eb4a99e0, error: SSLEOFError, message: EOF occurred in violation of protocol (_ssl.c:2427))
[16:28:18] [ERR] Failed to check the state of sock (session id: 5287093c-1d34-478e-93b6-6335eb4a99e0, error: SSLError, message: [SSL: BAD_LENGTH] bad length (_ssl.c:2427))
[16:28:28] [ERR] Failed to check the state of sock (session id: 5287093c-1d34-478e-93b6-6335eb4a99e0, error: SSLError, message: [SSL: BAD_LENGTH] bad length (_ssl.c:2427))
[16:28:38] [ERR] Failed to check the state of sock (session id: 5287093c-1d34-478e-93b6-6335eb4a99e0, error: SSLError, message: [SSL: BAD_LENGTH] bad length (_ssl.c:2427))
[16:28:48] [ERR] Failed to check the state of sock (session id: 5287093c-1d34-478e-93b6-6335eb4a99e0, error: SSLError, message: [SSL: BAD_LENGTH] bad length (_ssl.c:2427))
[16:29:39] [ERR] Failed to check the state of sock (session id: 117cb2c7-9dbd-43ce-97ea-20da0bd3bda0, error: SSLEOFError, message: EOF occurred in violation of protocol (_ssl.c:2427))
[16:29:49] [ERR] Failed to check the state of sock (session id: 117cb2c7-9dbd-43ce-97ea-20da0bd3bda0, error: SSLEOFError, message: EOF occurred in violation of protocol (_ssl.c:2427))
[16:29:59] [ERR] Failed to check the state of sock (session id: 117cb2c7-9dbd-43ce-97ea-20da0bd3bda0, error: SSLEOFError, message: EOF occurred in violation of protocol (_ssl.c:2427))
[16:30:09] [ERR] Failed to check the state of sock (session id: 117cb2c7-9dbd-43ce-97ea-20da0bd3bda0, error: SSLError, message: [SSL: BAD_LENGTH] bad length (_ssl.c:2427))
[16:30:19] [ERR] Failed to check the state of sock (session id: 117cb2c7-9dbd-43ce-97ea-20da0bd3bda0, error: SSLError, message: [SSL: BAD_LENGTH] bad length (_ssl.c:2427))
[16:31:20] [ERR] Failed to check the state of sock (session id: 9fc4856d-f1ad-4fe6-b57e-1b1048456b21, error: SSLEOFError, message: EOF occurred in violation of protocol (_ssl.c:2427))
[16:31:30] [ERR] Failed to check the state of sock (session id: 9fc4856d-f1ad-4fe6-b57e-1b1048456b21, error: SSLError, message: [SSL: BAD_LENGTH] bad length (_ssl.c:2427))
[16:31:40] [ERR] Failed to check the state of sock (session id: 9fc4856d-f1ad-4fe6-b57e-1b1048456b21, error: SSLEOFError, message: EOF occurred in violation of protocol (_ssl.c:2427))
[16:31:50] [ERR] Failed to check the state of sock (session id: 9fc4856d-f1ad-4fe6-b57e-1b1048456b21, error: SSLEOFError, message: EOF occurred in violation of protocol (_ssl.c:2427))
[16:32:00] [ERR] Failed to check the state of sock (session id: 9fc4856d-f1ad-4fe6-b57e-1b1048456b21, error: SSLError, message: [SSL: BAD_LENGTH] bad length (_ssl.c:2427))
[16:33:02] [ERR] Failed to check the state of sock (session id: 8ea72502-2b08-4cb5-9a60-4ab17cad8d69, error: SSLEOFError, message: EOF occurred in violation of protocol (_ssl.c:2427))
[16:33:12] [ERR] Failed to check the state of sock (session id: 8ea72502-2b08-4cb5-9a60-4ab17cad8d69, error: SSLEOFError, message: EOF occurred in violation of protocol (_ssl.c:2427))
[16:33:22] [ERR] Failed to check the state of sock (session id: 8ea72502-2b08-4cb5-9a60-4ab17cad8d69, error: SSLEOFError, message: EOF occurred in violation of protocol (_ssl.c:2427))
[16:33:32] [ERR] Failed to check the state of sock (session id: 8ea72502-2b08-4cb5-9a60-4ab17cad8d69, error: SSLEOFError, message: EOF occurred in violation of protocol (_ssl.c:2427))
[16:33:42] [ERR] Failed to check the state of sock (session id: 8ea72502-2b08-4cb5-9a60-4ab17cad8d69, error: SSLEOFError, message: EOF occurred in violation of protocol (_ssl.c:2427))
[16:34:43] [ERR] Failed to check the state of sock (session id: c07af922-51ff-4003-b7b8-cea7ccbb2c1c, error: SSLEOFError, message: EOF occurred in violation of protocol (_ssl.c:2427))
[16:34:53] [ERR] Failed to check the state of sock (session id: c07af922-51ff-4003-b7b8-cea7ccbb2c1c, error: SSLEOFError, message: EOF occurred in violation of protocol (_ssl.c:2427))
[16:35:03] [ERR] Failed to check the state of sock (session id: c07af922-51ff-4003-b7b8-cea7ccbb2c1c, error: SSLEOFError, message: EOF occurred in violation of protocol (_ssl.c:2427))
[16:35:13] [ERR] Failed to check the state of sock (session id: c07af922-51ff-4003-b7b8-cea7ccbb2c1c, error: SSLEOFError, message: EOF occurred in violation of protocol (_ssl.c:2427))
[16:35:23] [ERR] Failed to check the state of sock (session id: c07af922-51ff-4003-b7b8-cea7ccbb2c1c, error: SSLEOFError, message: EOF occurred in violation of protocol (_ssl.c:2427))
[16:36:54] [ERR] Failed to check the state of sock (session id: d3c1bb3e-5178-4338-9f96-056a2dd246fb, error: SSLEOFError, message: EOF occurred in violation of protocol (_ssl.c:2427))
[16:37:04] [ERR] Failed to check the state of sock (session id: d3c1bb3e-5178-4338-9f96-056a2dd246fb, error: SSLError, message: [SSL: BAD_LENGTH] bad length (_ssl.c:2427))
[16:37:14] [ERR] Failed to check the state of sock (session id: d3c1bb3e-5178-4338-9f96-056a2dd246fb, error: SSLEOFError, message: EOF occurred in violation of protocol (_ssl.c:2427))
[16:37:24] [ERR] Failed to check the state of sock (session id: d3c1bb3e-5178-4338-9f96-056a2dd246fb, error: SSLEOFError, message: EOF occurred in violation of protocol (_ssl.c:2427))
[16:37:34] [ERR] Failed to check the state of sock (session id: d3c1bb3e-5178-4338-9f96-056a2dd246fb, error: SSLEOFError, message: EOF occurred in violation of protocol (_ssl.c:2427))
[16:38:35] [ERR] Failed to check the state of sock (session id: 12fe0498-f30a-4b42-a77b-d5f01af4be48, error: SSLEOFError, message: EOF occurred in violation of protocol (_ssl.c:2427))
[16:38:45] [ERR] Failed to check the state of sock (session id: 12fe0498-f30a-4b42-a77b-d5f01af4be48, error: SSLEOFError, message: EOF occurred in violation of protocol (_ssl.c:2427))
[16:38:55] [ERR] Failed to check the state of sock (session id: 12fe0498-f30a-4b42-a77b-d5f01af4be48, error: SSLEOFError, message: EOF occurred in violation of protocol (_ssl.c:2427))
[16:39:05] [ERR] Failed to check the state of sock (session id: 12fe0498-f30a-4b42-a77b-d5f01af4be48, error: SSLEOFError, message: EOF occurred in violation of protocol (_ssl.c:2427))
[16:39:15] [ERR] Failed to check the state of sock (session id: 12fe0498-f30a-4b42-a77b-d5f01af4be48, error: SSLEOFError, message: EOF occurred in violation of protocol (_ssl.c:2427))
[16:40:17] [ERR] Failed to check the state of sock (session id: de49f5b9-82c8-4860-b469-319b57fb5df4, error: SSLEOFError, message: EOF occurred in violation of protocol (_ssl.c:2427))
[16:40:27] [ERR] Failed to check the state of sock (session id: de49f5b9-82c8-4860-b469-319b57fb5df4, error: SSLEOFError, message: EOF occurred in violation of protocol (_ssl.c:2427))
[16:40:37] [ERR] Failed to check the state of sock (session id: de49f5b9-82c8-4860-b469-319b57fb5df4, error: SSLEOFError, message: EOF occurred in violation of protocol (_ssl.c:2427))
[16:40:47] [ERR] Failed to check the state of sock (session id: de49f5b9-82c8-4860-b469-319b57fb5df4, error: SSLEOFError, message: EOF occurred in violation of protocol (_ssl.c:2427))
[16:40:57] [ERR] Failed to check the state of sock (session id: de49f5b9-82c8-4860-b469-319b57fb5df4, error: SSLEOFError, message: EOF occurred in violation of protocol (_ssl.c:2427))
[16:42:28] [ERR] Failed to check the state of sock (session id: 3975d83c-fa3f-48f6-9ccd-8271b8a5f367, error: SSLEOFError, message: EOF occurred in violation of protocol (_ssl.c:2427))
[16:42:38] [ERR] Failed to check the state of sock (session id: 3975d83c-fa3f-48f6-9ccd-8271b8a5f367, error: SSLEOFError, message: EOF occurred in violation of protocol (_ssl.c:2427))
[16:42:48] [ERR] Failed to check the state of sock (session id: 3975d83c-fa3f-48f6-9ccd-8271b8a5f367, error: SSLError, message: [SSL: BAD_LENGTH] bad length (_ssl.c:2427))
[16:42:58] [ERR] Failed to check the state of sock (session id: 3975d83c-fa3f-48f6-9ccd-8271b8a5f367, error: SSLEOFError, message: EOF occurred in violation of protocol (_ssl.c:2427))
[16:43:08] [ERR] Failed to check the state of sock (session id: 3975d83c-fa3f-48f6-9ccd-8271b8a5f367, error: SSLError, message: [SSL: BAD_LENGTH] bad length (_ssl.c:2427))
[16:43:59] [ERR] Failed to check the state of sock (session id: a544a3da-82f8-4cf3-8764-04b6ed698487, error: SSLEOFError, message: EOF occurred in violation of protocol (_ssl.c:2427))
[16:44:09] [ERR] Failed to check the state of sock (session id: a544a3da-82f8-4cf3-8764-04b6ed698487, error: SSLEOFError, message: EOF occurred in violation of protocol (_ssl.c:2427))
[16:44:19] [ERR] Failed to check the state of sock (session id: a544a3da-82f8-4cf3-8764-04b6ed698487, error: SSLError, message: [SSL: BAD_LENGTH] bad length (_ssl.c:2427))
[16:44:29] [ERR] Failed to check the state of sock (session id: a544a3da-82f8-4cf3-8764-04b6ed698487, error: SSLEOFError, message: EOF occurred in violation of protocol (_ssl.c:2427))
[16:44:39] [ERR] Failed to check the state of sock (session id: a544a3da-82f8-4cf3-8764-04b6ed698487, error: SSLError, message: [SSL: BAD_LENGTH] bad length (_ssl.c:2427))
[16:46:01] [ERR] Failed to check the state of sock (session id: 4d847873-6a63-46ea-af08-50dec1327380, error: SSLEOFError, message: EOF occurred in violation of protocol (_ssl.c:2427))
[16:46:11] [ERR] Failed to check the state of sock (session id: 4d847873-6a63-46ea-af08-50dec1327380, error: SSLEOFError, message: EOF occurred in violation of protocol (_ssl.c:2427))
[16:46:21] [ERR] Failed to check the state of sock (session id: 4d847873-6a63-46ea-af08-50dec1327380, error: SSLError, message: [SSL: BAD_LENGTH] bad length (_ssl.c:2427))
[16:46:31] [ERR] Failed to check the state of sock (session id: 4d847873-6a63-46ea-af08-50dec1327380, error: SSLError, message: [SSL: BAD_LENGTH] bad length (_ssl.c:2427))
[16:46:41] [ERR] Failed to check the state of sock (session id: 4d847873-6a63-46ea-af08-50dec1327380, error: SSLError, message: [SSL: BAD_LENGTH] bad length (_ssl.c:2427))
[16:48:02] [ERR] Failed to check the state of sock (session id: 591749b0-d43e-4bfd-93b5-ead1643a9411, error: SSLEOFError, message: EOF occurred in violation of protocol (_ssl.c:2427))
[16:48:12] [ERR] Failed to check the state of sock (session id: 591749b0-d43e-4bfd-93b5-ead1643a9411, error: SSLError, message: [SSL: BAD_LENGTH] bad length (_ssl.c:2427))
[16:48:22] [ERR] Failed to check the state of sock (session id: 591749b0-d43e-4bfd-93b5-ead1643a9411, error: SSLEOFError, message: EOF occurred in violation of protocol (_ssl.c:2427))
[16:48:32] [ERR] Failed to check the state of sock (session id: 591749b0-d43e-4bfd-93b5-ead1643a9411, error: SSLEOFError, message: EOF occurred in violation of protocol (_ssl.c:2427))
[16:48:42] [ERR] Failed to check the state of sock (session id: 591749b0-d43e-4bfd-93b5-ead1643a9411, error: SSLError, message: [SSL: BAD_LENGTH] bad length (_ssl.c:2427))
[16:49:33] [ERR] Failed to check the state of sock (session id: b67ec7f8-229d-4d66-94b0-6d9d38f07cc0, error: SSLEOFError, message: EOF occurred in violation of protocol (_ssl.c:2427))
[16:49:43] [ERR] Failed to check the state of sock (session id: b67ec7f8-229d-4d66-94b0-6d9d38f07cc0, error: SSLEOFError, message: EOF occurred in violation of protocol (_ssl.c:2427))
[16:49:53] [ERR] Failed to check the state of sock (session id: b67ec7f8-229d-4d66-94b0-6d9d38f07cc0, error: SSLEOFError, message: EOF occurred in violation of protocol (_ssl.c:2427))
[16:50:03] [ERR] Failed to check the state of sock (session id: b67ec7f8-229d-4d66-94b0-6d9d38f07cc0, error: SSLEOFError, message: EOF occurred in violation of protocol (_ssl.c:2427))
[16:50:13] [ERR] Failed to check the state of sock (session id: b67ec7f8-229d-4d66-94b0-6d9d38f07cc0, error: SSLEOFError, message: EOF occurred in violation of protocol (_ssl.c:2427))
[16:51:14] [ERR] Failed to check the state of sock (session id: 6451260a-7af4-4555-b01e-1786b7a528d9, error: SSLEOFError, message: EOF occurred in violation of protocol (_ssl.c:2427))
[16:51:24] [ERR] Failed to check the state of sock (session id: 6451260a-7af4-4555-b01e-1786b7a528d9, error: SSLError, message: [SSL: BAD_LENGTH] bad length (_ssl.c:2427))
[16:51:34] [ERR] Failed to check the state of sock (session id: 6451260a-7af4-4555-b01e-1786b7a528d9, error: SSLError, message: [SSL: BAD_LENGTH] bad length (_ssl.c:2427))
[16:51:44] [ERR] Failed to check the state of sock (session id: 6451260a-7af4-4555-b01e-1786b7a528d9, error: SSLEOFError, message: EOF occurred in violation of protocol (_ssl.c:2427))
[16:51:54] [ERR] Failed to check the state of sock (session id: 6451260a-7af4-4555-b01e-1786b7a528d9, error: SSLEOFError, message: EOF occurred in violation of protocol (_ssl.c:2427))
[16:52:55] [ERR] Failed to check the state of sock (session id: 7065ba89-47cd-46fd-a161-c723b618f905, error: SSLEOFError, message: EOF occurred in violation of protocol (_ssl.c:2427))
[16:53:05] [ERR] Failed to check the state of sock (session id: 7065ba89-47cd-46fd-a161-c723b618f905, error: SSLEOFError, message: EOF occurred in violation of protocol (_ssl.c:2427))
[16:53:15] [ERR] Failed to check the state of sock (session id: 7065ba89-47cd-46fd-a161-c723b618f905, error: SSLEOFError, message: EOF occurred in violation of protocol (_ssl.c:2427))
[16:53:25] [ERR] Failed to check the state of sock (session id: 7065ba89-47cd-46fd-a161-c723b618f905, error: SSLEOFError, message: EOF occurred in violation of protocol (_ssl.c:2427))
[16:53:35] [ERR] Failed to check the state of sock (session id: 7065ba89-47cd-46fd-a161-c723b618f905, error: SSLEOFError, message: EOF occurred in violation of protocol (_ssl.c:2427))
[16:54:56] [ERR] Failed to check the state of sock (session id: 3953ab59-e9ee-4aa3-9333-df85f1f4828e, error: SSLEOFError, message: EOF occurred in violation of protocol (_ssl.c:2427))
[16:55:06] [ERR] Failed to check the state of sock (session id: 3953ab59-e9ee-4aa3-9333-df85f1f4828e, error: SSLError, message: [SSL: BAD_LENGTH] bad length (_ssl.c:2427))
[16:55:16] [ERR] Failed to check the state of sock (session id: 3953ab59-e9ee-4aa3-9333-df85f1f4828e, error: SSLError, message: [SSL: BAD_LENGTH] bad length (_ssl.c:2427))
[16:55:26] [ERR] Failed to check the state of sock (session id: 3953ab59-e9ee-4aa3-9333-df85f1f4828e, error: SSLEOFError, message: EOF occurred in violation of protocol (_ssl.c:2427))
[16:55:36] [ERR] Failed to check the state of sock (session id: 3953ab59-e9ee-4aa3-9333-df85f1f4828e, error: SSLEOFError, message: EOF occurred in violation of protocol (_ssl.c:2427))
[16:56:57] [ERR] Failed to check the state of sock (session id: 2b17ce6e-f5db-43ab-b9d9-44a8968ea9f4, error: SSLEOFError, message: EOF occurred in violation of protocol (_ssl.c:2427))
[16:57:07] [ERR] Failed to check the state of sock (session id: 2b17ce6e-f5db-43ab-b9d9-44a8968ea9f4, error: SSLEOFError, message: EOF occurred in violation of protocol (_ssl.c:2427))
[16:57:17] [ERR] Failed to check the state of sock (session id: 2b17ce6e-f5db-43ab-b9d9-44a8968ea9f4, error: SSLEOFError, message: EOF occurred in violation of protocol (_ssl.c:2427))
[16:57:27] [ERR] Failed to check the state of sock (session id: 2b17ce6e-f5db-43ab-b9d9-44a8968ea9f4, error: SSLEOFError, message: EOF occurred in violation of protocol (_ssl.c:2427))
[16:57:37] [ERR] Failed to check the state of sock (session id: 2b17ce6e-f5db-43ab-b9d9-44a8968ea9f4, error: SSLEOFError, message: EOF occurred in violation of protocol (_ssl.c:2427))
[16:58:59] [ERR] Failed to check the state of sock (session id: 29c1656a-c79b-46b1-b8ed-067d807dffc7, error: SSLEOFError, message: EOF occurred in violation of protocol (_ssl.c:2427))
[16:59:09] [ERR] Failed to check the state of sock (session id: 29c1656a-c79b-46b1-b8ed-067d807dffc7, error: SSLError, message: [SSL: BAD_LENGTH] bad length (_ssl.c:2427))
[16:59:19] [ERR] Failed to check the state of sock (session id: 29c1656a-c79b-46b1-b8ed-067d807dffc7, error: SSLError, message: [SSL: BAD_LENGTH] bad length (_ssl.c:2427))
[16:59:29] [ERR] Failed to check the state of sock (session id: 29c1656a-c79b-46b1-b8ed-067d807dffc7, error: SSLError, message: [SSL: BAD_LENGTH] bad length (_ssl.c:2427))
[16:59:39] [ERR] Failed to check the state of sock (session id: 29c1656a-c79b-46b1-b8ed-067d807dffc7, error: SSLEOFError, message: EOF occurred in violation of protocol (_ssl.c:2427))
[17:00:30] [ERR] Failed to check the state of sock (session id: 840a7b24-cf01-4e13-b6d9-de05274b4898, error: SSLEOFError, message: EOF occurred in violation of protocol (_ssl.c:2427))
[17:00:40] [ERR] Failed to check the state of sock (session id: 840a7b24-cf01-4e13-b6d9-de05274b4898, error: SSLEOFError, message: EOF occurred in violation of protocol (_ssl.c:2427))
[17:00:50] [ERR] Failed to check the state of sock (session id: 840a7b24-cf01-4e13-b6d9-de05274b4898, error: SSLEOFError, message: EOF occurred in violation of protocol (_ssl.c:2427))
[17:01:00] [ERR] Failed to check the state of sock (session id: 840a7b24-cf01-4e13-b6d9-de05274b4898, error: SSLEOFError, message: EOF occurred in violation of protocol (_ssl.c:2427))
[17:01:10] [ERR] Failed to check the state of sock (session id: 840a7b24-cf01-4e13-b6d9-de05274b4898, error: SSLEOFError, message: EOF occurred in violation of protocol (_ssl.c:2427))
[17:02:21] [ERR] Failed to check the state of sock (session id: 766611ef-909d-4da9-a0d8-820c82760e9b, error: SSLEOFError, message: EOF occurred in violation of protocol (_ssl.c:2427))
[17:02:31] [ERR] Failed to check the state of sock (session id: 766611ef-909d-4da9-a0d8-820c82760e9b, error: SSLEOFError, message: EOF occurred in violation of protocol (_ssl.c:2427))
[17:02:41] [ERR] Failed to check the state of sock (session id: 766611ef-909d-4da9-a0d8-820c82760e9b, error: SSLEOFError, message: EOF occurred in violation of protocol (_ssl.c:2427))
[17:02:51] [ERR] Failed to check the state of sock (session id: 766611ef-909d-4da9-a0d8-820c82760e9b, error: SSLEOFError, message: EOF occurred in violation of protocol (_ssl.c:2427))
[17:03:01] [ERR] Failed to check the state of sock (session id: 766611ef-909d-4da9-a0d8-820c82760e9b, error: SSLEOFError, message: EOF occurred in violation of protocol (_ssl.c:2427))
[17:04:02] [ERR] Failed to check the state of sock (session id: 57ce247b-67e6-4130-b6dd-8747bbf24abb, error: SSLEOFError, message: EOF occurred in violation of protocol (_ssl.c:2427))
[17:04:12] [ERR] Failed to check the state of sock (session id: 57ce247b-67e6-4130-b6dd-8747bbf24abb, error: SSLEOFError, message: EOF occurred in violation of protocol (_ssl.c:2427))
[17:04:22] [ERR] Failed to check the state of sock (session id: 57ce247b-67e6-4130-b6dd-8747bbf24abb, error: SSLEOFError, message: EOF occurred in violation of protocol (_ssl.c:2427))
[17:04:32] [ERR] Failed to check the state of sock (session id: 57ce247b-67e6-4130-b6dd-8747bbf24abb, error: SSLEOFError, message: EOF occurred in violation of protocol (_ssl.c:2427))
[17:04:42] [ERR] Failed to check the state of sock (session id: 57ce247b-67e6-4130-b6dd-8747bbf24abb, error: SSLEOFError, message: EOF occurred in violation of protocol (_ssl.c:2427))
[17:06:13] [ERR] Failed to check the state of sock (session id: 40bede24-288d-4e80-bd07-32e2e0c6eaa5, error: SSLEOFError, message: EOF occurred in violation of protocol (_ssl.c:2427))
[17:06:23] [ERR] Failed to check the state of sock (session id: 40bede24-288d-4e80-bd07-32e2e0c6eaa5, error: SSLEOFError, message: EOF occurred in violation of protocol (_ssl.c:2427))
[17:06:33] [ERR] Failed to check the state of sock (session id: 40bede24-288d-4e80-bd07-32e2e0c6eaa5, error: SSLEOFError, message: EOF occurred in violation of protocol (_ssl.c:2427))
[17:06:43] [ERR] Failed to check the state of sock (session id: 40bede24-288d-4e80-bd07-32e2e0c6eaa5, error: SSLEOFError, message: EOF occurred in violation of protocol (_ssl.c:2427))
[17:06:53] [ERR] Failed to check the state of sock (session id: 40bede24-288d-4e80-bd07-32e2e0c6eaa5, error: SSLEOFError, message: EOF occurred in violation of protocol (_ssl.c:2427))
[17:08:14] [ERR] Failed to check the state of sock (session id: bdd03863-8e3d-47b5-95ec-a507bd0fd94d, error: SSLEOFError, message: EOF occurred in violation of protocol (_ssl.c:2427))
[17:08:24] [ERR] Failed to check the state of sock (session id: bdd03863-8e3d-47b5-95ec-a507bd0fd94d, error: SSLError, message: [SSL: BAD_LENGTH] bad length (_ssl.c:2427))
[17:08:34] [ERR] Failed to check the state of sock (session id: bdd03863-8e3d-47b5-95ec-a507bd0fd94d, error: SSLEOFError, message: EOF occurred in violation of protocol (_ssl.c:2427))
[17:08:44] [ERR] Failed to check the state of sock (session id: bdd03863-8e3d-47b5-95ec-a507bd0fd94d, error: SSLEOFError, message: EOF occurred in violation of protocol (_ssl.c:2427))
[17:08:54] [ERR] Failed to check the state of sock (session id: bdd03863-8e3d-47b5-95ec-a507bd0fd94d, error: SSLError, message: [SSL: BAD_LENGTH] bad length (_ssl.c:2427))
[17:09:55] [ERR] Failed to check the state of sock (session id: b1fb6163-ee9e-453b-819d-e9d71ea4274a, error: SSLEOFError, message: EOF occurred in violation of protocol (_ssl.c:2427))
[17:10:05] [ERR] Failed to check the state of sock (session id: b1fb6163-ee9e-453b-819d-e9d71ea4274a, error: SSLEOFError, message: EOF occurred in violation of protocol (_ssl.c:2427))
[17:10:15] [ERR] Failed to check the state of sock (session id: b1fb6163-ee9e-453b-819d-e9d71ea4274a, error: SSLEOFError, message: EOF occurred in violation of protocol (_ssl.c:2427))
[17:10:25] [ERR] Failed to check the state of sock (session id: b1fb6163-ee9e-453b-819d-e9d71ea4274a, error: SSLEOFError, message: EOF occurred in violation of protocol (_ssl.c:2427))
[17:10:35] [ERR] Failed to check the state of sock (session id: b1fb6163-ee9e-453b-819d-e9d71ea4274a, error: SSLEOFError, message: EOF occurred in violation of protocol (_ssl.c:2427))
[17:11:37] [ERR] Failed to check the state of sock (session id: 7e49a81d-dd4e-436e-b4b9-176380964f6b, error: SSLEOFError, message: EOF occurred in violation of protocol (_ssl.c:2427))
[17:11:47] [ERR] Failed to check the state of sock (session id: 7e49a81d-dd4e-436e-b4b9-176380964f6b, error: SSLEOFError, message: EOF occurred in violation of protocol (_ssl.c:2427))
[17:11:57] [ERR] Failed to check the state of sock (session id: 7e49a81d-dd4e-436e-b4b9-176380964f6b, error: SSLEOFError, message: EOF occurred in violation of protocol (_ssl.c:2427))
[17:12:07] [ERR] Failed to check the state of sock (session id: 7e49a81d-dd4e-436e-b4b9-176380964f6b, error: SSLEOFError, message: EOF occurred in violation of protocol (_ssl.c:2427))
[17:12:17] [ERR] Failed to check the state of sock (session id: 7e49a81d-dd4e-436e-b4b9-176380964f6b, error: SSLEOFError, message: EOF occurred in violation of protocol (_ssl.c:2427))
[17:13:38] [ERR] Failed to check the state of sock (session id: b0a26b5d-c098-48a2-bc2f-c7d0bac21ba9, error: SSLEOFError, message: EOF occurred in violation of protocol (_ssl.c:2427))
[17:13:48] [ERR] Failed to check the state of sock (session id: b0a26b5d-c098-48a2-bc2f-c7d0bac21ba9, error: SSLError, message: [SSL: BAD_LENGTH] bad length (_ssl.c:2427))
[17:13:58] [ERR] Failed to check the state of sock (session id: b0a26b5d-c098-48a2-bc2f-c7d0bac21ba9, error: SSLEOFError, message: EOF occurred in violation of protocol (_ssl.c:2427))
[17:14:08] [ERR] Failed to check the state of sock (session id: b0a26b5d-c098-48a2-bc2f-c7d0bac21ba9, error: SSLEOFError, message: EOF occurred in violation of protocol (_ssl.c:2427))
[17:14:18] [ERR] Failed to check the state of sock (session id: b0a26b5d-c098-48a2-bc2f-c7d0bac21ba9, error: SSLEOFError, message: EOF occurred in violation of protocol (_ssl.c:2427))
[17:15:19] [ERR] Failed to check the state of sock (session id: 8c416890-16f5-4227-9c7b-80f4988165f9, error: SSLEOFError, message: EOF occurred in violation of protocol (_ssl.c:2427))
[17:15:29] [ERR] Failed to check the state of sock (session id: 8c416890-16f5-4227-9c7b-80f4988165f9, error: SSLEOFError, message: EOF occurred in violation of protocol (_ssl.c:2427))
[17:15:39] [ERR] Failed to check the state of sock (session id: 8c416890-16f5-4227-9c7b-80f4988165f9, error: SSLEOFError, message: EOF occurred in violation of protocol (_ssl.c:2427))
[17:15:49] [ERR] Failed to check the state of sock (session id: 8c416890-16f5-4227-9c7b-80f4988165f9, error: SSLEOFError, message: EOF occurred in violation of protocol (_ssl.c:2427))
[17:15:59] [ERR] Failed to check the state of sock (session id: 8c416890-16f5-4227-9c7b-80f4988165f9, error: SSLEOFError, message: EOF occurred in violation of protocol (_ssl.c:2427))
[17:17:20] [ERR] Failed to check the state of sock (session id: ca5accef-e5d4-4eb5-8534-2d5190940b3b, error: SSLEOFError, message: EOF occurred in violation of protocol (_ssl.c:2427))
[17:17:30] [ERR] Failed to check the state of sock (session id: ca5accef-e5d4-4eb5-8534-2d5190940b3b, error: SSLEOFError, message: EOF occurred in violation of protocol (_ssl.c:2427))
[17:17:40] [ERR] Failed to check the state of sock (session id: ca5accef-e5d4-4eb5-8534-2d5190940b3b, error: SSLEOFError, message: EOF occurred in violation of protocol (_ssl.c:2427))
[17:17:50] [ERR] Failed to check the state of sock (session id: ca5accef-e5d4-4eb5-8534-2d5190940b3b, error: SSLEOFError, message: EOF occurred in violation of protocol (_ssl.c:2427))
[17:18:00] [ERR] Failed to check the state of sock (session id: ca5accef-e5d4-4eb5-8534-2d5190940b3b, error: SSLEOFError, message: EOF occurred in violation of protocol (_ssl.c:2427))
[17:19:01] [ERR] Failed to check the state of sock (session id: 779ccc93-1885-4bfd-9311-1ce9220b4c8c, error: SSLEOFError, message: EOF occurred in violation of protocol (_ssl.c:2427))
[17:19:11] [ERR] Failed to check the state of sock (session id: 779ccc93-1885-4bfd-9311-1ce9220b4c8c, error: SSLEOFError, message: EOF occurred in violation of protocol (_ssl.c:2427))
[17:19:21] [ERR] Failed to check the state of sock (session id: 779ccc93-1885-4bfd-9311-1ce9220b4c8c, error: SSLEOFError, message: EOF occurred in violation of protocol (_ssl.c:2427))
[17:19:31] [ERR] Failed to check the state of sock (session id: 779ccc93-1885-4bfd-9311-1ce9220b4c8c, error: SSLEOFError, message: EOF occurred in violation of protocol (_ssl.c:2427))
[17:19:41] [ERR] Failed to check the state of sock (session id: 779ccc93-1885-4bfd-9311-1ce9220b4c8c, error: SSLEOFError, message: EOF occurred in violation of protocol (_ssl.c:2427))
[17:20:42] [ERR] Failed to check the state of sock (session id: 67ae5a42-48d4-4e0f-8dc5-9a844827f8c6, error: SSLEOFError, message: EOF occurred in violation of protocol (_ssl.c:2427))
[17:20:52] [ERR] Failed to check the state of sock (session id: 67ae5a42-48d4-4e0f-8dc5-9a844827f8c6, error: SSLEOFError, message: EOF occurred in violation of protocol (_ssl.c:2427))
[17:21:02] [ERR] Failed to check the state of sock (session id: 67ae5a42-48d4-4e0f-8dc5-9a844827f8c6, error: SSLEOFError, message: EOF occurred in violation of protocol (_ssl.c:2427))
[17:21:12] [ERR] Failed to check the state of sock (session id: 67ae5a42-48d4-4e0f-8dc5-9a844827f8c6, error: SSLEOFError, message: EOF occurred in violation of protocol (_ssl.c:2427))
[17:21:23] [ERR] Failed to check the state of sock (session id: 67ae5a42-48d4-4e0f-8dc5-9a844827f8c6, error: SSLError, message: [SSL: BAD_LENGTH] bad length (_ssl.c:2427))
[17:22:44] [ERR] Failed to check the state of sock (session id: f48d8e24-8006-417b-b1c2-81e0f35fd94e, error: SSLEOFError, message: EOF occurred in violation of protocol (_ssl.c:2427))
[17:22:54] [ERR] Failed to check the state of sock (session id: f48d8e24-8006-417b-b1c2-81e0f35fd94e, error: SSLError, message: [SSL: BAD_LENGTH] bad length (_ssl.c:2427))
[17:23:04] [ERR] Failed to check the state of sock (session id: f48d8e24-8006-417b-b1c2-81e0f35fd94e, error: SSLEOFError, message: EOF occurred in violation of protocol (_ssl.c:2427))
[17:23:14] [ERR] Failed to check the state of sock (session id: f48d8e24-8006-417b-b1c2-81e0f35fd94e, error: SSLEOFError, message: EOF occurred in violation of protocol (_ssl.c:2427))
[17:23:24] [ERR] Failed to check the state of sock (session id: f48d8e24-8006-417b-b1c2-81e0f35fd94e, error: SSLEOFError, message: EOF occurred in violation of protocol (_ssl.c:2427))
[17:24:55] [ERR] Failed to check the state of sock (session id: f9dd8df9-51fc-4cd2-9c5f-c6716fa91123, error: SSLEOFError, message: EOF occurred in violation of protocol (_ssl.c:2427))
[17:25:05] [ERR] Failed to check the state of sock (session id: f9dd8df9-51fc-4cd2-9c5f-c6716fa91123, error: SSLEOFError, message: EOF occurred in violation of protocol (_ssl.c:2427))
[17:25:15] [ERR] Failed to check the state of sock (session id: f9dd8df9-51fc-4cd2-9c5f-c6716fa91123, error: SSLEOFError, message: EOF occurred in violation of protocol (_ssl.c:2427))
[17:25:25] [ERR] Failed to check the state of sock (session id: f9dd8df9-51fc-4cd2-9c5f-c6716fa91123, error: SSLEOFError, message: EOF occurred in violation of protocol (_ssl.c:2427))
[17:25:35] [ERR] Failed to check the state of sock (session id: f9dd8df9-51fc-4cd2-9c5f-c6716fa91123, error: SSLEOFError, message: EOF occurred in violation of protocol (_ssl.c:2427))
[17:26:46] [ERR] Failed to check the state of sock (session id: cd144793-276f-420d-ad35-2b419068b4a5, error: SSLEOFError, message: EOF occurred in violation of protocol (_ssl.c:2427))
[17:26:56] [ERR] Failed to check the state of sock (session id: cd144793-276f-420d-ad35-2b419068b4a5, error: SSLEOFError, message: EOF occurred in violation of protocol (_ssl.c:2427))
[17:27:06] [ERR] Failed to check the state of sock (session id: cd144793-276f-420d-ad35-2b419068b4a5, error: SSLError, message: [SSL: BAD_LENGTH] bad length (_ssl.c:2427))
[17:27:16] [ERR] Failed to check the state of sock (session id: cd144793-276f-420d-ad35-2b419068b4a5, error: SSLError, message: [SSL: BAD_LENGTH] bad length (_ssl.c:2427))
[17:27:26] [ERR] Failed to check the state of sock (session id: cd144793-276f-420d-ad35-2b419068b4a5, error: SSLEOFError, message: EOF occurred in violation of protocol (_ssl.c:2427))
[17:28:27] [ERR] Failed to check the state of sock (session id: 452c4de1-7431-4b53-b822-46be3b8c8de2, error: SSLEOFError, message: EOF occurred in violation of protocol (_ssl.c:2427))
[17:28:37] [ERR] Failed to check the state of sock (session id: 452c4de1-7431-4b53-b822-46be3b8c8de2, error: SSLEOFError, message: EOF occurred in violation of protocol (_ssl.c:2427))
[17:28:47] [ERR] Failed to check the state of sock (session id: 452c4de1-7431-4b53-b822-46be3b8c8de2, error: SSLEOFError, message: EOF occurred in violation of protocol (_ssl.c:2427))
[17:28:57] [ERR] Failed to check the state of sock (session id: 452c4de1-7431-4b53-b822-46be3b8c8de2, error: SSLEOFError, message: EOF occurred in violation of protocol (_ssl.c:2427))
[17:29:07] [ERR] Failed to check the state of sock (session id: 452c4de1-7431-4b53-b822-46be3b8c8de2, error: SSLEOFError, message: EOF occurred in violation of protocol (_ssl.c:2427))
[17:30:38] [ERR] Failed to check the state of sock (session id: d7f7861f-5a12-4d88-b5fa-c4479db9d6de, error: SSLEOFError, message: EOF occurred in violation of protocol (_ssl.c:2427))
[17:30:48] [ERR] Failed to check the state of sock (session id: d7f7861f-5a12-4d88-b5fa-c4479db9d6de, error: SSLEOFError, message: EOF occurred in violation of protocol (_ssl.c:2427))
[17:30:58] [ERR] Failed to check the state of sock (session id: d7f7861f-5a12-4d88-b5fa-c4479db9d6de, error: SSLEOFError, message: EOF occurred in violation of protocol (_ssl.c:2427))
[17:31:08] [ERR] Failed to check the state of sock (session id: d7f7861f-5a12-4d88-b5fa-c4479db9d6de, error: SSLEOFError, message: EOF occurred in violation of protocol (_ssl.c:2427))
[17:31:18] [ERR] Failed to check the state of sock (session id: d7f7861f-5a12-4d88-b5fa-c4479db9d6de, error: SSLEOFError, message: EOF occurred in violation of protocol (_ssl.c:2427))
[17:32:19] [ERR] Failed to check the state of sock (session id: c4eb3a89-e44d-45c3-b292-557e6f9f8867, error: SSLEOFError, message: EOF occurred in violation of protocol (_ssl.c:2427))
[17:32:29] [ERR] Failed to check the state of sock (session id: c4eb3a89-e44d-45c3-b292-557e6f9f8867, error: SSLEOFError, message: EOF occurred in violation of protocol (_ssl.c:2427))
[17:32:39] [ERR] Failed to check the state of sock (session id: c4eb3a89-e44d-45c3-b292-557e6f9f8867, error: SSLEOFError, message: EOF occurred in violation of protocol (_ssl.c:2427))
[17:32:49] [ERR] Failed to check the state of sock (session id: c4eb3a89-e44d-45c3-b292-557e6f9f8867, error: SSLEOFError, message: EOF occurred in violation of protocol (_ssl.c:2427))
[17:32:59] [ERR] Failed to check the state of sock (session id: c4eb3a89-e44d-45c3-b292-557e6f9f8867, error: SSLEOFError, message: EOF occurred in violation of protocol (_ssl.c:2427))
[17:34:00] [ERR] Failed to check the state of sock (session id: 3e257a5c-3d83-46f7-9bd3-9a7ae8907095, error: SSLEOFError, message: EOF occurred in violation of protocol (_ssl.c:2427))
[17:34:10] [ERR] Failed to check the state of sock (session id: 3e257a5c-3d83-46f7-9bd3-9a7ae8907095, error: SSLEOFError, message: EOF occurred in violation of protocol (_ssl.c:2427))
[17:34:20] [ERR] Failed to check the state of sock (session id: 3e257a5c-3d83-46f7-9bd3-9a7ae8907095, error: SSLEOFError, message: EOF occurred in violation of protocol (_ssl.c:2427))
[17:34:30] [ERR] Failed to check the state of sock (session id: 3e257a5c-3d83-46f7-9bd3-9a7ae8907095, error: SSLEOFError, message: EOF occurred in violation of protocol (_ssl.c:2427))
[17:34:40] [ERR] Failed to check the state of sock (session id: 3e257a5c-3d83-46f7-9bd3-9a7ae8907095, error: SSLEOFError, message: EOF occurred in violation of protocol (_ssl.c:2427))
[17:35:42] [ERR] Failed to check the state of sock (session id: 06c67f83-bd00-463b-8876-bfdb35a9a34a, error: SSLEOFError, message: EOF occurred in violation of protocol (_ssl.c:2427))
[17:35:52] [ERR] Failed to check the state of sock (session id: 06c67f83-bd00-463b-8876-bfdb35a9a34a, error: SSLEOFError, message: EOF occurred in violation of protocol (_ssl.c:2427))
[17:36:02] [ERR] Failed to check the state of sock (session id: 06c67f83-bd00-463b-8876-bfdb35a9a34a, error: SSLEOFError, message: EOF occurred in violation of protocol (_ssl.c:2427))
[17:36:12] [ERR] Failed to check the state of sock (session id: 06c67f83-bd00-463b-8876-bfdb35a9a34a, error: SSLEOFError, message: EOF occurred in violation of protocol (_ssl.c:2427))
[17:36:22] [ERR] Failed to check the state of sock (session id: 06c67f83-bd00-463b-8876-bfdb35a9a34a, error: SSLError, message: [SSL: BAD_LENGTH] bad length (_ssl.c:2427))
[17:37:23] [ERR] Failed to check the state of sock (session id: 628a5936-adae-4979-b8d4-9698822b6126, error: SSLEOFError, message: EOF occurred in violation of protocol (_ssl.c:2427))
[17:37:33] [ERR] Failed to check the state of sock (session id: 628a5936-adae-4979-b8d4-9698822b6126, error: SSLEOFError, message: EOF occurred in violation of protocol (_ssl.c:2427))
[17:37:43] [ERR] Failed to check the state of sock (session id: 628a5936-adae-4979-b8d4-9698822b6126, error: SSLEOFError, message: EOF occurred in violation of protocol (_ssl.c:2427))
[17:37:53] [ERR] Failed to check the state of sock (session id: 628a5936-adae-4979-b8d4-9698822b6126, error: SSLEOFError, message: EOF occurred in violation of protocol (_ssl.c:2427))
[17:38:03] [ERR] Failed to check the state of sock (session id: 628a5936-adae-4979-b8d4-9698822b6126, error: SSLEOFError, message: EOF occurred in violation of protocol (_ssl.c:2427))
[17:39:24] [ERR] Failed to check the state of sock (session id: 9a48d114-0e66-4adb-829e-0e98c7008bdc, error: SSLEOFError, message: EOF occurred in violation of protocol (_ssl.c:2427))
[17:39:34] [ERR] Failed to check the state of sock (session id: 9a48d114-0e66-4adb-829e-0e98c7008bdc, error: SSLError, message: [SSL: BAD_LENGTH] bad length (_ssl.c:2427))
[17:39:44] [ERR] Failed to check the state of sock (session id: 9a48d114-0e66-4adb-829e-0e98c7008bdc, error: SSLEOFError, message: EOF occurred in violation of protocol (_ssl.c:2427))
[17:39:54] [ERR] Failed to check the state of sock (session id: 9a48d114-0e66-4adb-829e-0e98c7008bdc, error: SSLEOFError, message: EOF occurred in violation of protocol (_ssl.c:2427))
[17:40:04] [ERR] Failed to check the state of sock (session id: 9a48d114-0e66-4adb-829e-0e98c7008bdc, error: SSLEOFError, message: EOF occurred in violation of protocol (_ssl.c:2427))
[17:41:05] [ERR] Failed to check the state of sock (session id: 1e8f82c7-c538-4e68-bbab-72bea9f79db2, error: SSLEOFError, message: EOF occurred in violation of protocol (_ssl.c:2427))
[17:41:15] [ERR] Failed to check the state of sock (session id: 1e8f82c7-c538-4e68-bbab-72bea9f79db2, error: SSLEOFError, message: EOF occurred in violation of protocol (_ssl.c:2427))
[17:41:25] [ERR] Failed to check the state of sock (session id: 1e8f82c7-c538-4e68-bbab-72bea9f79db2, error: SSLEOFError, message: EOF occurred in violation of protocol (_ssl.c:2427))
[17:41:35] [ERR] Failed to check the state of sock (session id: 1e8f82c7-c538-4e68-bbab-72bea9f79db2, error: SSLEOFError, message: EOF occurred in violation of protocol (_ssl.c:2427))
[17:41:45] [ERR] Failed to check the state of sock (session id: 1e8f82c7-c538-4e68-bbab-72bea9f79db2, error: SSLEOFError, message: EOF occurred in violation of protocol (_ssl.c:2427))
[17:42:46] [ERR] Failed to check the state of sock (session id: 65fe71ed-9c03-4688-8396-cd7b3adaf71a, error: SSLEOFError, message: EOF occurred in violation of protocol (_ssl.c:2427))
[17:42:56] [ERR] Failed to check the state of sock (session id: 65fe71ed-9c03-4688-8396-cd7b3adaf71a, error: SSLError, message: [SSL: BAD_LENGTH] bad length (_ssl.c:2427))
[17:43:06] [ERR] Failed to check the state of sock (session id: 65fe71ed-9c03-4688-8396-cd7b3adaf71a, error: SSLEOFError, message: EOF occurred in violation of protocol (_ssl.c:2427))
[17:43:16] [ERR] Failed to check the state of sock (session id: 65fe71ed-9c03-4688-8396-cd7b3adaf71a, error: SSLEOFError, message: EOF occurred in violation of protocol (_ssl.c:2427))
[17:43:26] [ERR] Failed to check the state of sock (session id: 65fe71ed-9c03-4688-8396-cd7b3adaf71a, error: SSLEOFError, message: EOF occurred in violation of protocol (_ssl.c:2427))
[17:44:27] [ERR] Failed to check the state of sock (session id: 7e12fc4a-f9fe-4ad5-addd-9931433a135e, error: SSLEOFError, message: EOF occurred in violation of protocol (_ssl.c:2427))
[17:44:37] [ERR] Failed to check the state of sock (session id: 7e12fc4a-f9fe-4ad5-addd-9931433a135e, error: SSLEOFError, message: EOF occurred in violation of protocol (_ssl.c:2427))
[17:44:47] [ERR] Failed to check the state of sock (session id: 7e12fc4a-f9fe-4ad5-addd-9931433a135e, error: SSLEOFError, message: EOF occurred in violation of protocol (_ssl.c:2427))
[17:44:57] [ERR] Failed to check the state of sock (session id: 7e12fc4a-f9fe-4ad5-addd-9931433a135e, error: SSLEOFError, message: EOF occurred in violation of protocol (_ssl.c:2427))
[17:45:07] [ERR] Failed to check the state of sock (session id: 7e12fc4a-f9fe-4ad5-addd-9931433a135e, error: SSLEOFError, message: EOF occurred in violation of protocol (_ssl.c:2427))
[17:46:39] [ERR] Failed to check the state of sock (session id: 4f96a5f3-a32c-49ef-b1e5-b2f5fcb8e4e4, error: SSLEOFError, message: EOF occurred in violation of protocol (_ssl.c:2427))
[17:46:49] [ERR] Failed to check the state of sock (session id: 4f96a5f3-a32c-49ef-b1e5-b2f5fcb8e4e4, error: SSLEOFError, message: EOF occurred in violation of protocol (_ssl.c:2427))
[17:46:59] [ERR] Failed to check the state of sock (session id: 4f96a5f3-a32c-49ef-b1e5-b2f5fcb8e4e4, error: SSLError, message: [SSL: BAD_LENGTH] bad length (_ssl.c:2427))
[17:47:09] [ERR] Failed to check the state of sock (session id: 4f96a5f3-a32c-49ef-b1e5-b2f5fcb8e4e4, error: SSLEOFError, message: EOF occurred in violation of protocol (_ssl.c:2427))
[17:47:19] [ERR] Failed to check the state of sock (session id: 4f96a5f3-a32c-49ef-b1e5-b2f5fcb8e4e4, error: SSLEOFError, message: EOF occurred in violation of protocol (_ssl.c:2427))
[17:48:20] [ERR] Failed to check the state of sock (session id: be174f26-15ee-4480-9f8b-8aa790048bed, error: SSLEOFError, message: EOF occurred in violation of protocol (_ssl.c:2427))
[17:48:30] [ERR] Failed to check the state of sock (session id: be174f26-15ee-4480-9f8b-8aa790048bed, error: SSLEOFError, message: EOF occurred in violation of protocol (_ssl.c:2427))
[17:48:40] [ERR] Failed to check the state of sock (session id: be174f26-15ee-4480-9f8b-8aa790048bed, error: SSLEOFError, message: EOF occurred in violation of protocol (_ssl.c:2427))
[17:48:50] [ERR] Failed to check the state of sock (session id: be174f26-15ee-4480-9f8b-8aa790048bed, error: SSLError, message: [SSL: BAD_LENGTH] bad length (_ssl.c:2427))
[17:49:00] [ERR] Failed to check the state of sock (session id: be174f26-15ee-4480-9f8b-8aa790048bed, error: SSLError, message: [SSL: BAD_LENGTH] bad length (_ssl.c:2427))
[17:50:01] [ERR] Failed to check the state of sock (session id: d6ec5a16-c68e-41ff-818c-5a02199575c9, error: SSLEOFError, message: EOF occurred in violation of protocol (_ssl.c:2427))
[17:50:11] [ERR] Failed to check the state of sock (session id: d6ec5a16-c68e-41ff-818c-5a02199575c9, error: SSLEOFError, message: EOF occurred in violation of protocol (_ssl.c:2427))
[17:50:21] [ERR] Failed to check the state of sock (session id: d6ec5a16-c68e-41ff-818c-5a02199575c9, error: SSLEOFError, message: EOF occurred in violation of protocol (_ssl.c:2427))
[17:50:31] [ERR] Failed to check the state of sock (session id: d6ec5a16-c68e-41ff-818c-5a02199575c9, error: SSLEOFError, message: EOF occurred in violation of protocol (_ssl.c:2427))
[17:50:41] [ERR] Failed to check the state of sock (session id: d6ec5a16-c68e-41ff-818c-5a02199575c9, error: SSLError, message: [SSL: BAD_LENGTH] bad length (_ssl.c:2427))
[17:51:42] [ERR] Failed to check the state of sock (session id: 6b1629eb-58e1-4531-9f25-10edcdc767d4, error: SSLEOFError, message: EOF occurred in violation of protocol (_ssl.c:2427))
[17:51:52] [ERR] Failed to check the state of sock (session id: 6b1629eb-58e1-4531-9f25-10edcdc767d4, error: SSLEOFError, message: EOF occurred in violation of protocol (_ssl.c:2427))
[17:52:02] [ERR] Failed to check the state of sock (session id: 6b1629eb-58e1-4531-9f25-10edcdc767d4, error: SSLEOFError, message: EOF occurred in violation of protocol (_ssl.c:2427))
[17:52:12] [ERR] Failed to check the state of sock (session id: 6b1629eb-58e1-4531-9f25-10edcdc767d4, error: SSLEOFError, message: EOF occurred in violation of protocol (_ssl.c:2427))
[17:52:22] [ERR] Failed to check the state of sock (session id: 6b1629eb-58e1-4531-9f25-10edcdc767d4, error: SSLEOFError, message: EOF occurred in violation of protocol (_ssl.c:2427))
[17:53:43] [ERR] Failed to check the state of sock (session id: c25e10c5-b2c0-4e3a-afe4-85bb1724a79c, error: SSLEOFError, message: EOF occurred in violation of protocol (_ssl.c:2427))
[17:53:53] [ERR] Failed to check the state of sock (session id: c25e10c5-b2c0-4e3a-afe4-85bb1724a79c, error: SSLEOFError, message: EOF occurred in violation of protocol (_ssl.c:2427))
[17:54:03] [ERR] Failed to check the state of sock (session id: c25e10c5-b2c0-4e3a-afe4-85bb1724a79c, error: SSLEOFError, message: EOF occurred in violation of protocol (_ssl.c:2427))
[17:54:13] [ERR] Failed to check the state of sock (session id: c25e10c5-b2c0-4e3a-afe4-85bb1724a79c, error: SSLEOFError, message: EOF occurred in violation of protocol (_ssl.c:2427))
[17:54:23] [ERR] Failed to check the state of sock (session id: c25e10c5-b2c0-4e3a-afe4-85bb1724a79c, error: SSLError, message: [SSL: BAD_LENGTH] bad length (_ssl.c:2427))
[17:55:24] [ERR] Failed to check the state of sock (session id: 1fd98df9-bb3f-4a0d-8fce-0106fdac91a0, error: SSLEOFError, message: EOF occurred in violation of protocol (_ssl.c:2427))
[17:55:34] [ERR] Failed to check the state of sock (session id: 1fd98df9-bb3f-4a0d-8fce-0106fdac91a0, error: SSLEOFError, message: EOF occurred in violation of protocol (_ssl.c:2427))
[17:55:44] [ERR] Failed to check the state of sock (session id: 1fd98df9-bb3f-4a0d-8fce-0106fdac91a0, error: SSLEOFError, message: EOF occurred in violation of protocol (_ssl.c:2427))
[17:55:54] [ERR] Failed to check the state of sock (session id: 1fd98df9-bb3f-4a0d-8fce-0106fdac91a0, error: SSLError, message: [SSL: BAD_LENGTH] bad length (_ssl.c:2427))
[17:56:04] [ERR] Failed to check the state of sock (session id: 1fd98df9-bb3f-4a0d-8fce-0106fdac91a0, error: SSLEOFError, message: EOF occurred in violation of protocol (_ssl.c:2427))
[17:56:56] [ERR] Failed to check the state of sock (session id: 4466e60f-0ebc-46c3-8571-f6444dc2d482, error: SSLEOFError, message: EOF occurred in violation of protocol (_ssl.c:2427))
[17:57:06] [ERR] Failed to check the state of sock (session id: 4466e60f-0ebc-46c3-8571-f6444dc2d482, error: SSLEOFError, message: EOF occurred in violation of protocol (_ssl.c:2427))
[17:57:16] [ERR] Failed to check the state of sock (session id: 4466e60f-0ebc-46c3-8571-f6444dc2d482, error: SSLEOFError, message: EOF occurred in violation of protocol (_ssl.c:2427))
[17:57:26] [ERR] Failed to check the state of sock (session id: 4466e60f-0ebc-46c3-8571-f6444dc2d482, error: SSLEOFError, message: EOF occurred in violation of protocol (_ssl.c:2427))
[17:57:36] [ERR] Failed to check the state of sock (session id: 4466e60f-0ebc-46c3-8571-f6444dc2d482, error: SSLEOFError, message: EOF occurred in violation of protocol (_ssl.c:2427))
[17:58:38] [ERR] Failed to check the state of sock (session id: 0c69289f-d53d-41cc-a382-62b29ebdb434, error: SSLEOFError, message: EOF occurred in violation of protocol (_ssl.c:2427))
[17:58:48] [ERR] Failed to check the state of sock (session id: 0c69289f-d53d-41cc-a382-62b29ebdb434, error: SSLError, message: [SSL: BAD_LENGTH] bad length (_ssl.c:2427))
[17:58:58] [ERR] Failed to check the state of sock (session id: 0c69289f-d53d-41cc-a382-62b29ebdb434, error: SSLError, message: [SSL: BAD_LENGTH] bad length (_ssl.c:2427))
[17:59:08] [ERR] Failed to check the state of sock (session id: 0c69289f-d53d-41cc-a382-62b29ebdb434, error: SSLEOFError, message: EOF occurred in violation of protocol (_ssl.c:2427))
[17:59:18] [ERR] Failed to check the state of sock (session id: 0c69289f-d53d-41cc-a382-62b29ebdb434, error: SSLEOFError, message: EOF occurred in violation of protocol (_ssl.c:2427))
[18:00:19] [ERR] Failed to check the state of sock (session id: 8b14db2c-8999-40b8-b570-4611593c299c, error: SSLEOFError, message: EOF occurred in violation of protocol (_ssl.c:2427))
[18:00:29] [ERR] Failed to check the state of sock (session id: 8b14db2c-8999-40b8-b570-4611593c299c, error: SSLEOFError, message: EOF occurred in violation of protocol (_ssl.c:2427))
[18:00:39] [ERR] Failed to check the state of sock (session id: 8b14db2c-8999-40b8-b570-4611593c299c, error: SSLEOFError, message: EOF occurred in violation of protocol (_ssl.c:2427))
[18:00:49] [ERR] Failed to check the state of sock (session id: 8b14db2c-8999-40b8-b570-4611593c299c, error: SSLEOFError, message: EOF occurred in violation of protocol (_ssl.c:2427))
[18:00:59] [ERR] Failed to check the state of sock (session id: 8b14db2c-8999-40b8-b570-4611593c299c, error: SSLEOFError, message: EOF occurred in violation of protocol (_ssl.c:2427))
[18:02:20] [ERR] Failed to check the state of sock (session id: 696c6cd9-fef0-4dba-8203-c11ab4b4453e, error: SSLEOFError, message: EOF occurred in violation of protocol (_ssl.c:2427))
[18:02:30] [ERR] Failed to check the state of sock (session id: 696c6cd9-fef0-4dba-8203-c11ab4b4453e, error: SSLEOFError, message: EOF occurred in violation of protocol (_ssl.c:2427))
[18:02:40] [ERR] Failed to check the state of sock (session id: 696c6cd9-fef0-4dba-8203-c11ab4b4453e, error: SSLEOFError, message: EOF occurred in violation of protocol (_ssl.c:2427))
[18:02:50] [ERR] Failed to check the state of sock (session id: 696c6cd9-fef0-4dba-8203-c11ab4b4453e, error: SSLEOFError, message: EOF occurred in violation of protocol (_ssl.c:2427))
[18:03:00] [ERR] Failed to check the state of sock (session id: 696c6cd9-fef0-4dba-8203-c11ab4b4453e, error: SSLEOFError, message: EOF occurred in violation of protocol (_ssl.c:2427))
[18:04:21] [ERR] Failed to check the state of sock (session id: a68ed4ec-487f-4a54-b698-473cc02acd37, error: SSLEOFError, message: EOF occurred in violation of protocol (_ssl.c:2427))
[18:04:31] [ERR] Failed to check the state of sock (session id: a68ed4ec-487f-4a54-b698-473cc02acd37, error: SSLEOFError, message: EOF occurred in violation of protocol (_ssl.c:2427))
[18:04:42] [ERR] Failed to check the state of sock (session id: a68ed4ec-487f-4a54-b698-473cc02acd37, error: SSLError, message: [SSL: BAD_LENGTH] bad length (_ssl.c:2427))
[18:04:52] [ERR] Failed to check the state of sock (session id: a68ed4ec-487f-4a54-b698-473cc02acd37, error: SSLEOFError, message: EOF occurred in violation of protocol (_ssl.c:2427))
[18:05:02] [ERR] Failed to check the state of sock (session id: a68ed4ec-487f-4a54-b698-473cc02acd37, error: SSLEOFError, message: EOF occurred in violation of protocol (_ssl.c:2427))
[18:06:03] [ERR] Failed to check the state of sock (session id: 2c9bda9a-9667-4056-afd8-ffdffa46f892, error: SSLEOFError, message: EOF occurred in violation of protocol (_ssl.c:2427))
[18:06:13] [ERR] Failed to check the state of sock (session id: 2c9bda9a-9667-4056-afd8-ffdffa46f892, error: SSLEOFError, message: EOF occurred in violation of protocol (_ssl.c:2427))
[18:06:23] [ERR] Failed to check the state of sock (session id: 2c9bda9a-9667-4056-afd8-ffdffa46f892, error: SSLEOFError, message: EOF occurred in violation of protocol (_ssl.c:2427))
[18:06:33] [ERR] Failed to check the state of sock (session id: 2c9bda9a-9667-4056-afd8-ffdffa46f892, error: SSLEOFError, message: EOF occurred in violation of protocol (_ssl.c:2427))
[18:06:43] [ERR] Failed to check the state of sock (session id: 2c9bda9a-9667-4056-afd8-ffdffa46f892, error: SSLEOFError, message: EOF occurred in violation of protocol (_ssl.c:2427))
[18:07:44] [ERR] Failed to check the state of sock (session id: 9881dbab-291d-4788-9c31-cccc20dcd90f, error: SSLEOFError, message: EOF occurred in violation of protocol (_ssl.c:2427))
[18:07:54] [ERR] Failed to check the state of sock (session id: 9881dbab-291d-4788-9c31-cccc20dcd90f, error: SSLEOFError, message: EOF occurred in violation of protocol (_ssl.c:2427))
[18:08:04] [ERR] Failed to check the state of sock (session id: 9881dbab-291d-4788-9c31-cccc20dcd90f, error: SSLEOFError, message: EOF occurred in violation of protocol (_ssl.c:2427))
[18:08:14] [ERR] Failed to check the state of sock (session id: 9881dbab-291d-4788-9c31-cccc20dcd90f, error: SSLEOFError, message: EOF occurred in violation of protocol (_ssl.c:2427))
[18:08:24] [ERR] Failed to check the state of sock (session id: 9881dbab-291d-4788-9c31-cccc20dcd90f, error: SSLEOFError, message: EOF occurred in violation of protocol (_ssl.c:2427))
[18:09:55] [ERR] Failed to check the state of sock (session id: 64162cba-7b28-4623-9c66-2abdc9282356, error: SSLEOFError, message: EOF occurred in violation of protocol (_ssl.c:2427))
[18:10:05] [ERR] Failed to check the state of sock (session id: 64162cba-7b28-4623-9c66-2abdc9282356, error: SSLEOFError, message: EOF occurred in violation of protocol (_ssl.c:2427))
[18:10:15] [ERR] Failed to check the state of sock (session id: 64162cba-7b28-4623-9c66-2abdc9282356, error: SSLEOFError, message: EOF occurred in violation of protocol (_ssl.c:2427))
[18:10:25] [ERR] Failed to check the state of sock (session id: 64162cba-7b28-4623-9c66-2abdc9282356, error: SSLError, message: [SSL: BAD_LENGTH] bad length (_ssl.c:2427))
[18:10:35] [ERR] Failed to check the state of sock (session id: 64162cba-7b28-4623-9c66-2abdc9282356, error: SSLEOFError, message: EOF occurred in violation of protocol (_ssl.c:2427))
[18:11:56] [ERR] Failed to check the state of sock (session id: 80626ffe-e948-4b24-910a-ade4bd38575e, error: SSLEOFError, message: EOF occurred in violation of protocol (_ssl.c:2427))
[18:12:06] [ERR] Failed to check the state of sock (session id: 80626ffe-e948-4b24-910a-ade4bd38575e, error: SSLEOFError, message: EOF occurred in violation of protocol (_ssl.c:2427))
[18:12:16] [ERR] Failed to check the state of sock (session id: 80626ffe-e948-4b24-910a-ade4bd38575e, error: SSLEOFError, message: EOF occurred in violation of protocol (_ssl.c:2427))
[18:12:26] [ERR] Failed to check the state of sock (session id: 80626ffe-e948-4b24-910a-ade4bd38575e, error: SSLError, message: [SSL: BAD_LENGTH] bad length (_ssl.c:2427))
[18:12:36] [ERR] Failed to check the state of sock (session id: 80626ffe-e948-4b24-910a-ade4bd38575e, error: SSLEOFError, message: EOF occurred in violation of protocol (_ssl.c:2427))
[18:13:37] [ERR] Failed to check the state of sock (session id: a4275cf2-f825-48d3-b2e6-22ab43c924fe, error: SSLEOFError, message: EOF occurred in violation of protocol (_ssl.c:2427))
[18:13:47] [ERR] Failed to check the state of sock (session id: a4275cf2-f825-48d3-b2e6-22ab43c924fe, error: SSLEOFError, message: EOF occurred in violation of protocol (_ssl.c:2427))
[18:13:57] [ERR] Failed to check the state of sock (session id: a4275cf2-f825-48d3-b2e6-22ab43c924fe, error: SSLEOFError, message: EOF occurred in violation of protocol (_ssl.c:2427))
[18:14:07] [ERR] Failed to check the state of sock (session id: a4275cf2-f825-48d3-b2e6-22ab43c924fe, error: SSLEOFError, message: EOF occurred in violation of protocol (_ssl.c:2427))
[18:14:18] [ERR] Failed to check the state of sock (session id: a4275cf2-f825-48d3-b2e6-22ab43c924fe, error: SSLEOFError, message: EOF occurred in violation of protocol (_ssl.c:2427))
[18:15:39] [ERR] Failed to check the state of sock (session id: 9e38ff5e-bebe-4c3a-8a7f-472f6eecca46, error: SSLEOFError, message: EOF occurred in violation of protocol (_ssl.c:2427))
[18:15:49] [ERR] Failed to check the state of sock (session id: 9e38ff5e-bebe-4c3a-8a7f-472f6eecca46, error: SSLError, message: [SSL: BAD_LENGTH] bad length (_ssl.c:2427))
[18:15:59] [ERR] Failed to check the state of sock (session id: 9e38ff5e-bebe-4c3a-8a7f-472f6eecca46, error: SSLEOFError, message: EOF occurred in violation of protocol (_ssl.c:2427))
[18:16:09] [ERR] Failed to check the state of sock (session id: 9e38ff5e-bebe-4c3a-8a7f-472f6eecca46, error: SSLEOFError, message: EOF occurred in violation of protocol (_ssl.c:2427))
[18:16:19] [ERR] Failed to check the state of sock (session id: 9e38ff5e-bebe-4c3a-8a7f-472f6eecca46, error: SSLEOFError, message: EOF occurred in violation of protocol (_ssl.c:2427))
[18:17:20] [ERR] Failed to check the state of sock (session id: 8665d6f5-d036-41cc-aa91-1e132483baec, error: SSLEOFError, message: EOF occurred in violation of protocol (_ssl.c:2427))
[18:17:30] [ERR] Failed to check the state of sock (session id: 8665d6f5-d036-41cc-aa91-1e132483baec, error: SSLEOFError, message: EOF occurred in violation of protocol (_ssl.c:2427))
[18:17:40] [ERR] Failed to check the state of sock (session id: 8665d6f5-d036-41cc-aa91-1e132483baec, error: SSLEOFError, message: EOF occurred in violation of protocol (_ssl.c:2427))
[18:17:50] [ERR] Failed to check the state of sock (session id: 8665d6f5-d036-41cc-aa91-1e132483baec, error: SSLEOFError, message: EOF occurred in violation of protocol (_ssl.c:2427))
[18:18:00] [ERR] Failed to check the state of sock (session id: 8665d6f5-d036-41cc-aa91-1e132483baec, error: SSLEOFError, message: EOF occurred in violation of protocol (_ssl.c:2427))
[18:19:01] [ERR] Failed to check the state of sock (session id: ca72ae43-30fc-4987-bbf7-ea88230b96ec, error: SSLEOFError, message: EOF occurred in violation of protocol (_ssl.c:2427))
[18:19:11] [ERR] Failed to check the state of sock (session id: ca72ae43-30fc-4987-bbf7-ea88230b96ec, error: SSLError, message: [SSL: BAD_LENGTH] bad length (_ssl.c:2427))
[18:19:21] [ERR] Failed to check the state of sock (session id: ca72ae43-30fc-4987-bbf7-ea88230b96ec, error: SSLEOFError, message: EOF occurred in violation of protocol (_ssl.c:2427))
[18:19:31] [ERR] Failed to check the state of sock (session id: ca72ae43-30fc-4987-bbf7-ea88230b96ec, error: SSLError, message: [SSL: BAD_LENGTH] bad length (_ssl.c:2427))
[18:19:41] [ERR] Failed to check the state of sock (session id: ca72ae43-30fc-4987-bbf7-ea88230b96ec, error: SSLEOFError, message: EOF occurred in violation of protocol (_ssl.c:2427))
[18:20:42] [ERR] Failed to check the state of sock (session id: 51803035-b94a-4184-8624-a7c454a47111, error: SSLEOFError, message: EOF occurred in violation of protocol (_ssl.c:2427))
[18:20:52] [ERR] Failed to check the state of sock (session id: 51803035-b94a-4184-8624-a7c454a47111, error: SSLEOFError, message: EOF occurred in violation of protocol (_ssl.c:2427))
[18:21:02] [ERR] Failed to check the state of sock (session id: 51803035-b94a-4184-8624-a7c454a47111, error: SSLEOFError, message: EOF occurred in violation of protocol (_ssl.c:2427))
[18:21:12] [ERR] Failed to check the state of sock (session id: 51803035-b94a-4184-8624-a7c454a47111, error: SSLEOFError, message: EOF occurred in violation of protocol (_ssl.c:2427))
[18:21:22] [ERR] Failed to check the state of sock (session id: 51803035-b94a-4184-8624-a7c454a47111, error: SSLEOFError, message: EOF occurred in violation of protocol (_ssl.c:2427))
[18:22:53] [ERR] Failed to check the state of sock (session id: d376d4e4-feb8-4d12-b2f9-090c632f4f90, error: SSLEOFError, message: EOF occurred in violation of protocol (_ssl.c:2427))
[18:23:03] [ERR] Failed to check the state of sock (session id: d376d4e4-feb8-4d12-b2f9-090c632f4f90, error: SSLEOFError, message: EOF occurred in violation of protocol (_ssl.c:2427))
[18:23:13] [ERR] Failed to check the state of sock (session id: d376d4e4-feb8-4d12-b2f9-090c632f4f90, error: SSLError, message: [SSL: BAD_LENGTH] bad length (_ssl.c:2427))
[18:23:23] [ERR] Failed to check the state of sock (session id: d376d4e4-feb8-4d12-b2f9-090c632f4f90, error: SSLError, message: [SSL: BAD_LENGTH] bad length (_ssl.c:2427))
[18:23:33] [ERR] Failed to check the state of sock (session id: d376d4e4-feb8-4d12-b2f9-090c632f4f90, error: SSLEOFError, message: EOF occurred in violation of protocol (_ssl.c:2427))
[18:24:34] [ERR] Failed to check the state of sock (session id: e8e00224-baa0-4e20-9e77-a158fd40906c, error: SSLEOFError, message: EOF occurred in violation of protocol (_ssl.c:2427))
[18:24:44] [ERR] Failed to check the state of sock (session id: e8e00224-baa0-4e20-9e77-a158fd40906c, error: SSLEOFError, message: EOF occurred in violation of protocol (_ssl.c:2427))
[18:24:54] [ERR] Failed to check the state of sock (session id: e8e00224-baa0-4e20-9e77-a158fd40906c, error: SSLEOFError, message: EOF occurred in violation of protocol (_ssl.c:2427))
[18:25:04] [ERR] Failed to check the state of sock (session id: e8e00224-baa0-4e20-9e77-a158fd40906c, error: SSLEOFError, message: EOF occurred in violation of protocol (_ssl.c:2427))
[18:25:14] [ERR] Failed to check the state of sock (session id: e8e00224-baa0-4e20-9e77-a158fd40906c, error: SSLEOFError, message: EOF occurred in violation of protocol (_ssl.c:2427))
[18:26:25] [ERR] Failed to check the state of sock (session id: 85f95a0b-aad5-44c1-97ef-1a4b92df8714, error: SSLEOFError, message: EOF occurred in violation of protocol (_ssl.c:2427))
[18:26:35] [ERR] Failed to check the state of sock (session id: 85f95a0b-aad5-44c1-97ef-1a4b92df8714, error: SSLEOFError, message: EOF occurred in violation of protocol (_ssl.c:2427))
[18:26:45] [ERR] Failed to check the state of sock (session id: 85f95a0b-aad5-44c1-97ef-1a4b92df8714, error: SSLEOFError, message: EOF occurred in violation of protocol (_ssl.c:2427))
[18:26:55] [ERR] Failed to check the state of sock (session id: 85f95a0b-aad5-44c1-97ef-1a4b92df8714, error: SSLEOFError, message: EOF occurred in violation of protocol (_ssl.c:2427))
[18:27:05] [ERR] Failed to check the state of sock (session id: 85f95a0b-aad5-44c1-97ef-1a4b92df8714, error: SSLEOFError, message: EOF occurred in violation of protocol (_ssl.c:2427))
[18:28:07] [ERR] Failed to check the state of sock (session id: 9e2efeca-ea62-467a-aac8-a840215424ab, error: SSLEOFError, message: EOF occurred in violation of protocol (_ssl.c:2427))
[18:28:17] [ERR] Failed to check the state of sock (session id: 9e2efeca-ea62-467a-aac8-a840215424ab, error: SSLEOFError, message: EOF occurred in violation of protocol (_ssl.c:2427))
[18:28:27] [ERR] Failed to check the state of sock (session id: 9e2efeca-ea62-467a-aac8-a840215424ab, error: SSLEOFError, message: EOF occurred in violation of protocol (_ssl.c:2427))
[18:28:37] [ERR] Failed to check the state of sock (session id: 9e2efeca-ea62-467a-aac8-a840215424ab, error: SSLEOFError, message: EOF occurred in violation of protocol (_ssl.c:2427))
[18:28:47] [ERR] Failed to check the state of sock (session id: 9e2efeca-ea62-467a-aac8-a840215424ab, error: SSLEOFError, message: EOF occurred in violation of protocol (_ssl.c:2427))
[18:30:08] [ERR] Failed to check the state of sock (session id: 4a2dd9c9-ec20-41d5-84a6-f32af834a72d, error: SSLEOFError, message: EOF occurred in violation of protocol (_ssl.c:2427))
[18:30:18] [ERR] Failed to check the state of sock (session id: 4a2dd9c9-ec20-41d5-84a6-f32af834a72d, error: SSLEOFError, message: EOF occurred in violation of protocol (_ssl.c:2427))
[18:30:28] [ERR] Failed to check the state of sock (session id: 4a2dd9c9-ec20-41d5-84a6-f32af834a72d, error: SSLError, message: [SSL: BAD_LENGTH] bad length (_ssl.c:2427))
[18:30:38] [ERR] Failed to check the state of sock (session id: 4a2dd9c9-ec20-41d5-84a6-f32af834a72d, error: SSLEOFError, message: EOF occurred in violation of protocol (_ssl.c:2427))
[18:30:48] [ERR] Failed to check the state of sock (session id: 4a2dd9c9-ec20-41d5-84a6-f32af834a72d, error: SSLError, message: [SSL: BAD_LENGTH] bad length (_ssl.c:2427))
[18:31:49] [ERR] Failed to check the state of sock (session id: 9be3329a-ea22-4ffe-af4f-95cde0602bfd, error: SSLEOFError, message: EOF occurred in violation of protocol (_ssl.c:2427))
[18:31:59] [ERR] Failed to check the state of sock (session id: 9be3329a-ea22-4ffe-af4f-95cde0602bfd, error: SSLEOFError, message: EOF occurred in violation of protocol (_ssl.c:2427))
[18:32:09] [ERR] Failed to check the state of sock (session id: 9be3329a-ea22-4ffe-af4f-95cde0602bfd, error: SSLEOFError, message: EOF occurred in violation of protocol (_ssl.c:2427))
[18:32:19] [ERR] Failed to check the state of sock (session id: 9be3329a-ea22-4ffe-af4f-95cde0602bfd, error: SSLError, message: [SSL: BAD_LENGTH] bad length (_ssl.c:2427))
[18:32:29] [ERR] Failed to check the state of sock (session id: 9be3329a-ea22-4ffe-af4f-95cde0602bfd, error: SSLEOFError, message: EOF occurred in violation of protocol (_ssl.c:2427))
[18:33:30] [ERR] Failed to check the state of sock (session id: bc10669b-f470-4707-a76c-368fcb3cd836, error: SSLEOFError, message: EOF occurred in violation of protocol (_ssl.c:2427))
[18:33:40] [ERR] Failed to check the state of sock (session id: bc10669b-f470-4707-a76c-368fcb3cd836, error: SSLEOFError, message: EOF occurred in violation of protocol (_ssl.c:2427))
[18:33:50] [ERR] Failed to check the state of sock (session id: bc10669b-f470-4707-a76c-368fcb3cd836, error: SSLError, message: [SSL: BAD_LENGTH] bad length (_ssl.c:2427))
[18:34:01] [ERR] Failed to check the state of sock (session id: bc10669b-f470-4707-a76c-368fcb3cd836, error: SSLEOFError, message: EOF occurred in violation of protocol (_ssl.c:2427))
[18:34:11] [ERR] Failed to check the state of sock (session id: bc10669b-f470-4707-a76c-368fcb3cd836, error: SSLEOFError, message: EOF occurred in violation of protocol (_ssl.c:2427))
[18:35:32] [ERR] Failed to check the state of sock (session id: 4c7f4063-5e50-4cba-90d4-6100abd058be, error: SSLEOFError, message: EOF occurred in violation of protocol (_ssl.c:2427))
[18:35:42] [ERR] Failed to check the state of sock (session id: 4c7f4063-5e50-4cba-90d4-6100abd058be, error: SSLEOFError, message: EOF occurred in violation of protocol (_ssl.c:2427))
[18:35:52] [ERR] Failed to check the state of sock (session id: 4c7f4063-5e50-4cba-90d4-6100abd058be, error: SSLEOFError, message: EOF occurred in violation of protocol (_ssl.c:2427))
[18:36:02] [ERR] Failed to check the state of sock (session id: 4c7f4063-5e50-4cba-90d4-6100abd058be, error: SSLError, message: [SSL: BAD_LENGTH] bad length (_ssl.c:2427))
[18:36:12] [ERR] Failed to check the state of sock (session id: 4c7f4063-5e50-4cba-90d4-6100abd058be, error: SSLEOFError, message: EOF occurred in violation of protocol (_ssl.c:2427))
[18:37:33] [ERR] Failed to check the state of sock (session id: fc0eea7a-3ab9-4514-b7a6-37915d9ee630, error: SSLEOFError, message: EOF occurred in violation of protocol (_ssl.c:2427))
[18:37:43] [ERR] Failed to check the state of sock (session id: fc0eea7a-3ab9-4514-b7a6-37915d9ee630, error: SSLError, message: [SSL: BAD_LENGTH] bad length (_ssl.c:2427))
[18:37:53] [ERR] Failed to check the state of sock (session id: fc0eea7a-3ab9-4514-b7a6-37915d9ee630, error: SSLEOFError, message: EOF occurred in violation of protocol (_ssl.c:2427))
[18:38:03] [ERR] Failed to check the state of sock (session id: fc0eea7a-3ab9-4514-b7a6-37915d9ee630, error: SSLError, message: [SSL: BAD_LENGTH] bad length (_ssl.c:2427))
[18:38:13] [ERR] Failed to check the state of sock (session id: fc0eea7a-3ab9-4514-b7a6-37915d9ee630, error: SSLEOFError, message: EOF occurred in violation of protocol (_ssl.c:2427))
[18:39:34] [ERR] Failed to check the state of sock (session id: a3c3ac0c-bd7e-47b5-a8f4-703d3b83b214, error: SSLEOFError, message: EOF occurred in violation of protocol (_ssl.c:2427))
[18:39:44] [ERR] Failed to check the state of sock (session id: a3c3ac0c-bd7e-47b5-a8f4-703d3b83b214, error: SSLEOFError, message: EOF occurred in violation of protocol (_ssl.c:2427))
[18:39:54] [ERR] Failed to check the state of sock (session id: a3c3ac0c-bd7e-47b5-a8f4-703d3b83b214, error: SSLEOFError, message: EOF occurred in violation of protocol (_ssl.c:2427))
[18:40:04] [ERR] Failed to check the state of sock (session id: a3c3ac0c-bd7e-47b5-a8f4-703d3b83b214, error: SSLEOFError, message: EOF occurred in violation of protocol (_ssl.c:2427))
[18:40:14] [ERR] Failed to check the state of sock (session id: a3c3ac0c-bd7e-47b5-a8f4-703d3b83b214, error: SSLEOFError, message: EOF occurred in violation of protocol (_ssl.c:2427))
[18:41:35] [ERR] Failed to check the state of sock (session id: 804abc55-9125-4563-bbc8-e0d62a84f085, error: SSLEOFError, message: EOF occurred in violation of protocol (_ssl.c:2427))
[18:41:45] [ERR] Failed to check the state of sock (session id: 804abc55-9125-4563-bbc8-e0d62a84f085, error: SSLEOFError, message: EOF occurred in violation of protocol (_ssl.c:2427))
[18:41:55] [ERR] Failed to check the state of sock (session id: 804abc55-9125-4563-bbc8-e0d62a84f085, error: SSLEOFError, message: EOF occurred in violation of protocol (_ssl.c:2427))
[18:42:05] [ERR] Failed to check the state of sock (session id: 804abc55-9125-4563-bbc8-e0d62a84f085, error: SSLEOFError, message: EOF occurred in violation of protocol (_ssl.c:2427))
[18:42:15] [ERR] Failed to check the state of sock (session id: 804abc55-9125-4563-bbc8-e0d62a84f085, error: SSLEOFError, message: EOF occurred in violation of protocol (_ssl.c:2427))
[18:43:37] [ERR] Failed to check the state of sock (session id: b1dd1faa-5479-4ee4-8902-40965af1876e, error: SSLEOFError, message: EOF occurred in violation of protocol (_ssl.c:2427))
[18:43:47] [ERR] Failed to check the state of sock (session id: b1dd1faa-5479-4ee4-8902-40965af1876e, error: SSLError, message: [SSL: BAD_LENGTH] bad length (_ssl.c:2427))
[18:43:57] [ERR] Failed to check the state of sock (session id: b1dd1faa-5479-4ee4-8902-40965af1876e, error: SSLEOFError, message: EOF occurred in violation of protocol (_ssl.c:2427))
[18:44:07] [ERR] Failed to check the state of sock (session id: b1dd1faa-5479-4ee4-8902-40965af1876e, error: SSLEOFError, message: EOF occurred in violation of protocol (_ssl.c:2427))
[18:44:17] [ERR] Failed to check the state of sock (session id: b1dd1faa-5479-4ee4-8902-40965af1876e, error: SSLError, message: [SSL: BAD_LENGTH] bad length (_ssl.c:2427))
[18:45:38] [ERR] Failed to check the state of sock (session id: 76962aca-5857-4cd3-a3b8-3f4519b44479, error: SSLEOFError, message: EOF occurred in violation of protocol (_ssl.c:2427))
[18:45:48] [ERR] Failed to check the state of sock (session id: 76962aca-5857-4cd3-a3b8-3f4519b44479, error: SSLEOFError, message: EOF occurred in violation of protocol (_ssl.c:2427))
[18:45:58] [ERR] Failed to check the state of sock (session id: 76962aca-5857-4cd3-a3b8-3f4519b44479, error: SSLEOFError, message: EOF occurred in violation of protocol (_ssl.c:2427))
[18:46:08] [ERR] Failed to check the state of sock (session id: 76962aca-5857-4cd3-a3b8-3f4519b44479, error: SSLEOFError, message: EOF occurred in violation of protocol (_ssl.c:2427))
[18:46:18] [ERR] Failed to check the state of sock (session id: 76962aca-5857-4cd3-a3b8-3f4519b44479, error: SSLEOFError, message: EOF occurred in violation of protocol (_ssl.c:2427))
[18:47:19] [ERR] Failed to check the state of sock (session id: 6ab6ce5c-9542-46bf-b9e1-451ccdf18355, error: SSLEOFError, message: EOF occurred in violation of protocol (_ssl.c:2427))
[18:47:29] [ERR] Failed to check the state of sock (session id: 6ab6ce5c-9542-46bf-b9e1-451ccdf18355, error: SSLEOFError, message: EOF occurred in violation of protocol (_ssl.c:2427))
[18:47:39] [ERR] Failed to check the state of sock (session id: 6ab6ce5c-9542-46bf-b9e1-451ccdf18355, error: SSLEOFError, message: EOF occurred in violation of protocol (_ssl.c:2427))
[18:47:49] [ERR] Failed to check the state of sock (session id: 6ab6ce5c-9542-46bf-b9e1-451ccdf18355, error: SSLEOFError, message: EOF occurred in violation of protocol (_ssl.c:2427))
[18:47:59] [ERR] Failed to check the state of sock (session id: 6ab6ce5c-9542-46bf-b9e1-451ccdf18355, error: SSLEOFError, message: EOF occurred in violation of protocol (_ssl.c:2427))
[18:49:00] [ERR] Failed to check the state of sock (session id: 65c6ed20-3f68-4d39-8141-671916eaf2a5, error: SSLEOFError, message: EOF occurred in violation of protocol (_ssl.c:2427))
[18:49:10] [ERR] Failed to check the state of sock (session id: 65c6ed20-3f68-4d39-8141-671916eaf2a5, error: SSLEOFError, message: EOF occurred in violation of protocol (_ssl.c:2427))
[18:49:20] [ERR] Failed to check the state of sock (session id: 65c6ed20-3f68-4d39-8141-671916eaf2a5, error: SSLEOFError, message: EOF occurred in violation of protocol (_ssl.c:2427))
[18:49:30] [ERR] Failed to check the state of sock (session id: 65c6ed20-3f68-4d39-8141-671916eaf2a5, error: SSLEOFError, message: EOF occurred in violation of protocol (_ssl.c:2427))
[18:49:40] [ERR] Failed to check the state of sock (session id: 65c6ed20-3f68-4d39-8141-671916eaf2a5, error: SSLEOFError, message: EOF occurred in violation of protocol (_ssl.c:2427))
[18:50:52] [ERR] Failed to check the state of sock (session id: 97b2b499-a972-4943-8b0a-d8cd31133f48, error: SSLEOFError, message: EOF occurred in violation of protocol (_ssl.c:2427))
[18:51:02] [ERR] Failed to check the state of sock (session id: 97b2b499-a972-4943-8b0a-d8cd31133f48, error: SSLEOFError, message: EOF occurred in violation of protocol (_ssl.c:2427))
[18:51:12] [ERR] Failed to check the state of sock (session id: 97b2b499-a972-4943-8b0a-d8cd31133f48, error: SSLEOFError, message: EOF occurred in violation of protocol (_ssl.c:2427))
[18:51:22] [ERR] Failed to check the state of sock (session id: 97b2b499-a972-4943-8b0a-d8cd31133f48, error: SSLEOFError, message: EOF occurred in violation of protocol (_ssl.c:2427))
[18:51:32] [ERR] Failed to check the state of sock (session id: 97b2b499-a972-4943-8b0a-d8cd31133f48, error: SSLEOFError, message: EOF occurred in violation of protocol (_ssl.c:2427))
[18:52:23] [ERR] Failed to check the state of sock (session id: ec86b597-567a-42e8-ac5b-b1e4ecba9053, error: SSLEOFError, message: EOF occurred in violation of protocol (_ssl.c:2427))
[18:52:33] [ERR] Failed to check the state of sock (session id: ec86b597-567a-42e8-ac5b-b1e4ecba9053, error: SSLEOFError, message: EOF occurred in violation of protocol (_ssl.c:2427))
[18:52:43] [ERR] Failed to check the state of sock (session id: ec86b597-567a-42e8-ac5b-b1e4ecba9053, error: SSLError, message: [SSL: BAD_LENGTH] bad length (_ssl.c:2427))
[18:52:53] [ERR] Failed to check the state of sock (session id: ec86b597-567a-42e8-ac5b-b1e4ecba9053, error: SSLEOFError, message: EOF occurred in violation of protocol (_ssl.c:2427))
[18:53:03] [ERR] Failed to check the state of sock (session id: ec86b597-567a-42e8-ac5b-b1e4ecba9053, error: SSLEOFError, message: EOF occurred in violation of protocol (_ssl.c:2427))
[18:54:14] [ERR] Failed to check the state of sock (session id: baf156af-7c2b-4182-8e53-58620e82eb5f, error: SSLEOFError, message: EOF occurred in violation of protocol (_ssl.c:2427))
[18:54:24] [ERR] Failed to check the state of sock (session id: baf156af-7c2b-4182-8e53-58620e82eb5f, error: SSLEOFError, message: EOF occurred in violation of protocol (_ssl.c:2427))
[18:54:34] [ERR] Failed to check the state of sock (session id: baf156af-7c2b-4182-8e53-58620e82eb5f, error: SSLEOFError, message: EOF occurred in violation of protocol (_ssl.c:2427))
[18:54:44] [ERR] Failed to check the state of sock (session id: baf156af-7c2b-4182-8e53-58620e82eb5f, error: SSLEOFError, message: EOF occurred in violation of protocol (_ssl.c:2427))
[18:54:54] [ERR] Failed to check the state of sock (session id: baf156af-7c2b-4182-8e53-58620e82eb5f, error: SSLEOFError, message: EOF occurred in violation of protocol (_ssl.c:2427))
[18:56:16] [ERR] Failed to check the state of sock (session id: bdf78a12-c7ad-470e-8a43-29cd2daaa4d6, error: SSLEOFError, message: EOF occurred in violation of protocol (_ssl.c:2427))
[18:56:26] [ERR] Failed to check the state of sock (session id: bdf78a12-c7ad-470e-8a43-29cd2daaa4d6, error: SSLEOFError, message: EOF occurred in violation of protocol (_ssl.c:2427))
[18:56:36] [ERR] Failed to check the state of sock (session id: bdf78a12-c7ad-470e-8a43-29cd2daaa4d6, error: SSLEOFError, message: EOF occurred in violation of protocol (_ssl.c:2427))
[18:56:46] [ERR] Failed to check the state of sock (session id: bdf78a12-c7ad-470e-8a43-29cd2daaa4d6, error: SSLEOFError, message: EOF occurred in violation of protocol (_ssl.c:2427))
[18:56:56] [ERR] Failed to check the state of sock (session id: bdf78a12-c7ad-470e-8a43-29cd2daaa4d6, error: SSLEOFError, message: EOF occurred in violation of protocol (_ssl.c:2427))
[18:58:27] [ERR] Failed to check the state of sock (session id: 6fe8f640-3815-4458-a03a-096b01c76dbc, error: SSLEOFError, message: EOF occurred in violation of protocol (_ssl.c:2427))
[18:58:37] [ERR] Failed to check the state of sock (session id: 6fe8f640-3815-4458-a03a-096b01c76dbc, error: SSLEOFError, message: EOF occurred in violation of protocol (_ssl.c:2427))
[18:58:47] [ERR] Failed to check the state of sock (session id: 6fe8f640-3815-4458-a03a-096b01c76dbc, error: SSLEOFError, message: EOF occurred in violation of protocol (_ssl.c:2427))
[18:58:57] [ERR] Failed to check the state of sock (session id: 6fe8f640-3815-4458-a03a-096b01c76dbc, error: SSLError, message: [SSL: BAD_LENGTH] bad length (_ssl.c:2427))
[18:59:07] [ERR] Failed to check the state of sock (session id: 6fe8f640-3815-4458-a03a-096b01c76dbc, error: SSLEOFError, message: EOF occurred in violation of protocol (_ssl.c:2427))
[18:59:58] [ERR] Failed to check the state of sock (session id: 7cfc6d17-c8b2-48c5-a599-2c4f3e80afe3, error: SSLEOFError, message: EOF occurred in violation of protocol (_ssl.c:2427))
[19:00:08] [ERR] Failed to check the state of sock (session id: 7cfc6d17-c8b2-48c5-a599-2c4f3e80afe3, error: SSLError, message: [SSL: BAD_LENGTH] bad length (_ssl.c:2427))
[19:00:18] [ERR] Failed to check the state of sock (session id: 7cfc6d17-c8b2-48c5-a599-2c4f3e80afe3, error: SSLEOFError, message: EOF occurred in violation of protocol (_ssl.c:2427))
[19:00:46] [ERR] Failed to check the state of sock (session id: 7cfc6d17-c8b2-48c5-a599-2c4f3e80afe3, error: SSLEOFError, message: EOF occurred in violation of protocol (_ssl.c:2427))
[19:00:46] [ERR] Failed to check the state of sock (session id: 7cfc6d17-c8b2-48c5-a599-2c4f3e80afe3, error: SSLEOFError, message: EOF occurred in violation of protocol (_ssl.c:2427))
[19:01:39] [ERR] Failed to check the state of sock (session id: fdaaf311-47b4-4599-948d-e08fe81d7193, error: SSLEOFError, message: EOF occurred in violation of protocol (_ssl.c:2427))
[19:01:49] [ERR] Failed to check the state of sock (session id: fdaaf311-47b4-4599-948d-e08fe81d7193, error: SSLError, message: [SSL: BAD_LENGTH] bad length (_ssl.c:2427))
[19:01:59] [ERR] Failed to check the state of sock (session id: fdaaf311-47b4-4599-948d-e08fe81d7193, error: SSLEOFError, message: EOF occurred in violation of protocol (_ssl.c:2427))
[19:02:09] [ERR] Failed to check the state of sock (session id: fdaaf311-47b4-4599-948d-e08fe81d7193, error: SSLEOFError, message: EOF occurred in violation of protocol (_ssl.c:2427))
[19:02:19] [ERR] Failed to check the state of sock (session id: fdaaf311-47b4-4599-948d-e08fe81d7193, error: SSLEOFError, message: EOF occurred in violation of protocol (_ssl.c:2427))
[19:03:20] [ERR] Failed to check the state of sock (session id: c6201a28-5add-4b0e-ac58-4c625533eafc, error: SSLEOFError, message: EOF occurred in violation of protocol (_ssl.c:2427))
[19:03:30] [ERR] Failed to check the state of sock (session id: c6201a28-5add-4b0e-ac58-4c625533eafc, error: SSLEOFError, message: EOF occurred in violation of protocol (_ssl.c:2427))
[19:03:40] [ERR] Failed to check the state of sock (session id: c6201a28-5add-4b0e-ac58-4c625533eafc, error: SSLError, message: [SSL: BAD_LENGTH] bad length (_ssl.c:2427))
[19:03:50] [ERR] Failed to check the state of sock (session id: c6201a28-5add-4b0e-ac58-4c625533eafc, error: SSLEOFError, message: EOF occurred in violation of protocol (_ssl.c:2427))
[19:04:00] [ERR] Failed to check the state of sock (session id: c6201a28-5add-4b0e-ac58-4c625533eafc, error: SSLEOFError, message: EOF occurred in violation of protocol (_ssl.c:2427))
[19:05:01] [ERR] Failed to check the state of sock (session id: 6f897d48-a8d7-4ff9-8af5-9098437fa02d, error: SSLEOFError, message: EOF occurred in violation of protocol (_ssl.c:2427))
[19:05:11] [ERR] Failed to check the state of sock (session id: 6f897d48-a8d7-4ff9-8af5-9098437fa02d, error: SSLEOFError, message: EOF occurred in violation of protocol (_ssl.c:2427))
[19:05:21] [ERR] Failed to check the state of sock (session id: 6f897d48-a8d7-4ff9-8af5-9098437fa02d, error: SSLEOFError, message: EOF occurred in violation of protocol (_ssl.c:2427))
[19:05:31] [ERR] Failed to check the state of sock (session id: 6f897d48-a8d7-4ff9-8af5-9098437fa02d, error: SSLEOFError, message: EOF occurred in violation of protocol (_ssl.c:2427))
[19:05:41] [ERR] Failed to check the state of sock (session id: 6f897d48-a8d7-4ff9-8af5-9098437fa02d, error: SSLEOFError, message: EOF occurred in violation of protocol (_ssl.c:2427))
[19:06:33] [ERR] Failed to check the state of sock (session id: 38a2b946-63a0-4f66-b7eb-5dbcaaf4d756, error: SSLEOFError, message: EOF occurred in violation of protocol (_ssl.c:2427))
[19:06:43] [ERR] Failed to check the state of sock (session id: 38a2b946-63a0-4f66-b7eb-5dbcaaf4d756, error: SSLEOFError, message: EOF occurred in violation of protocol (_ssl.c:2427))
[19:06:53] [ERR] Failed to check the state of sock (session id: 38a2b946-63a0-4f66-b7eb-5dbcaaf4d756, error: SSLEOFError, message: EOF occurred in violation of protocol (_ssl.c:2427))
[19:07:03] [ERR] Failed to check the state of sock (session id: 38a2b946-63a0-4f66-b7eb-5dbcaaf4d756, error: SSLEOFError, message: EOF occurred in violation of protocol (_ssl.c:2427))
[19:07:13] [ERR] Failed to check the state of sock (session id: 38a2b946-63a0-4f66-b7eb-5dbcaaf4d756, error: SSLError, message: [SSL: BAD_LENGTH] bad length (_ssl.c:2427))
[19:08:14] [ERR] Failed to check the state of sock (session id: e40305f9-4752-48cd-810b-51eaa8a34979, error: SSLEOFError, message: EOF occurred in violation of protocol (_ssl.c:2427))
[19:08:24] [ERR] Failed to check the state of sock (session id: e40305f9-4752-48cd-810b-51eaa8a34979, error: SSLEOFError, message: EOF occurred in violation of protocol (_ssl.c:2427))
[19:08:34] [ERR] Failed to check the state of sock (session id: e40305f9-4752-48cd-810b-51eaa8a34979, error: SSLEOFError, message: EOF occurred in violation of protocol (_ssl.c:2427))
[19:08:44] [ERR] Failed to check the state of sock (session id: e40305f9-4752-48cd-810b-51eaa8a34979, error: SSLEOFError, message: EOF occurred in violation of protocol (_ssl.c:2427))
[19:08:54] [ERR] Failed to check the state of sock (session id: e40305f9-4752-48cd-810b-51eaa8a34979, error: SSLEOFError, message: EOF occurred in violation of protocol (_ssl.c:2427))
[19:09:55] [ERR] Failed to check the state of sock (session id: f2885658-59e7-4076-8f2e-49097b4e305c, error: SSLEOFError, message: EOF occurred in violation of protocol (_ssl.c:2427))
[19:10:05] [ERR] Failed to check the state of sock (session id: f2885658-59e7-4076-8f2e-49097b4e305c, error: SSLError, message: [SSL: BAD_LENGTH] bad length (_ssl.c:2427))
[19:10:15] [ERR] Failed to check the state of sock (session id: f2885658-59e7-4076-8f2e-49097b4e305c, error: SSLEOFError, message: EOF occurred in violation of protocol (_ssl.c:2427))
[19:10:25] [ERR] Failed to check the state of sock (session id: f2885658-59e7-4076-8f2e-49097b4e305c, error: SSLEOFError, message: EOF occurred in violation of protocol (_ssl.c:2427))
[19:10:35] [ERR] Failed to check the state of sock (session id: f2885658-59e7-4076-8f2e-49097b4e305c, error: SSLEOFError, message: EOF occurred in violation of protocol (_ssl.c:2427))
[19:11:36] [ERR] Failed to check the state of sock (session id: 53dfa97f-2d22-4b68-aa7d-69bb8260fc20, error: SSLEOFError, message: EOF occurred in violation of protocol (_ssl.c:2427))
[19:11:46] [ERR] Failed to check the state of sock (session id: 53dfa97f-2d22-4b68-aa7d-69bb8260fc20, error: SSLEOFError, message: EOF occurred in violation of protocol (_ssl.c:2427))
[19:11:56] [ERR] Failed to check the state of sock (session id: 53dfa97f-2d22-4b68-aa7d-69bb8260fc20, error: SSLEOFError, message: EOF occurred in violation of protocol (_ssl.c:2427))
[19:12:06] [ERR] Failed to check the state of sock (session id: 53dfa97f-2d22-4b68-aa7d-69bb8260fc20, error: SSLEOFError, message: EOF occurred in violation of protocol (_ssl.c:2427))
[19:12:16] [ERR] Failed to check the state of sock (session id: 53dfa97f-2d22-4b68-aa7d-69bb8260fc20, error: SSLEOFError, message: EOF occurred in violation of protocol (_ssl.c:2427))
[19:13:07] [ERR] Failed to check the state of sock (session id: 1f787fee-060a-42a8-984b-b73c29a60287, error: SSLEOFError, message: EOF occurred in violation of protocol (_ssl.c:2427))
[19:13:17] [ERR] Failed to check the state of sock (session id: 1f787fee-060a-42a8-984b-b73c29a60287, error: SSLEOFError, message: EOF occurred in violation of protocol (_ssl.c:2427))
[19:13:28] [ERR] Failed to check the state of sock (session id: 1f787fee-060a-42a8-984b-b73c29a60287, error: SSLEOFError, message: EOF occurred in violation of protocol (_ssl.c:2427))
[19:13:38] [ERR] Failed to check the state of sock (session id: 1f787fee-060a-42a8-984b-b73c29a60287, error: SSLEOFError, message: EOF occurred in violation of protocol (_ssl.c:2427))
[19:13:48] [ERR] Failed to check the state of sock (session id: 1f787fee-060a-42a8-984b-b73c29a60287, error: SSLEOFError, message: EOF occurred in violation of protocol (_ssl.c:2427))
[19:15:09] [ERR] Failed to check the state of sock (session id: a6c25741-3a0b-4f91-9333-181a9a6e06b7, error: SSLEOFError, message: EOF occurred in violation of protocol (_ssl.c:2427))
[19:15:19] [ERR] Failed to check the state of sock (session id: a6c25741-3a0b-4f91-9333-181a9a6e06b7, error: SSLEOFError, message: EOF occurred in violation of protocol (_ssl.c:2427))
[19:15:29] [ERR] Failed to check the state of sock (session id: a6c25741-3a0b-4f91-9333-181a9a6e06b7, error: SSLEOFError, message: EOF occurred in violation of protocol (_ssl.c:2427))
[19:15:39] [ERR] Failed to check the state of sock (session id: a6c25741-3a0b-4f91-9333-181a9a6e06b7, error: SSLEOFError, message: EOF occurred in violation of protocol (_ssl.c:2427))
[19:15:49] [ERR] Failed to check the state of sock (session id: a6c25741-3a0b-4f91-9333-181a9a6e06b7, error: SSLError, message: [SSL: BAD_LENGTH] bad length (_ssl.c:2427))
[19:16:50] [ERR] Failed to check the state of sock (session id: c0ea0f3e-4433-4388-b096-64ab4c519336, error: SSLEOFError, message: EOF occurred in violation of protocol (_ssl.c:2427))
[19:17:00] [ERR] Failed to check the state of sock (session id: c0ea0f3e-4433-4388-b096-64ab4c519336, error: SSLEOFError, message: EOF occurred in violation of protocol (_ssl.c:2427))
[19:17:10] [ERR] Failed to check the state of sock (session id: c0ea0f3e-4433-4388-b096-64ab4c519336, error: SSLEOFError, message: EOF occurred in violation of protocol (_ssl.c:2427))
[19:17:20] [ERR] Failed to check the state of sock (session id: c0ea0f3e-4433-4388-b096-64ab4c519336, error: SSLEOFError, message: EOF occurred in violation of protocol (_ssl.c:2427))
[19:17:30] [ERR] Failed to check the state of sock (session id: c0ea0f3e-4433-4388-b096-64ab4c519336, error: SSLEOFError, message: EOF occurred in violation of protocol (_ssl.c:2427))
[19:18:31] [ERR] Failed to check the state of sock (session id: c255771c-d9a1-4d8e-b9d7-1397ebba7552, error: SSLEOFError, message: EOF occurred in violation of protocol (_ssl.c:2427))
[19:18:41] [ERR] Failed to check the state of sock (session id: c255771c-d9a1-4d8e-b9d7-1397ebba7552, error: SSLEOFError, message: EOF occurred in violation of protocol (_ssl.c:2427))
[19:18:51] [ERR] Failed to check the state of sock (session id: c255771c-d9a1-4d8e-b9d7-1397ebba7552, error: SSLEOFError, message: EOF occurred in violation of protocol (_ssl.c:2427))
[19:19:01] [ERR] Failed to check the state of sock (session id: c255771c-d9a1-4d8e-b9d7-1397ebba7552, error: SSLEOFError, message: EOF occurred in violation of protocol (_ssl.c:2427))
[19:19:11] [ERR] Failed to check the state of sock (session id: c255771c-d9a1-4d8e-b9d7-1397ebba7552, error: SSLEOFError, message: EOF occurred in violation of protocol (_ssl.c:2427))
[19:20:12] [ERR] Failed to check the state of sock (session id: ddbe00c5-24bb-48f9-a8c4-b94ad7d9ab7e, error: SSLEOFError, message: EOF occurred in violation of protocol (_ssl.c:2427))
[19:20:22] [ERR] Failed to check the state of sock (session id: ddbe00c5-24bb-48f9-a8c4-b94ad7d9ab7e, error: SSLError, message: [SSL: BAD_LENGTH] bad length (_ssl.c:2427))
[19:20:32] [ERR] Failed to check the state of sock (session id: ddbe00c5-24bb-48f9-a8c4-b94ad7d9ab7e, error: SSLEOFError, message: EOF occurred in violation of protocol (_ssl.c:2427))
[19:20:42] [ERR] Failed to check the state of sock (session id: ddbe00c5-24bb-48f9-a8c4-b94ad7d9ab7e, error: SSLError, message: [SSL: BAD_LENGTH] bad length (_ssl.c:2427))
[19:20:52] [ERR] Failed to check the state of sock (session id: ddbe00c5-24bb-48f9-a8c4-b94ad7d9ab7e, error: SSLEOFError, message: EOF occurred in violation of protocol (_ssl.c:2427))
[19:22:13] [ERR] Failed to check the state of sock (session id: 68d533c7-924c-4bfd-bfbc-0fe75a40cfab, error: SSLEOFError, message: EOF occurred in violation of protocol (_ssl.c:2427))
[19:22:23] [ERR] Failed to check the state of sock (session id: 68d533c7-924c-4bfd-bfbc-0fe75a40cfab, error: SSLEOFError, message: EOF occurred in violation of protocol (_ssl.c:2427))
[19:22:33] [ERR] Failed to check the state of sock (session id: 68d533c7-924c-4bfd-bfbc-0fe75a40cfab, error: SSLEOFError, message: EOF occurred in violation of protocol (_ssl.c:2427))
[19:22:43] [ERR] Failed to check the state of sock (session id: 68d533c7-924c-4bfd-bfbc-0fe75a40cfab, error: SSLEOFError, message: EOF occurred in violation of protocol (_ssl.c:2427))
[19:22:53] [ERR] Failed to check the state of sock (session id: 68d533c7-924c-4bfd-bfbc-0fe75a40cfab, error: SSLEOFError, message: EOF occurred in violation of protocol (_ssl.c:2427))
[19:24:14] [ERR] Failed to check the state of sock (session id: 5aa84ecb-3674-43ab-892f-6d92d159e84d, error: SSLEOFError, message: EOF occurred in violation of protocol (_ssl.c:2427))
[19:24:24] [ERR] Failed to check the state of sock (session id: 5aa84ecb-3674-43ab-892f-6d92d159e84d, error: SSLEOFError, message: EOF occurred in violation of protocol (_ssl.c:2427))
[19:24:34] [ERR] Failed to check the state of sock (session id: 5aa84ecb-3674-43ab-892f-6d92d159e84d, error: SSLEOFError, message: EOF occurred in violation of protocol (_ssl.c:2427))
[19:24:44] [ERR] Failed to check the state of sock (session id: 5aa84ecb-3674-43ab-892f-6d92d159e84d, error: SSLEOFError, message: EOF occurred in violation of protocol (_ssl.c:2427))
[19:24:54] [ERR] Failed to check the state of sock (session id: 5aa84ecb-3674-43ab-892f-6d92d159e84d, error: SSLEOFError, message: EOF occurred in violation of protocol (_ssl.c:2427))
[19:25:55] [ERR] Failed to check the state of sock (session id: c9bd0a74-6115-4f6c-8f6e-216169877b1e, error: SSLEOFError, message: EOF occurred in violation of protocol (_ssl.c:2427))
[19:26:05] [ERR] Failed to check the state of sock (session id: c9bd0a74-6115-4f6c-8f6e-216169877b1e, error: SSLEOFError, message: EOF occurred in violation of protocol (_ssl.c:2427))
[19:26:15] [ERR] Failed to check the state of sock (session id: c9bd0a74-6115-4f6c-8f6e-216169877b1e, error: SSLEOFError, message: EOF occurred in violation of protocol (_ssl.c:2427))
[19:26:25] [ERR] Failed to check the state of sock (session id: c9bd0a74-6115-4f6c-8f6e-216169877b1e, error: SSLEOFError, message: EOF occurred in violation of protocol (_ssl.c:2427))
[19:26:35] [ERR] Failed to check the state of sock (session id: c9bd0a74-6115-4f6c-8f6e-216169877b1e, error: SSLEOFError, message: EOF occurred in violation of protocol (_ssl.c:2427))
[19:27:47] [ERR] Failed to check the state of sock (session id: 4585c0f3-efb2-40f9-b2f5-2919b16321a5, error: SSLEOFError, message: EOF occurred in violation of protocol (_ssl.c:2427))
[19:27:57] [ERR] Failed to check the state of sock (session id: 4585c0f3-efb2-40f9-b2f5-2919b16321a5, error: SSLError, message: [SSL: BAD_LENGTH] bad length (_ssl.c:2427))
[19:28:07] [ERR] Failed to check the state of sock (session id: 4585c0f3-efb2-40f9-b2f5-2919b16321a5, error: SSLEOFError, message: EOF occurred in violation of protocol (_ssl.c:2427))
[19:28:17] [ERR] Failed to check the state of sock (session id: 4585c0f3-efb2-40f9-b2f5-2919b16321a5, error: SSLError, message: [SSL: BAD_LENGTH] bad length (_ssl.c:2427))
[19:28:27] [ERR] Failed to check the state of sock (session id: 4585c0f3-efb2-40f9-b2f5-2919b16321a5, error: SSLEOFError, message: EOF occurred in violation of protocol (_ssl.c:2427))
[19:29:19] [ERR] Failed to check the state of sock (session id: ee20124e-b5cf-43f4-a790-ad4226cebaa6, error: SSLEOFError, message: EOF occurred in violation of protocol (_ssl.c:2427))
[19:29:29] [ERR] Failed to check the state of sock (session id: ee20124e-b5cf-43f4-a790-ad4226cebaa6, error: SSLEOFError, message: EOF occurred in violation of protocol (_ssl.c:2427))
[19:29:39] [ERR] Failed to check the state of sock (session id: ee20124e-b5cf-43f4-a790-ad4226cebaa6, error: SSLEOFError, message: EOF occurred in violation of protocol (_ssl.c:2427))
[19:29:49] [ERR] Failed to check the state of sock (session id: ee20124e-b5cf-43f4-a790-ad4226cebaa6, error: SSLEOFError, message: EOF occurred in violation of protocol (_ssl.c:2427))
[19:29:59] [ERR] Failed to check the state of sock (session id: ee20124e-b5cf-43f4-a790-ad4226cebaa6, error: SSLEOFError, message: EOF occurred in violation of protocol (_ssl.c:2427))
[19:31:30] [ERR] Failed to check the state of sock (session id: 3e4b5345-dd66-493c-9171-8b68e173bc92, error: SSLEOFError, message: EOF occurred in violation of protocol (_ssl.c:2427))
[19:31:40] [ERR] Failed to check the state of sock (session id: 3e4b5345-dd66-493c-9171-8b68e173bc92, error: SSLEOFError, message: EOF occurred in violation of protocol (_ssl.c:2427))
[19:31:50] [ERR] Failed to check the state of sock (session id: 3e4b5345-dd66-493c-9171-8b68e173bc92, error: SSLEOFError, message: EOF occurred in violation of protocol (_ssl.c:2427))
[19:32:00] [ERR] Failed to check the state of sock (session id: 3e4b5345-dd66-493c-9171-8b68e173bc92, error: SSLEOFError, message: EOF occurred in violation of protocol (_ssl.c:2427))
[19:32:10] [ERR] Failed to check the state of sock (session id: 3e4b5345-dd66-493c-9171-8b68e173bc92, error: SSLEOFError, message: EOF occurred in violation of protocol (_ssl.c:2427))
[19:33:11] [ERR] Failed to check the state of sock (session id: 272fabda-d5a7-4d14-8b70-af01916e69c6, error: SSLEOFError, message: EOF occurred in violation of protocol (_ssl.c:2427))
[19:33:21] [ERR] Failed to check the state of sock (session id: 272fabda-d5a7-4d14-8b70-af01916e69c6, error: SSLEOFError, message: EOF occurred in violation of protocol (_ssl.c:2427))
[19:33:31] [ERR] Failed to check the state of sock (session id: 272fabda-d5a7-4d14-8b70-af01916e69c6, error: SSLError, message: [SSL: BAD_LENGTH] bad length (_ssl.c:2427))
[19:33:41] [ERR] Failed to check the state of sock (session id: 272fabda-d5a7-4d14-8b70-af01916e69c6, error: SSLEOFError, message: EOF occurred in violation of protocol (_ssl.c:2427))
[19:33:51] [ERR] Failed to check the state of sock (session id: 272fabda-d5a7-4d14-8b70-af01916e69c6, error: SSLEOFError, message: EOF occurred in violation of protocol (_ssl.c:2427))
[19:34:52] [ERR] Failed to check the state of sock (session id: a6c2fef3-a1c6-4132-9812-303a549bf37c, error: SSLEOFError, message: EOF occurred in violation of protocol (_ssl.c:2427))
[19:35:02] [ERR] Failed to check the state of sock (session id: a6c2fef3-a1c6-4132-9812-303a549bf37c, error: SSLEOFError, message: EOF occurred in violation of protocol (_ssl.c:2427))
[19:35:12] [ERR] Failed to check the state of sock (session id: a6c2fef3-a1c6-4132-9812-303a549bf37c, error: SSLEOFError, message: EOF occurred in violation of protocol (_ssl.c:2427))
[19:35:22] [ERR] Failed to check the state of sock (session id: a6c2fef3-a1c6-4132-9812-303a549bf37c, error: SSLEOFError, message: EOF occurred in violation of protocol (_ssl.c:2427))
[19:35:32] [ERR] Failed to check the state of sock (session id: a6c2fef3-a1c6-4132-9812-303a549bf37c, error: SSLEOFError, message: EOF occurred in violation of protocol (_ssl.c:2427))
[19:36:53] [ERR] Failed to check the state of sock (session id: 34c63bfe-eb8f-4bb6-aaf8-078c02a886b6, error: SSLEOFError, message: EOF occurred in violation of protocol (_ssl.c:2427))
[19:37:03] [ERR] Failed to check the state of sock (session id: 34c63bfe-eb8f-4bb6-aaf8-078c02a886b6, error: SSLEOFError, message: EOF occurred in violation of protocol (_ssl.c:2427))
[19:37:13] [ERR] Failed to check the state of sock (session id: 34c63bfe-eb8f-4bb6-aaf8-078c02a886b6, error: SSLEOFError, message: EOF occurred in violation of protocol (_ssl.c:2427))
[19:37:23] [ERR] Failed to check the state of sock (session id: 34c63bfe-eb8f-4bb6-aaf8-078c02a886b6, error: SSLEOFError, message: EOF occurred in violation of protocol (_ssl.c:2427))
[19:37:33] [ERR] Failed to check the state of sock (session id: 34c63bfe-eb8f-4bb6-aaf8-078c02a886b6, error: SSLEOFError, message: EOF occurred in violation of protocol (_ssl.c:2427))
[19:38:24] [ERR] Failed to check the state of sock (session id: 04901c11-721b-4473-81aa-ca4b2b723746, error: SSLEOFError, message: EOF occurred in violation of protocol (_ssl.c:2427))
[19:38:34] [ERR] Failed to check the state of sock (session id: 04901c11-721b-4473-81aa-ca4b2b723746, error: SSLEOFError, message: EOF occurred in violation of protocol (_ssl.c:2427))
[19:38:44] [ERR] Failed to check the state of sock (session id: 04901c11-721b-4473-81aa-ca4b2b723746, error: SSLEOFError, message: EOF occurred in violation of protocol (_ssl.c:2427))
[19:38:54] [ERR] Failed to check the state of sock (session id: 04901c11-721b-4473-81aa-ca4b2b723746, error: SSLError, message: [SSL: BAD_LENGTH] bad length (_ssl.c:2427))
[19:39:04] [ERR] Failed to check the state of sock (session id: 04901c11-721b-4473-81aa-ca4b2b723746, error: SSLError, message: [SSL: BAD_LENGTH] bad length (_ssl.c:2427))
[19:40:05] [ERR] Failed to check the state of sock (session id: ecfaa5de-88ce-4364-9734-820df17c3bb2, error: SSLEOFError, message: EOF occurred in violation of protocol (_ssl.c:2427))
[19:40:15] [ERR] Failed to check the state of sock (session id: ecfaa5de-88ce-4364-9734-820df17c3bb2, error: SSLEOFError, message: EOF occurred in violation of protocol (_ssl.c:2427))
[19:40:25] [ERR] Failed to check the state of sock (session id: ecfaa5de-88ce-4364-9734-820df17c3bb2, error: SSLEOFError, message: EOF occurred in violation of protocol (_ssl.c:2427))
[19:40:35] [ERR] Failed to check the state of sock (session id: ecfaa5de-88ce-4364-9734-820df17c3bb2, error: SSLEOFError, message: EOF occurred in violation of protocol (_ssl.c:2427))
[19:40:45] [ERR] Failed to check the state of sock (session id: ecfaa5de-88ce-4364-9734-820df17c3bb2, error: SSLEOFError, message: EOF occurred in violation of protocol (_ssl.c:2427))
[19:42:17] [ERR] Failed to check the state of sock (session id: d4767a0a-3202-4cde-b28e-0bfd4957d452, error: SSLEOFError, message: EOF occurred in violation of protocol (_ssl.c:2427))
[19:42:27] [ERR] Failed to check the state of sock (session id: d4767a0a-3202-4cde-b28e-0bfd4957d452, error: SSLError, message: [SSL: BAD_LENGTH] bad length (_ssl.c:2427))
[19:42:37] [ERR] Failed to check the state of sock (session id: d4767a0a-3202-4cde-b28e-0bfd4957d452, error: SSLError, message: [SSL: BAD_LENGTH] bad length (_ssl.c:2427))
[19:42:47] [ERR] Failed to check the state of sock (session id: d4767a0a-3202-4cde-b28e-0bfd4957d452, error: SSLEOFError, message: EOF occurred in violation of protocol (_ssl.c:2427))
[19:42:57] [ERR] Failed to check the state of sock (session id: d4767a0a-3202-4cde-b28e-0bfd4957d452, error: SSLEOFError, message: EOF occurred in violation of protocol (_ssl.c:2427))
[19:43:58] [ERR] Failed to check the state of sock (session id: 2f66d8de-461c-4a61-a5ca-f3ef0a95faa6, error: SSLEOFError, message: EOF occurred in violation of protocol (_ssl.c:2427))
[19:44:08] [ERR] Failed to check the state of sock (session id: 2f66d8de-461c-4a61-a5ca-f3ef0a95faa6, error: SSLEOFError, message: EOF occurred in violation of protocol (_ssl.c:2427))
[19:44:18] [ERR] Failed to check the state of sock (session id: 2f66d8de-461c-4a61-a5ca-f3ef0a95faa6, error: SSLError, message: [SSL: BAD_LENGTH] bad length (_ssl.c:2427))
[19:44:28] [ERR] Failed to check the state of sock (session id: 2f66d8de-461c-4a61-a5ca-f3ef0a95faa6, error: SSLEOFError, message: EOF occurred in violation of protocol (_ssl.c:2427))
[19:44:38] [ERR] Failed to check the state of sock (session id: 2f66d8de-461c-4a61-a5ca-f3ef0a95faa6, error: SSLEOFError, message: EOF occurred in violation of protocol (_ssl.c:2427))
[19:45:39] [ERR] Failed to check the state of sock (session id: 170764f7-4bb0-4f0f-8b8f-d932fb8399dc, error: SSLEOFError, message: EOF occurred in violation of protocol (_ssl.c:2427))
[19:45:49] [ERR] Failed to check the state of sock (session id: 170764f7-4bb0-4f0f-8b8f-d932fb8399dc, error: SSLEOFError, message: EOF occurred in violation of protocol (_ssl.c:2427))
[19:45:59] [ERR] Failed to check the state of sock (session id: 170764f7-4bb0-4f0f-8b8f-d932fb8399dc, error: SSLError, message: [SSL: BAD_LENGTH] bad length (_ssl.c:2427))
[19:46:09] [ERR] Failed to check the state of sock (session id: 170764f7-4bb0-4f0f-8b8f-d932fb8399dc, error: SSLEOFError, message: EOF occurred in violation of protocol (_ssl.c:2427))
[19:46:19] [ERR] Failed to check the state of sock (session id: 170764f7-4bb0-4f0f-8b8f-d932fb8399dc, error: SSLEOFError, message: EOF occurred in violation of protocol (_ssl.c:2427))
[19:47:10] [ERR] Failed to check the state of sock (session id: f1ce0717-2847-4f58-b97e-cc43205b0251, error: SSLEOFError, message: EOF occurred in violation of protocol (_ssl.c:2427))
[19:47:20] [ERR] Failed to check the state of sock (session id: f1ce0717-2847-4f58-b97e-cc43205b0251, error: SSLEOFError, message: EOF occurred in violation of protocol (_ssl.c:2427))
[19:47:30] [ERR] Failed to check the state of sock (session id: f1ce0717-2847-4f58-b97e-cc43205b0251, error: SSLEOFError, message: EOF occurred in violation of protocol (_ssl.c:2427))
[19:47:40] [ERR] Failed to check the state of sock (session id: f1ce0717-2847-4f58-b97e-cc43205b0251, error: SSLEOFError, message: EOF occurred in violation of protocol (_ssl.c:2427))
[19:47:50] [ERR] Failed to check the state of sock (session id: f1ce0717-2847-4f58-b97e-cc43205b0251, error: SSLEOFError, message: EOF occurred in violation of protocol (_ssl.c:2427))
[19:48:51] [ERR] Failed to check the state of sock (session id: b009e422-bd8d-466b-b60b-6e4f566af13f, error: SSLEOFError, message: EOF occurred in violation of protocol (_ssl.c:2427))
[19:49:01] [ERR] Failed to check the state of sock (session id: b009e422-bd8d-466b-b60b-6e4f566af13f, error: SSLEOFError, message: EOF occurred in violation of protocol (_ssl.c:2427))
[19:49:11] [ERR] Failed to check the state of sock (session id: b009e422-bd8d-466b-b60b-6e4f566af13f, error: SSLError, message: [SSL: BAD_LENGTH] bad length (_ssl.c:2427))
[19:49:21] [ERR] Failed to check the state of sock (session id: b009e422-bd8d-466b-b60b-6e4f566af13f, error: SSLEOFError, message: EOF occurred in violation of protocol (_ssl.c:2427))
[19:49:31] [ERR] Failed to check the state of sock (session id: b009e422-bd8d-466b-b60b-6e4f566af13f, error: SSLEOFError, message: EOF occurred in violation of protocol (_ssl.c:2427))
[19:51:02] [ERR] Failed to check the state of sock (session id: b97a3187-cfa2-4a11-9836-d5da303b29f4, error: SSLEOFError, message: EOF occurred in violation of protocol (_ssl.c:2427))
[19:51:12] [ERR] Failed to check the state of sock (session id: b97a3187-cfa2-4a11-9836-d5da303b29f4, error: SSLEOFError, message: EOF occurred in violation of protocol (_ssl.c:2427))
[19:51:22] [ERR] Failed to check the state of sock (session id: b97a3187-cfa2-4a11-9836-d5da303b29f4, error: SSLError, message: [SSL: BAD_LENGTH] bad length (_ssl.c:2427))
[19:51:32] [ERR] Failed to check the state of sock (session id: b97a3187-cfa2-4a11-9836-d5da303b29f4, error: SSLEOFError, message: EOF occurred in violation of protocol (_ssl.c:2427))
[19:51:42] [ERR] Failed to check the state of sock (session id: b97a3187-cfa2-4a11-9836-d5da303b29f4, error: SSLEOFError, message: EOF occurred in violation of protocol (_ssl.c:2427))
[19:53:13] [ERR] Failed to check the state of sock (session id: 5fbfccbf-2de1-4dd5-8ae8-ed23a18e8fa2, error: SSLEOFError, message: EOF occurred in violation of protocol (_ssl.c:2427))
[19:53:23] [ERR] Failed to check the state of sock (session id: 5fbfccbf-2de1-4dd5-8ae8-ed23a18e8fa2, error: SSLError, message: [SSL: BAD_LENGTH] bad length (_ssl.c:2427))
[19:53:33] [ERR] Failed to check the state of sock (session id: 5fbfccbf-2de1-4dd5-8ae8-ed23a18e8fa2, error: SSLError, message: [SSL: BAD_LENGTH] bad length (_ssl.c:2427))
[19:53:43] [ERR] Failed to check the state of sock (session id: 5fbfccbf-2de1-4dd5-8ae8-ed23a18e8fa2, error: SSLError, message: [SSL: BAD_LENGTH] bad length (_ssl.c:2427))
[19:53:53] [ERR] Failed to check the state of sock (session id: 5fbfccbf-2de1-4dd5-8ae8-ed23a18e8fa2, error: SSLEOFError, message: EOF occurred in violation of protocol (_ssl.c:2427))
[19:55:25] [ERR] Failed to check the state of sock (session id: 5c0504a9-fa08-4988-b914-2eab51402e6b, error: SSLEOFError, message: EOF occurred in violation of protocol (_ssl.c:2427))
[19:55:35] [ERR] Failed to check the state of sock (session id: 5c0504a9-fa08-4988-b914-2eab51402e6b, error: SSLError, message: [SSL: BAD_LENGTH] bad length (_ssl.c:2427))
[19:55:45] [ERR] Failed to check the state of sock (session id: 5c0504a9-fa08-4988-b914-2eab51402e6b, error: SSLEOFError, message: EOF occurred in violation of protocol (_ssl.c:2427))
[19:55:55] [ERR] Failed to check the state of sock (session id: 5c0504a9-fa08-4988-b914-2eab51402e6b, error: SSLError, message: [SSL: BAD_LENGTH] bad length (_ssl.c:2427))
[19:56:05] [ERR] Failed to check the state of sock (session id: 5c0504a9-fa08-4988-b914-2eab51402e6b, error: SSLEOFError, message: EOF occurred in violation of protocol (_ssl.c:2427))
[19:57:06] [ERR] Failed to check the state of sock (session id: 35b8225b-d7c1-4157-812e-a39444461899, error: SSLEOFError, message: EOF occurred in violation of protocol (_ssl.c:2427))
[19:57:16] [ERR] Failed to check the state of sock (session id: 35b8225b-d7c1-4157-812e-a39444461899, error: SSLError, message: [SSL: BAD_LENGTH] bad length (_ssl.c:2427))
[19:57:26] [ERR] Failed to check the state of sock (session id: 35b8225b-d7c1-4157-812e-a39444461899, error: SSLEOFError, message: EOF occurred in violation of protocol (_ssl.c:2427))
[19:57:36] [ERR] Failed to check the state of sock (session id: 35b8225b-d7c1-4157-812e-a39444461899, error: SSLError, message: [SSL: BAD_LENGTH] bad length (_ssl.c:2427))
[19:57:46] [ERR] Failed to check the state of sock (session id: 35b8225b-d7c1-4157-812e-a39444461899, error: SSLEOFError, message: EOF occurred in violation of protocol (_ssl.c:2427))
[19:58:57] [ERR] Failed to check the state of sock (session id: f806b671-78ce-4929-a6fa-0cf28d128a73, error: SSLEOFError, message: EOF occurred in violation of protocol (_ssl.c:2427))
[19:59:07] [ERR] Failed to check the state of sock (session id: f806b671-78ce-4929-a6fa-0cf28d128a73, error: SSLEOFError, message: EOF occurred in violation of protocol (_ssl.c:2427))
[19:59:17] [ERR] Failed to check the state of sock (session id: f806b671-78ce-4929-a6fa-0cf28d128a73, error: SSLEOFError, message: EOF occurred in violation of protocol (_ssl.c:2427))
[19:59:27] [ERR] Failed to check the state of sock (session id: f806b671-78ce-4929-a6fa-0cf28d128a73, error: SSLEOFError, message: EOF occurred in violation of protocol (_ssl.c:2427))
[19:59:37] [ERR] Failed to check the state of sock (session id: f806b671-78ce-4929-a6fa-0cf28d128a73, error: SSLError, message: [SSL: BAD_LENGTH] bad length (_ssl.c:2427))
[20:00:49] [ERR] Failed to check the state of sock (session id: 739ac3d9-5233-4860-8e7f-db461a354aa6, error: SSLEOFError, message: EOF occurred in violation of protocol (_ssl.c:2427))
[20:00:59] [ERR] Failed to check the state of sock (session id: 739ac3d9-5233-4860-8e7f-db461a354aa6, error: SSLEOFError, message: EOF occurred in violation of protocol (_ssl.c:2427))
[20:01:09] [ERR] Failed to check the state of sock (session id: 739ac3d9-5233-4860-8e7f-db461a354aa6, error: SSLEOFError, message: EOF occurred in violation of protocol (_ssl.c:2427))
[20:01:19] [ERR] Failed to check the state of sock (session id: 739ac3d9-5233-4860-8e7f-db461a354aa6, error: SSLEOFError, message: EOF occurred in violation of protocol (_ssl.c:2427))
[20:01:29] [ERR] Failed to check the state of sock (session id: 739ac3d9-5233-4860-8e7f-db461a354aa6, error: SSLError, message: [SSL: BAD_LENGTH] bad length (_ssl.c:2427))
[20:02:30] [ERR] Failed to check the state of sock (session id: 2ca38ad8-59de-405b-9aa3-a07b532ca826, error: SSLEOFError, message: EOF occurred in violation of protocol (_ssl.c:2427))
[20:02:40] [ERR] Failed to check the state of sock (session id: 2ca38ad8-59de-405b-9aa3-a07b532ca826, error: SSLEOFError, message: EOF occurred in violation of protocol (_ssl.c:2427))
[20:02:50] [ERR] Failed to check the state of sock (session id: 2ca38ad8-59de-405b-9aa3-a07b532ca826, error: SSLEOFError, message: EOF occurred in violation of protocol (_ssl.c:2427))
[20:03:00] [ERR] Failed to check the state of sock (session id: 2ca38ad8-59de-405b-9aa3-a07b532ca826, error: SSLError, message: [SSL: BAD_LENGTH] bad length (_ssl.c:2427))
[20:03:10] [ERR] Failed to check the state of sock (session id: 2ca38ad8-59de-405b-9aa3-a07b532ca826, error: SSLEOFError, message: EOF occurred in violation of protocol (_ssl.c:2427))
[20:04:11] [ERR] Failed to check the state of sock (session id: 899644ec-a59b-4441-ab03-b81d6d44833c, error: SSLEOFError, message: EOF occurred in violation of protocol (_ssl.c:2427))
[20:04:21] [ERR] Failed to check the state of sock (session id: 899644ec-a59b-4441-ab03-b81d6d44833c, error: SSLEOFError, message: EOF occurred in violation of protocol (_ssl.c:2427))
[20:04:31] [ERR] Failed to check the state of sock (session id: 899644ec-a59b-4441-ab03-b81d6d44833c, error: SSLEOFError, message: EOF occurred in violation of protocol (_ssl.c:2427))
[20:04:41] [ERR] Failed to check the state of sock (session id: 899644ec-a59b-4441-ab03-b81d6d44833c, error: SSLEOFError, message: EOF occurred in violation of protocol (_ssl.c:2427))
[20:04:51] [ERR] Failed to check the state of sock (session id: 899644ec-a59b-4441-ab03-b81d6d44833c, error: SSLEOFError, message: EOF occurred in violation of protocol (_ssl.c:2427))
[20:06:23] [ERR] Failed to check the state of sock (session id: a922a5d3-3d18-4f72-9c5a-bc6c4c2ead9b, error: SSLEOFError, message: EOF occurred in violation of protocol (_ssl.c:2427))
[20:06:33] [ERR] Failed to check the state of sock (session id: a922a5d3-3d18-4f72-9c5a-bc6c4c2ead9b, error: SSLEOFError, message: EOF occurred in violation of protocol (_ssl.c:2427))
[20:06:43] [ERR] Failed to check the state of sock (session id: a922a5d3-3d18-4f72-9c5a-bc6c4c2ead9b, error: SSLEOFError, message: EOF occurred in violation of protocol (_ssl.c:2427))
[20:06:53] [ERR] Failed to check the state of sock (session id: a922a5d3-3d18-4f72-9c5a-bc6c4c2ead9b, error: SSLError, message: [SSL: BAD_LENGTH] bad length (_ssl.c:2427))
[20:07:03] [ERR] Failed to check the state of sock (session id: a922a5d3-3d18-4f72-9c5a-bc6c4c2ead9b, error: SSLEOFError, message: EOF occurred in violation of protocol (_ssl.c:2427))
[20:08:34] [ERR] Failed to check the state of sock (session id: 0a99103d-2ec6-4687-bcc3-2a997ffc4ebd, error: SSLEOFError, message: EOF occurred in violation of protocol (_ssl.c:2427))
[20:08:44] [ERR] Failed to check the state of sock (session id: 0a99103d-2ec6-4687-bcc3-2a997ffc4ebd, error: SSLEOFError, message: EOF occurred in violation of protocol (_ssl.c:2427))
[20:08:54] [ERR] Failed to check the state of sock (session id: 0a99103d-2ec6-4687-bcc3-2a997ffc4ebd, error: SSLEOFError, message: EOF occurred in violation of protocol (_ssl.c:2427))
[20:09:04] [ERR] Failed to check the state of sock (session id: 0a99103d-2ec6-4687-bcc3-2a997ffc4ebd, error: SSLEOFError, message: EOF occurred in violation of protocol (_ssl.c:2427))
[20:09:14] [ERR] Failed to check the state of sock (session id: 0a99103d-2ec6-4687-bcc3-2a997ffc4ebd, error: SSLEOFError, message: EOF occurred in violation of protocol (_ssl.c:2427))
[20:10:16] [ERR] Failed to check the state of sock (session id: fc88e49b-4d92-4312-ac71-d8422a131f87, error: SSLEOFError, message: EOF occurred in violation of protocol (_ssl.c:2427))
[20:10:26] [ERR] Failed to check the state of sock (session id: fc88e49b-4d92-4312-ac71-d8422a131f87, error: SSLEOFError, message: EOF occurred in violation of protocol (_ssl.c:2427))
[20:10:36] [ERR] Failed to check the state of sock (session id: fc88e49b-4d92-4312-ac71-d8422a131f87, error: SSLEOFError, message: EOF occurred in violation of protocol (_ssl.c:2427))
[20:10:46] [ERR] Failed to check the state of sock (session id: fc88e49b-4d92-4312-ac71-d8422a131f87, error: SSLEOFError, message: EOF occurred in violation of protocol (_ssl.c:2427))
[20:10:56] [ERR] Failed to check the state of sock (session id: fc88e49b-4d92-4312-ac71-d8422a131f87, error: SSLEOFError, message: EOF occurred in violation of protocol (_ssl.c:2427))
[20:12:27] [ERR] Failed to check the state of sock (session id: fd98bca6-35a5-4c52-a748-f0648620a2bb, error: SSLEOFError, message: EOF occurred in violation of protocol (_ssl.c:2427))
[20:12:37] [ERR] Failed to check the state of sock (session id: fd98bca6-35a5-4c52-a748-f0648620a2bb, error: SSLError, message: [SSL: BAD_LENGTH] bad length (_ssl.c:2427))
[20:12:47] [ERR] Failed to check the state of sock (session id: fd98bca6-35a5-4c52-a748-f0648620a2bb, error: SSLEOFError, message: EOF occurred in violation of protocol (_ssl.c:2427))
[20:12:57] [ERR] Failed to check the state of sock (session id: fd98bca6-35a5-4c52-a748-f0648620a2bb, error: SSLEOFError, message: EOF occurred in violation of protocol (_ssl.c:2427))
[20:13:07] [ERR] Failed to check the state of sock (session id: fd98bca6-35a5-4c52-a748-f0648620a2bb, error: SSLEOFError, message: EOF occurred in violation of protocol (_ssl.c:2427))
[20:13:58] [ERR] Failed to check the state of sock (session id: 2efa324c-237b-42b7-a979-8b383329ec2a, error: SSLEOFError, message: EOF occurred in violation of protocol (_ssl.c:2427))
[20:14:08] [ERR] Failed to check the state of sock (session id: 2efa324c-237b-42b7-a979-8b383329ec2a, error: SSLError, message: [SSL: BAD_LENGTH] bad length (_ssl.c:2427))
[20:14:18] [ERR] Failed to check the state of sock (session id: 2efa324c-237b-42b7-a979-8b383329ec2a, error: SSLEOFError, message: EOF occurred in violation of protocol (_ssl.c:2427))
[20:14:28] [ERR] Failed to check the state of sock (session id: 2efa324c-237b-42b7-a979-8b383329ec2a, error: SSLEOFError, message: EOF occurred in violation of protocol (_ssl.c:2427))
[20:14:38] [ERR] Failed to check the state of sock (session id: 2efa324c-237b-42b7-a979-8b383329ec2a, error: SSLEOFError, message: EOF occurred in violation of protocol (_ssl.c:2427))
[20:15:59] [ERR] Failed to check the state of sock (session id: 9ab0409e-b2cc-428a-ab8c-0a72623efa8a, error: SSLEOFError, message: EOF occurred in violation of protocol (_ssl.c:2427))
[20:16:09] [ERR] Failed to check the state of sock (session id: 9ab0409e-b2cc-428a-ab8c-0a72623efa8a, error: SSLError, message: [SSL: BAD_LENGTH] bad length (_ssl.c:2427))
[20:16:19] [ERR] Failed to check the state of sock (session id: 9ab0409e-b2cc-428a-ab8c-0a72623efa8a, error: SSLEOFError, message: EOF occurred in violation of protocol (_ssl.c:2427))
[20:16:29] [ERR] Failed to check the state of sock (session id: 9ab0409e-b2cc-428a-ab8c-0a72623efa8a, error: SSLEOFError, message: EOF occurred in violation of protocol (_ssl.c:2427))
[20:16:39] [ERR] Failed to check the state of sock (session id: 9ab0409e-b2cc-428a-ab8c-0a72623efa8a, error: SSLEOFError, message: EOF occurred in violation of protocol (_ssl.c:2427))
[20:17:40] [ERR] Failed to check the state of sock (session id: 6dd53917-f154-4b5e-8bb0-745d461ef1ce, error: SSLEOFError, message: EOF occurred in violation of protocol (_ssl.c:2427))
[20:17:50] [ERR] Failed to check the state of sock (session id: 6dd53917-f154-4b5e-8bb0-745d461ef1ce, error: SSLEOFError, message: EOF occurred in violation of protocol (_ssl.c:2427))
[20:18:00] [ERR] Failed to check the state of sock (session id: 6dd53917-f154-4b5e-8bb0-745d461ef1ce, error: SSLEOFError, message: EOF occurred in violation of protocol (_ssl.c:2427))
[20:18:10] [ERR] Failed to check the state of sock (session id: 6dd53917-f154-4b5e-8bb0-745d461ef1ce, error: SSLEOFError, message: EOF occurred in violation of protocol (_ssl.c:2427))
[20:18:20] [ERR] Failed to check the state of sock (session id: 6dd53917-f154-4b5e-8bb0-745d461ef1ce, error: SSLError, message: [SSL: BAD_LENGTH] bad length (_ssl.c:2427))
[20:19:21] [ERR] Failed to check the state of sock (session id: 79a742ab-fba2-4feb-b420-a85f0c6e2c84, error: SSLEOFError, message: EOF occurred in violation of protocol (_ssl.c:2427))
[20:19:31] [ERR] Failed to check the state of sock (session id: 79a742ab-fba2-4feb-b420-a85f0c6e2c84, error: SSLEOFError, message: EOF occurred in violation of protocol (_ssl.c:2427))
[20:19:41] [ERR] Failed to check the state of sock (session id: 79a742ab-fba2-4feb-b420-a85f0c6e2c84, error: SSLEOFError, message: EOF occurred in violation of protocol (_ssl.c:2427))
[20:19:51] [ERR] Failed to check the state of sock (session id: 79a742ab-fba2-4feb-b420-a85f0c6e2c84, error: SSLError, message: [SSL: BAD_LENGTH] bad length (_ssl.c:2427))
[20:20:01] [ERR] Failed to check the state of sock (session id: 79a742ab-fba2-4feb-b420-a85f0c6e2c84, error: SSLEOFError, message: EOF occurred in violation of protocol (_ssl.c:2427))
[20:21:02] [ERR] Failed to check the state of sock (session id: a09fed6e-2d6f-452c-8272-e24dc7259047, error: SSLEOFError, message: EOF occurred in violation of protocol (_ssl.c:2427))
[20:21:12] [ERR] Failed to check the state of sock (session id: a09fed6e-2d6f-452c-8272-e24dc7259047, error: SSLError, message: [SSL: BAD_LENGTH] bad length (_ssl.c:2427))
[20:21:22] [ERR] Failed to check the state of sock (session id: a09fed6e-2d6f-452c-8272-e24dc7259047, error: SSLEOFError, message: EOF occurred in violation of protocol (_ssl.c:2427))
[20:21:32] [ERR] Failed to check the state of sock (session id: a09fed6e-2d6f-452c-8272-e24dc7259047, error: SSLEOFError, message: EOF occurred in violation of protocol (_ssl.c:2427))
[20:21:42] [ERR] Failed to check the state of sock (session id: a09fed6e-2d6f-452c-8272-e24dc7259047, error: SSLError, message: [SSL: BAD_LENGTH] bad length (_ssl.c:2427))
[20:23:04] [ERR] Failed to check the state of sock (session id: cbaf4747-8d6c-4cc5-a6b7-b3d55f8356eb, error: SSLEOFError, message: EOF occurred in violation of protocol (_ssl.c:2427))
[20:23:14] [ERR] Failed to check the state of sock (session id: cbaf4747-8d6c-4cc5-a6b7-b3d55f8356eb, error: SSLError, message: [SSL: BAD_LENGTH] bad length (_ssl.c:2427))
[20:23:24] [ERR] Failed to check the state of sock (session id: cbaf4747-8d6c-4cc5-a6b7-b3d55f8356eb, error: SSLEOFError, message: EOF occurred in violation of protocol (_ssl.c:2427))
[20:23:34] [ERR] Failed to check the state of sock (session id: cbaf4747-8d6c-4cc5-a6b7-b3d55f8356eb, error: SSLEOFError, message: EOF occurred in violation of protocol (_ssl.c:2427))
[20:23:44] [ERR] Failed to check the state of sock (session id: cbaf4747-8d6c-4cc5-a6b7-b3d55f8356eb, error: SSLEOFError, message: EOF occurred in violation of protocol (_ssl.c:2427))
[20:24:45] [ERR] Failed to check the state of sock (session id: cc440ff8-ef66-4cc1-bac7-0ad22b02f93b, error: SSLEOFError, message: EOF occurred in violation of protocol (_ssl.c:2427))
[20:24:55] [ERR] Failed to check the state of sock (session id: cc440ff8-ef66-4cc1-bac7-0ad22b02f93b, error: SSLEOFError, message: EOF occurred in violation of protocol (_ssl.c:2427))
[20:25:05] [ERR] Failed to check the state of sock (session id: cc440ff8-ef66-4cc1-bac7-0ad22b02f93b, error: SSLEOFError, message: EOF occurred in violation of protocol (_ssl.c:2427))
[20:25:15] [ERR] Failed to check the state of sock (session id: cc440ff8-ef66-4cc1-bac7-0ad22b02f93b, error: SSLEOFError, message: EOF occurred in violation of protocol (_ssl.c:2427))
[20:25:25] [ERR] Failed to check the state of sock (session id: cc440ff8-ef66-4cc1-bac7-0ad22b02f93b, error: SSLError, message: [SSL: BAD_LENGTH] bad length (_ssl.c:2427))
[20:26:36] [ERR] Failed to check the state of sock (session id: ade2f143-46ce-4b9d-8d49-623613ed7786, error: SSLEOFError, message: EOF occurred in violation of protocol (_ssl.c:2427))
[20:26:46] [ERR] Failed to check the state of sock (session id: ade2f143-46ce-4b9d-8d49-623613ed7786, error: SSLEOFError, message: EOF occurred in violation of protocol (_ssl.c:2427))
[20:26:56] [ERR] Failed to check the state of sock (session id: ade2f143-46ce-4b9d-8d49-623613ed7786, error: SSLError, message: [SSL: BAD_LENGTH] bad length (_ssl.c:2427))
[20:27:06] [ERR] Failed to check the state of sock (session id: ade2f143-46ce-4b9d-8d49-623613ed7786, error: SSLError, message: [SSL: BAD_LENGTH] bad length (_ssl.c:2427))
[20:27:16] [ERR] Failed to check the state of sock (session id: ade2f143-46ce-4b9d-8d49-623613ed7786, error: SSLError, message: [SSL: BAD_LENGTH] bad length (_ssl.c:2427))
[20:28:37] [ERR] Failed to check the state of sock (session id: 82825b2b-ea96-4666-86de-2acbfcdaa872, error: SSLEOFError, message: EOF occurred in violation of protocol (_ssl.c:2427))
[20:28:47] [ERR] Failed to check the state of sock (session id: 82825b2b-ea96-4666-86de-2acbfcdaa872, error: SSLEOFError, message: EOF occurred in violation of protocol (_ssl.c:2427))
[20:28:57] [ERR] Failed to check the state of sock (session id: 82825b2b-ea96-4666-86de-2acbfcdaa872, error: SSLEOFError, message: EOF occurred in violation of protocol (_ssl.c:2427))
[20:29:07] [ERR] Failed to check the state of sock (session id: 82825b2b-ea96-4666-86de-2acbfcdaa872, error: SSLEOFError, message: EOF occurred in violation of protocol (_ssl.c:2427))
[20:29:17] [ERR] Failed to check the state of sock (session id: 82825b2b-ea96-4666-86de-2acbfcdaa872, error: SSLEOFError, message: EOF occurred in violation of protocol (_ssl.c:2427))
[20:30:18] [ERR] Failed to check the state of sock (session id: dc002e44-029c-4522-b551-3e5c4f5c66c0, error: SSLEOFError, message: EOF occurred in violation of protocol (_ssl.c:2427))
[20:30:28] [ERR] Failed to check the state of sock (session id: dc002e44-029c-4522-b551-3e5c4f5c66c0, error: SSLEOFError, message: EOF occurred in violation of protocol (_ssl.c:2427))
[20:30:38] [ERR] Failed to check the state of sock (session id: dc002e44-029c-4522-b551-3e5c4f5c66c0, error: SSLEOFError, message: EOF occurred in violation of protocol (_ssl.c:2427))
[20:30:48] [ERR] Failed to check the state of sock (session id: dc002e44-029c-4522-b551-3e5c4f5c66c0, error: SSLEOFError, message: EOF occurred in violation of protocol (_ssl.c:2427))
[20:30:58] [ERR] Failed to check the state of sock (session id: dc002e44-029c-4522-b551-3e5c4f5c66c0, error: SSLEOFError, message: EOF occurred in violation of protocol (_ssl.c:2427))
[20:31:59] [ERR] Failed to check the state of sock (session id: 7641bc64-a92a-4909-8374-be09d9831573, error: SSLEOFError, message: EOF occurred in violation of protocol (_ssl.c:2427))
[20:32:09] [ERR] Failed to check the state of sock (session id: 7641bc64-a92a-4909-8374-be09d9831573, error: SSLEOFError, message: EOF occurred in violation of protocol (_ssl.c:2427))
[20:32:19] [ERR] Failed to check the state of sock (session id: 7641bc64-a92a-4909-8374-be09d9831573, error: SSLEOFError, message: EOF occurred in violation of protocol (_ssl.c:2427))
[20:32:29] [ERR] Failed to check the state of sock (session id: 7641bc64-a92a-4909-8374-be09d9831573, error: SSLEOFError, message: EOF occurred in violation of protocol (_ssl.c:2427))
[20:32:40] [ERR] Failed to check the state of sock (session id: 7641bc64-a92a-4909-8374-be09d9831573, error: SSLEOFError, message: EOF occurred in violation of protocol (_ssl.c:2427))
[20:33:41] [ERR] Failed to check the state of sock (session id: 581bc46c-d98f-42c1-b6fc-96af2ddf35e7, error: SSLEOFError, message: EOF occurred in violation of protocol (_ssl.c:2427))
[20:33:51] [ERR] Failed to check the state of sock (session id: 581bc46c-d98f-42c1-b6fc-96af2ddf35e7, error: SSLEOFError, message: EOF occurred in violation of protocol (_ssl.c:2427))
[20:34:01] [ERR] Failed to check the state of sock (session id: 581bc46c-d98f-42c1-b6fc-96af2ddf35e7, error: SSLError, message: [SSL: BAD_LENGTH] bad length (_ssl.c:2427))
[20:34:11] [ERR] Failed to check the state of sock (session id: 581bc46c-d98f-42c1-b6fc-96af2ddf35e7, error: SSLEOFError, message: EOF occurred in violation of protocol (_ssl.c:2427))
[20:34:21] [ERR] Failed to check the state of sock (session id: 581bc46c-d98f-42c1-b6fc-96af2ddf35e7, error: SSLEOFError, message: EOF occurred in violation of protocol (_ssl.c:2427))
[20:35:52] [ERR] Failed to check the state of sock (session id: e815f9ee-ef32-4424-b27d-6b8ccebb801b, error: SSLEOFError, message: EOF occurred in violation of protocol (_ssl.c:2427))
[20:36:02] [ERR] Failed to check the state of sock (session id: e815f9ee-ef32-4424-b27d-6b8ccebb801b, error: SSLEOFError, message: EOF occurred in violation of protocol (_ssl.c:2427))
[20:36:12] [ERR] Failed to check the state of sock (session id: e815f9ee-ef32-4424-b27d-6b8ccebb801b, error: SSLEOFError, message: EOF occurred in violation of protocol (_ssl.c:2427))
[20:36:22] [ERR] Failed to check the state of sock (session id: e815f9ee-ef32-4424-b27d-6b8ccebb801b, error: SSLEOFError, message: EOF occurred in violation of protocol (_ssl.c:2427))
[20:36:32] [ERR] Failed to check the state of sock (session id: e815f9ee-ef32-4424-b27d-6b8ccebb801b, error: SSLEOFError, message: EOF occurred in violation of protocol (_ssl.c:2427))
[20:37:33] [ERR] Failed to check the state of sock (session id: 237d701b-803d-4a71-ba34-ebd2d33644b2, error: SSLEOFError, message: EOF occurred in violation of protocol (_ssl.c:2427))
[20:37:43] [ERR] Failed to check the state of sock (session id: 237d701b-803d-4a71-ba34-ebd2d33644b2, error: SSLEOFError, message: EOF occurred in violation of protocol (_ssl.c:2427))
[20:37:53] [ERR] Failed to check the state of sock (session id: 237d701b-803d-4a71-ba34-ebd2d33644b2, error: SSLEOFError, message: EOF occurred in violation of protocol (_ssl.c:2427))
[20:38:03] [ERR] Failed to check the state of sock (session id: 237d701b-803d-4a71-ba34-ebd2d33644b2, error: SSLEOFError, message: EOF occurred in violation of protocol (_ssl.c:2427))
[20:38:13] [ERR] Failed to check the state of sock (session id: 237d701b-803d-4a71-ba34-ebd2d33644b2, error: SSLEOFError, message: EOF occurred in violation of protocol (_ssl.c:2427))
[20:39:14] [ERR] Failed to check the state of sock (session id: e0e13885-2186-479b-9cc0-fec7b9d53aeb, error: SSLEOFError, message: EOF occurred in violation of protocol (_ssl.c:2427))
[20:39:24] [ERR] Failed to check the state of sock (session id: e0e13885-2186-479b-9cc0-fec7b9d53aeb, error: SSLError, message: [SSL: BAD_LENGTH] bad length (_ssl.c:2427))
[20:39:34] [ERR] Failed to check the state of sock (session id: e0e13885-2186-479b-9cc0-fec7b9d53aeb, error: SSLEOFError, message: EOF occurred in violation of protocol (_ssl.c:2427))
[20:39:44] [ERR] Failed to check the state of sock (session id: e0e13885-2186-479b-9cc0-fec7b9d53aeb, error: SSLEOFError, message: EOF occurred in violation of protocol (_ssl.c:2427))
[20:39:54] [ERR] Failed to check the state of sock (session id: e0e13885-2186-479b-9cc0-fec7b9d53aeb, error: SSLEOFError, message: EOF occurred in violation of protocol (_ssl.c:2427))
[20:40:56] [ERR] Failed to check the state of sock (session id: a8492d3b-30d8-4ab6-b06f-464d06e4da10, error: SSLEOFError, message: EOF occurred in violation of protocol (_ssl.c:2427))
[20:41:06] [ERR] Failed to check the state of sock (session id: a8492d3b-30d8-4ab6-b06f-464d06e4da10, error: SSLEOFError, message: EOF occurred in violation of protocol (_ssl.c:2427))
[20:41:16] [ERR] Failed to check the state of sock (session id: a8492d3b-30d8-4ab6-b06f-464d06e4da10, error: SSLEOFError, message: EOF occurred in violation of protocol (_ssl.c:2427))
[20:41:26] [ERR] Failed to check the state of sock (session id: a8492d3b-30d8-4ab6-b06f-464d06e4da10, error: SSLEOFError, message: EOF occurred in violation of protocol (_ssl.c:2427))
[20:41:36] [ERR] Failed to check the state of sock (session id: a8492d3b-30d8-4ab6-b06f-464d06e4da10, error: SSLEOFError, message: EOF occurred in violation of protocol (_ssl.c:2427))
[20:42:57] [ERR] Failed to check the state of sock (session id: 02225d83-3efe-4459-b6c6-b2a0affefcdf, error: SSLEOFError, message: EOF occurred in violation of protocol (_ssl.c:2427))
[20:43:07] [ERR] Failed to check the state of sock (session id: 02225d83-3efe-4459-b6c6-b2a0affefcdf, error: SSLEOFError, message: EOF occurred in violation of protocol (_ssl.c:2427))
[20:43:17] [ERR] Failed to check the state of sock (session id: 02225d83-3efe-4459-b6c6-b2a0affefcdf, error: SSLEOFError, message: EOF occurred in violation of protocol (_ssl.c:2427))
[20:43:27] [ERR] Failed to check the state of sock (session id: 02225d83-3efe-4459-b6c6-b2a0affefcdf, error: SSLEOFError, message: EOF occurred in violation of protocol (_ssl.c:2427))
[20:43:37] [ERR] Failed to check the state of sock (session id: 02225d83-3efe-4459-b6c6-b2a0affefcdf, error: SSLEOFError, message: EOF occurred in violation of protocol (_ssl.c:2427))
[20:44:58] [ERR] Failed to check the state of sock (session id: 4bf18b86-fd06-49fb-8fbb-a91ed6fe60a3, error: SSLEOFError, message: EOF occurred in violation of protocol (_ssl.c:2427))
[20:45:08] [ERR] Failed to check the state of sock (session id: 4bf18b86-fd06-49fb-8fbb-a91ed6fe60a3, error: SSLError, message: [SSL: BAD_LENGTH] bad length (_ssl.c:2427))
[20:45:18] [ERR] Failed to check the state of sock (session id: 4bf18b86-fd06-49fb-8fbb-a91ed6fe60a3, error: SSLEOFError, message: EOF occurred in violation of protocol (_ssl.c:2427))
[20:45:28] [ERR] Failed to check the state of sock (session id: 4bf18b86-fd06-49fb-8fbb-a91ed6fe60a3, error: SSLError, message: [SSL: BAD_LENGTH] bad length (_ssl.c:2427))
[20:45:38] [ERR] Failed to check the state of sock (session id: 4bf18b86-fd06-49fb-8fbb-a91ed6fe60a3, error: SSLEOFError, message: EOF occurred in violation of protocol (_ssl.c:2427))
[20:46:59] [ERR] Failed to check the state of sock (session id: 01ffb3e8-e767-44b0-9604-b59f2645306f, error: SSLEOFError, message: EOF occurred in violation of protocol (_ssl.c:2427))
[20:47:09] [ERR] Failed to check the state of sock (session id: 01ffb3e8-e767-44b0-9604-b59f2645306f, error: SSLEOFError, message: EOF occurred in violation of protocol (_ssl.c:2427))
[20:47:19] [ERR] Failed to check the state of sock (session id: 01ffb3e8-e767-44b0-9604-b59f2645306f, error: SSLEOFError, message: EOF occurred in violation of protocol (_ssl.c:2427))
[20:47:29] [ERR] Failed to check the state of sock (session id: 01ffb3e8-e767-44b0-9604-b59f2645306f, error: SSLEOFError, message: EOF occurred in violation of protocol (_ssl.c:2427))
[20:47:39] [ERR] Failed to check the state of sock (session id: 01ffb3e8-e767-44b0-9604-b59f2645306f, error: SSLEOFError, message: EOF occurred in violation of protocol (_ssl.c:2427))
[20:48:40] [ERR] Failed to check the state of sock (session id: 7ceacf07-2ae9-4a27-b036-3e89db5fa9a2, error: SSLEOFError, message: EOF occurred in violation of protocol (_ssl.c:2427))
[20:48:50] [ERR] Failed to check the state of sock (session id: 7ceacf07-2ae9-4a27-b036-3e89db5fa9a2, error: SSLEOFError, message: EOF occurred in violation of protocol (_ssl.c:2427))
[20:49:00] [ERR] Failed to check the state of sock (session id: 7ceacf07-2ae9-4a27-b036-3e89db5fa9a2, error: SSLEOFError, message: EOF occurred in violation of protocol (_ssl.c:2427))
[20:49:10] [ERR] Failed to check the state of sock (session id: 7ceacf07-2ae9-4a27-b036-3e89db5fa9a2, error: SSLEOFError, message: EOF occurred in violation of protocol (_ssl.c:2427))
[20:49:20] [ERR] Failed to check the state of sock (session id: 7ceacf07-2ae9-4a27-b036-3e89db5fa9a2, error: SSLError, message: [SSL: BAD_LENGTH] bad length (_ssl.c:2427))
[20:50:51] [ERR] Failed to check the state of sock (session id: 5531f2cf-5353-4b0c-a11c-12d9f200d0ae, error: SSLEOFError, message: EOF occurred in violation of protocol (_ssl.c:2427))
[20:51:01] [ERR] Failed to check the state of sock (session id: 5531f2cf-5353-4b0c-a11c-12d9f200d0ae, error: SSLError, message: [SSL: BAD_LENGTH] bad length (_ssl.c:2427))
[20:51:11] [ERR] Failed to check the state of sock (session id: 5531f2cf-5353-4b0c-a11c-12d9f200d0ae, error: SSLEOFError, message: EOF occurred in violation of protocol (_ssl.c:2427))
[20:51:21] [ERR] Failed to check the state of sock (session id: 5531f2cf-5353-4b0c-a11c-12d9f200d0ae, error: SSLEOFError, message: EOF occurred in violation of protocol (_ssl.c:2427))
[20:51:31] [ERR] Failed to check the state of sock (session id: 5531f2cf-5353-4b0c-a11c-12d9f200d0ae, error: SSLEOFError, message: EOF occurred in violation of protocol (_ssl.c:2427))
[20:53:02] [ERR] Failed to check the state of sock (session id: 21d002e8-7681-445d-80b2-ad13a2d88e9c, error: SSLEOFError, message: EOF occurred in violation of protocol (_ssl.c:2427))
[20:53:12] [ERR] Failed to check the state of sock (session id: 21d002e8-7681-445d-80b2-ad13a2d88e9c, error: SSLEOFError, message: EOF occurred in violation of protocol (_ssl.c:2427))
[20:53:22] [ERR] Failed to check the state of sock (session id: 21d002e8-7681-445d-80b2-ad13a2d88e9c, error: SSLEOFError, message: EOF occurred in violation of protocol (_ssl.c:2427))
[20:53:32] [ERR] Failed to check the state of sock (session id: 21d002e8-7681-445d-80b2-ad13a2d88e9c, error: SSLEOFError, message: EOF occurred in violation of protocol (_ssl.c:2427))
[20:53:42] [ERR] Failed to check the state of sock (session id: 21d002e8-7681-445d-80b2-ad13a2d88e9c, error: SSLEOFError, message: EOF occurred in violation of protocol (_ssl.c:2427))
[20:54:43] [ERR] Failed to check the state of sock (session id: b4dc6eec-93bf-4c44-87f7-0541c908a024, error: SSLEOFError, message: EOF occurred in violation of protocol (_ssl.c:2427))
[20:54:53] [ERR] Failed to check the state of sock (session id: b4dc6eec-93bf-4c44-87f7-0541c908a024, error: SSLEOFError, message: EOF occurred in violation of protocol (_ssl.c:2427))
[20:55:03] [ERR] Failed to check the state of sock (session id: b4dc6eec-93bf-4c44-87f7-0541c908a024, error: SSLEOFError, message: EOF occurred in violation of protocol (_ssl.c:2427))
[20:55:13] [ERR] Failed to check the state of sock (session id: b4dc6eec-93bf-4c44-87f7-0541c908a024, error: SSLEOFError, message: EOF occurred in violation of protocol (_ssl.c:2427))
[20:55:23] [ERR] Failed to check the state of sock (session id: b4dc6eec-93bf-4c44-87f7-0541c908a024, error: SSLEOFError, message: EOF occurred in violation of protocol (_ssl.c:2427))
[20:56:54] [ERR] Failed to check the state of sock (session id: a18d3c4a-4c08-4233-ae8d-7e91663d2aac, error: SSLEOFError, message: EOF occurred in violation of protocol (_ssl.c:2427))
[20:57:04] [ERR] Failed to check the state of sock (session id: a18d3c4a-4c08-4233-ae8d-7e91663d2aac, error: SSLEOFError, message: EOF occurred in violation of protocol (_ssl.c:2427))
[20:57:14] [ERR] Failed to check the state of sock (session id: a18d3c4a-4c08-4233-ae8d-7e91663d2aac, error: SSLEOFError, message: EOF occurred in violation of protocol (_ssl.c:2427))
[20:57:24] [ERR] Failed to check the state of sock (session id: a18d3c4a-4c08-4233-ae8d-7e91663d2aac, error: SSLEOFError, message: EOF occurred in violation of protocol (_ssl.c:2427))
[20:57:34] [ERR] Failed to check the state of sock (session id: a18d3c4a-4c08-4233-ae8d-7e91663d2aac, error: SSLEOFError, message: EOF occurred in violation of protocol (_ssl.c:2427))
[20:58:26] [ERR] Failed to check the state of sock (session id: 2ff9c161-009c-4b24-957d-ec0c4c80e80b, error: SSLEOFError, message: EOF occurred in violation of protocol (_ssl.c:2427))
[20:58:36] [ERR] Failed to check the state of sock (session id: 2ff9c161-009c-4b24-957d-ec0c4c80e80b, error: SSLEOFError, message: EOF occurred in violation of protocol (_ssl.c:2427))
[20:58:46] [ERR] Failed to check the state of sock (session id: 2ff9c161-009c-4b24-957d-ec0c4c80e80b, error: SSLEOFError, message: EOF occurred in violation of protocol (_ssl.c:2427))
[20:58:56] [ERR] Failed to check the state of sock (session id: 2ff9c161-009c-4b24-957d-ec0c4c80e80b, error: SSLError, message: [SSL: BAD_LENGTH] bad length (_ssl.c:2427))
[20:59:06] [ERR] Failed to check the state of sock (session id: 2ff9c161-009c-4b24-957d-ec0c4c80e80b, error: SSLEOFError, message: EOF occurred in violation of protocol (_ssl.c:2427))
[21:00:37] [ERR] Failed to check the state of sock (session id: c0ba84f0-abe6-4a00-90b0-1fbdced224a8, error: SSLEOFError, message: EOF occurred in violation of protocol (_ssl.c:2427))
[21:00:47] [ERR] Failed to check the state of sock (session id: c0ba84f0-abe6-4a00-90b0-1fbdced224a8, error: SSLEOFError, message: EOF occurred in violation of protocol (_ssl.c:2427))
[21:00:57] [ERR] Failed to check the state of sock (session id: c0ba84f0-abe6-4a00-90b0-1fbdced224a8, error: SSLEOFError, message: EOF occurred in violation of protocol (_ssl.c:2427))
[21:01:07] [ERR] Failed to check the state of sock (session id: c0ba84f0-abe6-4a00-90b0-1fbdced224a8, error: SSLEOFError, message: EOF occurred in violation of protocol (_ssl.c:2427))
[21:01:17] [ERR] Failed to check the state of sock (session id: c0ba84f0-abe6-4a00-90b0-1fbdced224a8, error: SSLEOFError, message: EOF occurred in violation of protocol (_ssl.c:2427))
[21:02:39] [ERR] Failed to check the state of sock (session id: 911fd136-841b-432a-994c-a829ddcf2997, error: SSLEOFError, message: EOF occurred in violation of protocol (_ssl.c:2427))
[21:02:49] [ERR] Failed to check the state of sock (session id: 911fd136-841b-432a-994c-a829ddcf2997, error: SSLEOFError, message: EOF occurred in violation of protocol (_ssl.c:2427))
[21:02:59] [ERR] Failed to check the state of sock (session id: 911fd136-841b-432a-994c-a829ddcf2997, error: SSLEOFError, message: EOF occurred in violation of protocol (_ssl.c:2427))
[21:03:09] [ERR] Failed to check the state of sock (session id: 911fd136-841b-432a-994c-a829ddcf2997, error: SSLEOFError, message: EOF occurred in violation of protocol (_ssl.c:2427))
[21:03:19] [ERR] Failed to check the state of sock (session id: 911fd136-841b-432a-994c-a829ddcf2997, error: SSLEOFError, message: EOF occurred in violation of protocol (_ssl.c:2427))
[21:04:20] [ERR] Failed to check the state of sock (session id: eefa6a00-7aa6-4c7c-b5c4-37160f8539ea, error: SSLEOFError, message: EOF occurred in violation of protocol (_ssl.c:2427))
[21:04:30] [ERR] Failed to check the state of sock (session id: eefa6a00-7aa6-4c7c-b5c4-37160f8539ea, error: SSLError, message: [SSL: BAD_LENGTH] bad length (_ssl.c:2427))
[21:04:40] [ERR] Failed to check the state of sock (session id: eefa6a00-7aa6-4c7c-b5c4-37160f8539ea, error: SSLEOFError, message: EOF occurred in violation of protocol (_ssl.c:2427))
[21:04:50] [ERR] Failed to check the state of sock (session id: eefa6a00-7aa6-4c7c-b5c4-37160f8539ea, error: SSLEOFError, message: EOF occurred in violation of protocol (_ssl.c:2427))
[21:05:00] [ERR] Failed to check the state of sock (session id: eefa6a00-7aa6-4c7c-b5c4-37160f8539ea, error: SSLEOFError, message: EOF occurred in violation of protocol (_ssl.c:2427))
[21:06:01] [ERR] Failed to check the state of sock (session id: e44478a5-b313-4515-9295-45ddb4e5cfd5, error: SSLEOFError, message: EOF occurred in violation of protocol (_ssl.c:2427))
[21:06:11] [ERR] Failed to check the state of sock (session id: e44478a5-b313-4515-9295-45ddb4e5cfd5, error: SSLEOFError, message: EOF occurred in violation of protocol (_ssl.c:2427))
[21:06:21] [ERR] Failed to check the state of sock (session id: e44478a5-b313-4515-9295-45ddb4e5cfd5, error: SSLEOFError, message: EOF occurred in violation of protocol (_ssl.c:2427))
[21:06:31] [ERR] Failed to check the state of sock (session id: e44478a5-b313-4515-9295-45ddb4e5cfd5, error: SSLEOFError, message: EOF occurred in violation of protocol (_ssl.c:2427))
[21:06:41] [ERR] Failed to check the state of sock (session id: e44478a5-b313-4515-9295-45ddb4e5cfd5, error: SSLEOFError, message: EOF occurred in violation of protocol (_ssl.c:2427))
[21:07:42] [ERR] Failed to check the state of sock (session id: 11e69df4-d37c-4b02-b56c-469277aa634d, error: SSLEOFError, message: EOF occurred in violation of protocol (_ssl.c:2427))
[21:07:52] [ERR] Failed to check the state of sock (session id: 11e69df4-d37c-4b02-b56c-469277aa634d, error: SSLEOFError, message: EOF occurred in violation of protocol (_ssl.c:2427))
[21:08:02] [ERR] Failed to check the state of sock (session id: 11e69df4-d37c-4b02-b56c-469277aa634d, error: SSLEOFError, message: EOF occurred in violation of protocol (_ssl.c:2427))
[21:08:12] [ERR] Failed to check the state of sock (session id: 11e69df4-d37c-4b02-b56c-469277aa634d, error: SSLEOFError, message: EOF occurred in violation of protocol (_ssl.c:2427))
[21:08:22] [ERR] Failed to check the state of sock (session id: 11e69df4-d37c-4b02-b56c-469277aa634d, error: SSLEOFError, message: EOF occurred in violation of protocol (_ssl.c:2427))
[21:09:23] [ERR] Failed to check the state of sock (session id: ccdb6a9e-609b-412c-b677-27816580a008, error: SSLEOFError, message: EOF occurred in violation of protocol (_ssl.c:2427))
[21:09:33] [ERR] Failed to check the state of sock (session id: ccdb6a9e-609b-412c-b677-27816580a008, error: SSLEOFError, message: EOF occurred in violation of protocol (_ssl.c:2427))
[21:09:43] [ERR] Failed to check the state of sock (session id: ccdb6a9e-609b-412c-b677-27816580a008, error: SSLError, message: [SSL: BAD_LENGTH] bad length (_ssl.c:2427))
[21:09:53] [ERR] Failed to check the state of sock (session id: ccdb6a9e-609b-412c-b677-27816580a008, error: SSLError, message: [SSL: BAD_LENGTH] bad length (_ssl.c:2427))
[21:10:03] [ERR] Failed to check the state of sock (session id: ccdb6a9e-609b-412c-b677-27816580a008, error: SSLEOFError, message: EOF occurred in violation of protocol (_ssl.c:2427))
[21:11:04] [ERR] Failed to check the state of sock (session id: c7891622-b143-47eb-a572-093fc7a15536, error: SSLEOFError, message: EOF occurred in violation of protocol (_ssl.c:2427))
[21:11:14] [ERR] Failed to check the state of sock (session id: c7891622-b143-47eb-a572-093fc7a15536, error: SSLEOFError, message: EOF occurred in violation of protocol (_ssl.c:2427))
[21:11:24] [ERR] Failed to check the state of sock (session id: c7891622-b143-47eb-a572-093fc7a15536, error: SSLEOFError, message: EOF occurred in violation of protocol (_ssl.c:2427))
[21:11:34] [ERR] Failed to check the state of sock (session id: c7891622-b143-47eb-a572-093fc7a15536, error: SSLEOFError, message: EOF occurred in violation of protocol (_ssl.c:2427))
[21:11:44] [ERR] Failed to check the state of sock (session id: c7891622-b143-47eb-a572-093fc7a15536, error: SSLEOFError, message: EOF occurred in violation of protocol (_ssl.c:2427))
[21:13:15] [ERR] Failed to check the state of sock (session id: 515ca04e-8f38-47cf-bb78-af3671399d8e, error: SSLEOFError, message: EOF occurred in violation of protocol (_ssl.c:2427))
[21:13:25] [ERR] Failed to check the state of sock (session id: 515ca04e-8f38-47cf-bb78-af3671399d8e, error: SSLEOFError, message: EOF occurred in violation of protocol (_ssl.c:2427))
[21:13:35] [ERR] Failed to check the state of sock (session id: 515ca04e-8f38-47cf-bb78-af3671399d8e, error: SSLEOFError, message: EOF occurred in violation of protocol (_ssl.c:2427))
[21:13:45] [ERR] Failed to check the state of sock (session id: 515ca04e-8f38-47cf-bb78-af3671399d8e, error: SSLEOFError, message: EOF occurred in violation of protocol (_ssl.c:2427))
[21:13:55] [ERR] Failed to check the state of sock (session id: 515ca04e-8f38-47cf-bb78-af3671399d8e, error: SSLEOFError, message: EOF occurred in violation of protocol (_ssl.c:2427))
[21:15:17] [ERR] Failed to check the state of sock (session id: 0ce2272c-a611-4745-a2e0-5f8c6eb0f9bb, error: SSLEOFError, message: EOF occurred in violation of protocol (_ssl.c:2427))
[21:15:27] [ERR] Failed to check the state of sock (session id: 0ce2272c-a611-4745-a2e0-5f8c6eb0f9bb, error: SSLError, message: [SSL: BAD_LENGTH] bad length (_ssl.c:2427))
[21:15:37] [ERR] Failed to check the state of sock (session id: 0ce2272c-a611-4745-a2e0-5f8c6eb0f9bb, error: SSLEOFError, message: EOF occurred in violation of protocol (_ssl.c:2427))
[21:15:47] [ERR] Failed to check the state of sock (session id: 0ce2272c-a611-4745-a2e0-5f8c6eb0f9bb, error: SSLEOFError, message: EOF occurred in violation of protocol (_ssl.c:2427))
[21:15:57] [ERR] Failed to check the state of sock (session id: 0ce2272c-a611-4745-a2e0-5f8c6eb0f9bb, error: SSLEOFError, message: EOF occurred in violation of protocol (_ssl.c:2427))
[21:16:58] [ERR] Failed to check the state of sock (session id: 55c6b7ac-c9f3-4ddc-8abd-325d0bbd7896, error: SSLEOFError, message: EOF occurred in violation of protocol (_ssl.c:2427))
[21:17:08] [ERR] Failed to check the state of sock (session id: 55c6b7ac-c9f3-4ddc-8abd-325d0bbd7896, error: SSLError, message: [SSL: BAD_LENGTH] bad length (_ssl.c:2427))
[21:17:18] [ERR] Failed to check the state of sock (session id: 55c6b7ac-c9f3-4ddc-8abd-325d0bbd7896, error: SSLEOFError, message: EOF occurred in violation of protocol (_ssl.c:2427))
[21:17:28] [ERR] Failed to check the state of sock (session id: 55c6b7ac-c9f3-4ddc-8abd-325d0bbd7896, error: SSLError, message: [SSL: BAD_LENGTH] bad length (_ssl.c:2427))
[21:17:38] [ERR] Failed to check the state of sock (session id: 55c6b7ac-c9f3-4ddc-8abd-325d0bbd7896, error: SSLEOFError, message: EOF occurred in violation of protocol (_ssl.c:2427))
[21:18:39] [ERR] Failed to check the state of sock (session id: 07cd782b-d898-4fda-8957-c87ac31a1871, error: SSLEOFError, message: EOF occurred in violation of protocol (_ssl.c:2427))
[21:18:49] [ERR] Failed to check the state of sock (session id: 07cd782b-d898-4fda-8957-c87ac31a1871, error: SSLEOFError, message: EOF occurred in violation of protocol (_ssl.c:2427))
[21:18:59] [ERR] Failed to check the state of sock (session id: 07cd782b-d898-4fda-8957-c87ac31a1871, error: SSLEOFError, message: EOF occurred in violation of protocol (_ssl.c:2427))
[21:19:09] [ERR] Failed to check the state of sock (session id: 07cd782b-d898-4fda-8957-c87ac31a1871, error: SSLEOFError, message: EOF occurred in violation of protocol (_ssl.c:2427))
[21:19:19] [ERR] Failed to check the state of sock (session id: 07cd782b-d898-4fda-8957-c87ac31a1871, error: SSLEOFError, message: EOF occurred in violation of protocol (_ssl.c:2427))
[21:20:20] [ERR] Failed to check the state of sock (session id: f3ffcd0f-6f2d-4017-bdc4-c91f54c5005e, error: SSLEOFError, message: EOF occurred in violation of protocol (_ssl.c:2427))
[21:20:30] [ERR] Failed to check the state of sock (session id: f3ffcd0f-6f2d-4017-bdc4-c91f54c5005e, error: SSLError, message: [SSL: BAD_LENGTH] bad length (_ssl.c:2427))
[21:20:40] [ERR] Failed to check the state of sock (session id: f3ffcd0f-6f2d-4017-bdc4-c91f54c5005e, error: SSLEOFError, message: EOF occurred in violation of protocol (_ssl.c:2427))
[21:20:50] [ERR] Failed to check the state of sock (session id: f3ffcd0f-6f2d-4017-bdc4-c91f54c5005e, error: SSLEOFError, message: EOF occurred in violation of protocol (_ssl.c:2427))
[21:21:00] [ERR] Failed to check the state of sock (session id: f3ffcd0f-6f2d-4017-bdc4-c91f54c5005e, error: SSLEOFError, message: EOF occurred in violation of protocol (_ssl.c:2427))
[21:22:11] [ERR] Failed to check the state of sock (session id: 895bde17-ea27-4e6d-9fdb-bd08387ea438, error: SSLEOFError, message: EOF occurred in violation of protocol (_ssl.c:2427))
[21:22:21] [ERR] Failed to check the state of sock (session id: 895bde17-ea27-4e6d-9fdb-bd08387ea438, error: SSLError, message: [SSL: BAD_LENGTH] bad length (_ssl.c:2427))
[21:22:31] [ERR] Failed to check the state of sock (session id: 895bde17-ea27-4e6d-9fdb-bd08387ea438, error: SSLEOFError, message: EOF occurred in violation of protocol (_ssl.c:2427))
[21:22:41] [ERR] Failed to check the state of sock (session id: 895bde17-ea27-4e6d-9fdb-bd08387ea438, error: SSLEOFError, message: EOF occurred in violation of protocol (_ssl.c:2427))
[21:22:51] [ERR] Failed to check the state of sock (session id: 895bde17-ea27-4e6d-9fdb-bd08387ea438, error: SSLEOFError, message: EOF occurred in violation of protocol (_ssl.c:2427))
[21:23:42] [ERR] Failed to check the state of sock (session id: 9a10227f-e08c-4f7a-b269-9df074c5bc68, error: SSLEOFError, message: EOF occurred in violation of protocol (_ssl.c:2427))
[21:23:52] [ERR] Failed to check the state of sock (session id: 9a10227f-e08c-4f7a-b269-9df074c5bc68, error: SSLEOFError, message: EOF occurred in violation of protocol (_ssl.c:2427))
[21:24:02] [ERR] Failed to check the state of sock (session id: 9a10227f-e08c-4f7a-b269-9df074c5bc68, error: SSLEOFError, message: EOF occurred in violation of protocol (_ssl.c:2427))
[21:24:12] [ERR] Failed to check the state of sock (session id: 9a10227f-e08c-4f7a-b269-9df074c5bc68, error: SSLEOFError, message: EOF occurred in violation of protocol (_ssl.c:2427))
[21:24:22] [ERR] Failed to check the state of sock (session id: 9a10227f-e08c-4f7a-b269-9df074c5bc68, error: SSLEOFError, message: EOF occurred in violation of protocol (_ssl.c:2427))
[21:25:44] [ERR] Failed to check the state of sock (session id: 703cbe00-8a01-4d07-a409-1fee8059d206, error: SSLEOFError, message: EOF occurred in violation of protocol (_ssl.c:2427))
[21:25:54] [ERR] Failed to check the state of sock (session id: 703cbe00-8a01-4d07-a409-1fee8059d206, error: SSLEOFError, message: EOF occurred in violation of protocol (_ssl.c:2427))
[21:26:04] [ERR] Failed to check the state of sock (session id: 703cbe00-8a01-4d07-a409-1fee8059d206, error: SSLError, message: [SSL: BAD_LENGTH] bad length (_ssl.c:2427))
[21:26:14] [ERR] Failed to check the state of sock (session id: 703cbe00-8a01-4d07-a409-1fee8059d206, error: SSLEOFError, message: EOF occurred in violation of protocol (_ssl.c:2427))
[21:26:24] [ERR] Failed to check the state of sock (session id: 703cbe00-8a01-4d07-a409-1fee8059d206, error: SSLEOFError, message: EOF occurred in violation of protocol (_ssl.c:2427))
[21:27:55] [ERR] Failed to check the state of sock (session id: 221e5753-e83d-4ca6-a050-59c9120f91f7, error: SSLEOFError, message: EOF occurred in violation of protocol (_ssl.c:2427))
[21:28:05] [ERR] Failed to check the state of sock (session id: 221e5753-e83d-4ca6-a050-59c9120f91f7, error: SSLEOFError, message: EOF occurred in violation of protocol (_ssl.c:2427))
[21:28:15] [ERR] Failed to check the state of sock (session id: 221e5753-e83d-4ca6-a050-59c9120f91f7, error: SSLError, message: [SSL: BAD_LENGTH] bad length (_ssl.c:2427))
[21:28:25] [ERR] Failed to check the state of sock (session id: 221e5753-e83d-4ca6-a050-59c9120f91f7, error: SSLError, message: [SSL: BAD_LENGTH] bad length (_ssl.c:2427))
[21:28:35] [ERR] Failed to check the state of sock (session id: 221e5753-e83d-4ca6-a050-59c9120f91f7, error: SSLEOFError, message: EOF occurred in violation of protocol (_ssl.c:2427))
[21:29:36] [ERR] Failed to check the state of sock (session id: 4ded0a73-f1e8-419b-9b0a-aed0d3fc279c, error: SSLEOFError, message: EOF occurred in violation of protocol (_ssl.c:2427))
[21:29:46] [ERR] Failed to check the state of sock (session id: 4ded0a73-f1e8-419b-9b0a-aed0d3fc279c, error: SSLEOFError, message: EOF occurred in violation of protocol (_ssl.c:2427))
[21:29:56] [ERR] Failed to check the state of sock (session id: 4ded0a73-f1e8-419b-9b0a-aed0d3fc279c, error: SSLEOFError, message: EOF occurred in violation of protocol (_ssl.c:2427))
[21:30:06] [ERR] Failed to check the state of sock (session id: 4ded0a73-f1e8-419b-9b0a-aed0d3fc279c, error: SSLEOFError, message: EOF occurred in violation of protocol (_ssl.c:2427))
[21:30:16] [ERR] Failed to check the state of sock (session id: 4ded0a73-f1e8-419b-9b0a-aed0d3fc279c, error: SSLEOFError, message: EOF occurred in violation of protocol (_ssl.c:2427))
[21:31:27] [ERR] Failed to check the state of sock (session id: 006fd733-8249-45b5-ae6f-216f15834da2, error: SSLEOFError, message: EOF occurred in violation of protocol (_ssl.c:2427))
[21:31:37] [ERR] Failed to check the state of sock (session id: 006fd733-8249-45b5-ae6f-216f15834da2, error: SSLEOFError, message: EOF occurred in violation of protocol (_ssl.c:2427))
[21:31:47] [ERR] Failed to check the state of sock (session id: 006fd733-8249-45b5-ae6f-216f15834da2, error: SSLError, message: [SSL: BAD_LENGTH] bad length (_ssl.c:2427))
[21:31:57] [ERR] Failed to check the state of sock (session id: 006fd733-8249-45b5-ae6f-216f15834da2, error: SSLEOFError, message: EOF occurred in violation of protocol (_ssl.c:2427))
[21:32:07] [ERR] Failed to check the state of sock (session id: 006fd733-8249-45b5-ae6f-216f15834da2, error: SSLEOFError, message: EOF occurred in violation of protocol (_ssl.c:2427))
[21:33:28] [ERR] Failed to check the state of sock (session id: 2177544a-ee06-4b0b-8889-d03d2fd8fef9, error: SSLEOFError, message: EOF occurred in violation of protocol (_ssl.c:2427))
[21:33:38] [ERR] Failed to check the state of sock (session id: 2177544a-ee06-4b0b-8889-d03d2fd8fef9, error: SSLEOFError, message: EOF occurred in violation of protocol (_ssl.c:2427))
[21:33:48] [ERR] Failed to check the state of sock (session id: 2177544a-ee06-4b0b-8889-d03d2fd8fef9, error: SSLError, message: [SSL: BAD_LENGTH] bad length (_ssl.c:2427))
[21:33:58] [ERR] Failed to check the state of sock (session id: 2177544a-ee06-4b0b-8889-d03d2fd8fef9, error: SSLEOFError, message: EOF occurred in violation of protocol (_ssl.c:2427))
[21:34:08] [ERR] Failed to check the state of sock (session id: 2177544a-ee06-4b0b-8889-d03d2fd8fef9, error: SSLError, message: [SSL: BAD_LENGTH] bad length (_ssl.c:2427))
[21:35:29] [ERR] Failed to check the state of sock (session id: ead46b26-5ef8-49aa-a646-dd3f4a22c8df, error: SSLEOFError, message: EOF occurred in violation of protocol (_ssl.c:2427))
[21:35:39] [ERR] Failed to check the state of sock (session id: ead46b26-5ef8-49aa-a646-dd3f4a22c8df, error: SSLEOFError, message: EOF occurred in violation of protocol (_ssl.c:2427))
[21:35:49] [ERR] Failed to check the state of sock (session id: ead46b26-5ef8-49aa-a646-dd3f4a22c8df, error: SSLEOFError, message: EOF occurred in violation of protocol (_ssl.c:2427))
[21:35:59] [ERR] Failed to check the state of sock (session id: ead46b26-5ef8-49aa-a646-dd3f4a22c8df, error: SSLEOFError, message: EOF occurred in violation of protocol (_ssl.c:2427))
[21:36:09] [ERR] Failed to check the state of sock (session id: ead46b26-5ef8-49aa-a646-dd3f4a22c8df, error: SSLEOFError, message: EOF occurred in violation of protocol (_ssl.c:2427))
[21:37:10] [ERR] Failed to check the state of sock (session id: e650908f-3cb8-404a-9681-0dd2cdccc6b8, error: SSLEOFError, message: EOF occurred in violation of protocol (_ssl.c:2427))
[21:37:20] [ERR] Failed to check the state of sock (session id: e650908f-3cb8-404a-9681-0dd2cdccc6b8, error: SSLError, message: [SSL: BAD_LENGTH] bad length (_ssl.c:2427))
[21:37:30] [ERR] Failed to check the state of sock (session id: e650908f-3cb8-404a-9681-0dd2cdccc6b8, error: SSLEOFError, message: EOF occurred in violation of protocol (_ssl.c:2427))
[21:37:40] [ERR] Failed to check the state of sock (session id: e650908f-3cb8-404a-9681-0dd2cdccc6b8, error: SSLEOFError, message: EOF occurred in violation of protocol (_ssl.c:2427))
[21:37:50] [ERR] Failed to check the state of sock (session id: e650908f-3cb8-404a-9681-0dd2cdccc6b8, error: SSLEOFError, message: EOF occurred in violation of protocol (_ssl.c:2427))
[21:38:51] [ERR] Failed to check the state of sock (session id: 26dddcb4-b4ae-484a-892b-92f9a018c7e4, error: SSLEOFError, message: EOF occurred in violation of protocol (_ssl.c:2427))
[21:39:01] [ERR] Failed to check the state of sock (session id: 26dddcb4-b4ae-484a-892b-92f9a018c7e4, error: SSLEOFError, message: EOF occurred in violation of protocol (_ssl.c:2427))
[21:39:11] [ERR] Failed to check the state of sock (session id: 26dddcb4-b4ae-484a-892b-92f9a018c7e4, error: SSLError, message: [SSL: BAD_LENGTH] bad length (_ssl.c:2427))
[21:39:21] [ERR] Failed to check the state of sock (session id: 26dddcb4-b4ae-484a-892b-92f9a018c7e4, error: SSLEOFError, message: EOF occurred in violation of protocol (_ssl.c:2427))
[21:39:31] [ERR] Failed to check the state of sock (session id: 26dddcb4-b4ae-484a-892b-92f9a018c7e4, error: SSLEOFError, message: EOF occurred in violation of protocol (_ssl.c:2427))
[21:40:52] [ERR] Failed to check the state of sock (session id: 5b32f955-d5f4-4d3f-8d40-053b85a42586, error: SSLEOFError, message: EOF occurred in violation of protocol (_ssl.c:2427))
[21:41:02] [ERR] Failed to check the state of sock (session id: 5b32f955-d5f4-4d3f-8d40-053b85a42586, error: SSLError, message: [SSL: BAD_LENGTH] bad length (_ssl.c:2427))
[21:41:12] [ERR] Failed to check the state of sock (session id: 5b32f955-d5f4-4d3f-8d40-053b85a42586, error: SSLEOFError, message: EOF occurred in violation of protocol (_ssl.c:2427))
[21:41:22] [ERR] Failed to check the state of sock (session id: 5b32f955-d5f4-4d3f-8d40-053b85a42586, error: SSLError, message: [SSL: BAD_LENGTH] bad length (_ssl.c:2427))
[21:41:32] [ERR] Failed to check the state of sock (session id: 5b32f955-d5f4-4d3f-8d40-053b85a42586, error: SSLEOFError, message: EOF occurred in violation of protocol (_ssl.c:2427))
[21:42:33] [ERR] Failed to check the state of sock (session id: 1d1f13e3-19cd-428f-829a-48d2a79685bd, error: SSLEOFError, message: EOF occurred in violation of protocol (_ssl.c:2427))
[21:42:43] [ERR] Failed to check the state of sock (session id: 1d1f13e3-19cd-428f-829a-48d2a79685bd, error: SSLEOFError, message: EOF occurred in violation of protocol (_ssl.c:2427))
[21:42:53] [ERR] Failed to check the state of sock (session id: 1d1f13e3-19cd-428f-829a-48d2a79685bd, error: SSLEOFError, message: EOF occurred in violation of protocol (_ssl.c:2427))
[21:43:03] [ERR] Failed to check the state of sock (session id: 1d1f13e3-19cd-428f-829a-48d2a79685bd, error: SSLEOFError, message: EOF occurred in violation of protocol (_ssl.c:2427))
[21:43:13] [ERR] Failed to check the state of sock (session id: 1d1f13e3-19cd-428f-829a-48d2a79685bd, error: SSLEOFError, message: EOF occurred in violation of protocol (_ssl.c:2427))
[21:44:15] [ERR] Failed to check the state of sock (session id: 6267de12-5dbb-4dd2-8ccb-16635e63aa9c, error: SSLEOFError, message: EOF occurred in violation of protocol (_ssl.c:2427))
[21:44:25] [ERR] Failed to check the state of sock (session id: 6267de12-5dbb-4dd2-8ccb-16635e63aa9c, error: SSLEOFError, message: EOF occurred in violation of protocol (_ssl.c:2427))
[21:44:35] [ERR] Failed to check the state of sock (session id: 6267de12-5dbb-4dd2-8ccb-16635e63aa9c, error: SSLEOFError, message: EOF occurred in violation of protocol (_ssl.c:2427))
[21:44:45] [ERR] Failed to check the state of sock (session id: 6267de12-5dbb-4dd2-8ccb-16635e63aa9c, error: SSLEOFError, message: EOF occurred in violation of protocol (_ssl.c:2427))
[21:44:55] [ERR] Failed to check the state of sock (session id: 6267de12-5dbb-4dd2-8ccb-16635e63aa9c, error: SSLEOFError, message: EOF occurred in violation of protocol (_ssl.c:2427))
[21:45:56] [ERR] Failed to check the state of sock (session id: a49d3ebd-1509-4f85-8b17-f54c5884337a, error: SSLEOFError, message: EOF occurred in violation of protocol (_ssl.c:2427))
[21:46:06] [ERR] Failed to check the state of sock (session id: a49d3ebd-1509-4f85-8b17-f54c5884337a, error: SSLError, message: [SSL: BAD_LENGTH] bad length (_ssl.c:2427))
[21:46:16] [ERR] Failed to check the state of sock (session id: a49d3ebd-1509-4f85-8b17-f54c5884337a, error: SSLError, message: [SSL: BAD_LENGTH] bad length (_ssl.c:2427))
[21:46:26] [ERR] Failed to check the state of sock (session id: a49d3ebd-1509-4f85-8b17-f54c5884337a, error: SSLEOFError, message: EOF occurred in violation of protocol (_ssl.c:2427))
[21:46:36] [ERR] Failed to check the state of sock (session id: a49d3ebd-1509-4f85-8b17-f54c5884337a, error: SSLEOFError, message: EOF occurred in violation of protocol (_ssl.c:2427))
[21:47:57] [ERR] Failed to check the state of sock (session id: 3b12b157-7f0d-4a57-9ed3-9021aa55996e, error: SSLEOFError, message: EOF occurred in violation of protocol (_ssl.c:2427))
[21:48:07] [ERR] Failed to check the state of sock (session id: 3b12b157-7f0d-4a57-9ed3-9021aa55996e, error: SSLEOFError, message: EOF occurred in violation of protocol (_ssl.c:2427))
[21:48:17] [ERR] Failed to check the state of sock (session id: 3b12b157-7f0d-4a57-9ed3-9021aa55996e, error: SSLEOFError, message: EOF occurred in violation of protocol (_ssl.c:2427))
[21:48:27] [ERR] Failed to check the state of sock (session id: 3b12b157-7f0d-4a57-9ed3-9021aa55996e, error: SSLEOFError, message: EOF occurred in violation of protocol (_ssl.c:2427))
[21:48:37] [ERR] Failed to check the state of sock (session id: 3b12b157-7f0d-4a57-9ed3-9021aa55996e, error: SSLEOFError, message: EOF occurred in violation of protocol (_ssl.c:2427))
[21:49:38] [ERR] Failed to check the state of sock (session id: 3a6f4f90-8c57-43aa-9378-0d81d43d4572, error: SSLEOFError, message: EOF occurred in violation of protocol (_ssl.c:2427))
[21:49:48] [ERR] Failed to check the state of sock (session id: 3a6f4f90-8c57-43aa-9378-0d81d43d4572, error: SSLError, message: [SSL: BAD_LENGTH] bad length (_ssl.c:2427))
[21:49:58] [ERR] Failed to check the state of sock (session id: 3a6f4f90-8c57-43aa-9378-0d81d43d4572, error: SSLEOFError, message: EOF occurred in violation of protocol (_ssl.c:2427))
[21:50:08] [ERR] Failed to check the state of sock (session id: 3a6f4f90-8c57-43aa-9378-0d81d43d4572, error: SSLEOFError, message: EOF occurred in violation of protocol (_ssl.c:2427))
[21:50:18] [ERR] Failed to check the state of sock (session id: 3a6f4f90-8c57-43aa-9378-0d81d43d4572, error: SSLEOFError, message: EOF occurred in violation of protocol (_ssl.c:2427))
[21:51:29] [ERR] Failed to check the state of sock (session id: 36d93bb0-c6d7-4951-a4db-1a80e039f299, error: SSLEOFError, message: EOF occurred in violation of protocol (_ssl.c:2427))
[21:51:39] [ERR] Failed to check the state of sock (session id: 36d93bb0-c6d7-4951-a4db-1a80e039f299, error: SSLEOFError, message: EOF occurred in violation of protocol (_ssl.c:2427))
[21:51:49] [ERR] Failed to check the state of sock (session id: 36d93bb0-c6d7-4951-a4db-1a80e039f299, error: SSLError, message: [SSL: BAD_LENGTH] bad length (_ssl.c:2427))
[21:51:59] [ERR] Failed to check the state of sock (session id: 36d93bb0-c6d7-4951-a4db-1a80e039f299, error: SSLEOFError, message: EOF occurred in violation of protocol (_ssl.c:2427))
[21:52:09] [ERR] Failed to check the state of sock (session id: 36d93bb0-c6d7-4951-a4db-1a80e039f299, error: SSLError, message: [SSL: BAD_LENGTH] bad length (_ssl.c:2427))
[21:53:10] [ERR] Failed to check the state of sock (session id: 5a3bf75e-f1ad-4909-b18b-b2a88c1c1c4f, error: SSLEOFError, message: EOF occurred in violation of protocol (_ssl.c:2427))
[21:53:20] [ERR] Failed to check the state of sock (session id: 5a3bf75e-f1ad-4909-b18b-b2a88c1c1c4f, error: SSLEOFError, message: EOF occurred in violation of protocol (_ssl.c:2427))
[21:53:30] [ERR] Failed to check the state of sock (session id: 5a3bf75e-f1ad-4909-b18b-b2a88c1c1c4f, error: SSLEOFError, message: EOF occurred in violation of protocol (_ssl.c:2427))
[21:53:40] [ERR] Failed to check the state of sock (session id: 5a3bf75e-f1ad-4909-b18b-b2a88c1c1c4f, error: SSLEOFError, message: EOF occurred in violation of protocol (_ssl.c:2427))
[21:53:50] [ERR] Failed to check the state of sock (session id: 5a3bf75e-f1ad-4909-b18b-b2a88c1c1c4f, error: SSLEOFError, message: EOF occurred in violation of protocol (_ssl.c:2427))
[21:54:51] [ERR] Failed to check the state of sock (session id: 2a612734-7ca2-44c9-a142-43f3a1fd4d68, error: SSLEOFError, message: EOF occurred in violation of protocol (_ssl.c:2427))
[21:55:01] [ERR] Failed to check the state of sock (session id: 2a612734-7ca2-44c9-a142-43f3a1fd4d68, error: SSLError, message: [SSL: BAD_LENGTH] bad length (_ssl.c:2427))
[21:55:11] [ERR] Failed to check the state of sock (session id: 2a612734-7ca2-44c9-a142-43f3a1fd4d68, error: SSLEOFError, message: EOF occurred in violation of protocol (_ssl.c:2427))
[21:55:21] [ERR] Failed to check the state of sock (session id: 2a612734-7ca2-44c9-a142-43f3a1fd4d68, error: SSLEOFError, message: EOF occurred in violation of protocol (_ssl.c:2427))
[21:55:31] [ERR] Failed to check the state of sock (session id: 2a612734-7ca2-44c9-a142-43f3a1fd4d68, error: SSLEOFError, message: EOF occurred in violation of protocol (_ssl.c:2427))
[21:56:52] [ERR] Failed to check the state of sock (session id: 82bad07c-a6c0-4906-b461-0b912797894d, error: SSLEOFError, message: EOF occurred in violation of protocol (_ssl.c:2427))
[21:57:02] [ERR] Failed to check the state of sock (session id: 82bad07c-a6c0-4906-b461-0b912797894d, error: SSLEOFError, message: EOF occurred in violation of protocol (_ssl.c:2427))
[21:57:12] [ERR] Failed to check the state of sock (session id: 82bad07c-a6c0-4906-b461-0b912797894d, error: SSLEOFError, message: EOF occurred in violation of protocol (_ssl.c:2427))
[21:57:22] [ERR] Failed to check the state of sock (session id: 82bad07c-a6c0-4906-b461-0b912797894d, error: SSLEOFError, message: EOF occurred in violation of protocol (_ssl.c:2427))
[21:57:32] [ERR] Failed to check the state of sock (session id: 82bad07c-a6c0-4906-b461-0b912797894d, error: SSLEOFError, message: EOF occurred in violation of protocol (_ssl.c:2427))
[21:58:33] [ERR] Failed to check the state of sock (session id: dc3f3941-1c4e-438c-8e55-f75d3249afd5, error: SSLEOFError, message: EOF occurred in violation of protocol (_ssl.c:2427))
[21:58:43] [ERR] Failed to check the state of sock (session id: dc3f3941-1c4e-438c-8e55-f75d3249afd5, error: SSLEOFError, message: EOF occurred in violation of protocol (_ssl.c:2427))
[21:58:53] [ERR] Failed to check the state of sock (session id: dc3f3941-1c4e-438c-8e55-f75d3249afd5, error: SSLEOFError, message: EOF occurred in violation of protocol (_ssl.c:2427))
[21:59:03] [ERR] Failed to check the state of sock (session id: dc3f3941-1c4e-438c-8e55-f75d3249afd5, error: SSLEOFError, message: EOF occurred in violation of protocol (_ssl.c:2427))
[21:59:13] [ERR] Failed to check the state of sock (session id: dc3f3941-1c4e-438c-8e55-f75d3249afd5, error: SSLEOFError, message: EOF occurred in violation of protocol (_ssl.c:2427))
[22:00:04] [ERR] Failed to check the state of sock (session id: 862e9e94-4cf5-4af4-88a5-c63888c0af82, error: SSLEOFError, message: EOF occurred in violation of protocol (_ssl.c:2427))
[22:00:14] [ERR] Failed to check the state of sock (session id: 862e9e94-4cf5-4af4-88a5-c63888c0af82, error: SSLEOFError, message: EOF occurred in violation of protocol (_ssl.c:2427))
[22:00:24] [ERR] Failed to check the state of sock (session id: 862e9e94-4cf5-4af4-88a5-c63888c0af82, error: SSLEOFError, message: EOF occurred in violation of protocol (_ssl.c:2427))
[22:00:34] [ERR] Failed to check the state of sock (session id: 862e9e94-4cf5-4af4-88a5-c63888c0af82, error: SSLError, message: [SSL: BAD_LENGTH] bad length (_ssl.c:2427))
[22:00:44] [ERR] Failed to check the state of sock (session id: 862e9e94-4cf5-4af4-88a5-c63888c0af82, error: SSLError, message: [SSL: BAD_LENGTH] bad length (_ssl.c:2427))
[22:01:45] [ERR] Failed to check the state of sock (session id: 877bad8e-ed74-42cc-ac45-2bfdb6e856fb, error: SSLEOFError, message: EOF occurred in violation of protocol (_ssl.c:2427))
[22:01:55] [ERR] Failed to check the state of sock (session id: 877bad8e-ed74-42cc-ac45-2bfdb6e856fb, error: SSLEOFError, message: EOF occurred in violation of protocol (_ssl.c:2427))
[22:02:05] [ERR] Failed to check the state of sock (session id: 877bad8e-ed74-42cc-ac45-2bfdb6e856fb, error: SSLEOFError, message: EOF occurred in violation of protocol (_ssl.c:2427))
[22:02:15] [ERR] Failed to check the state of sock (session id: 877bad8e-ed74-42cc-ac45-2bfdb6e856fb, error: SSLError, message: [SSL: BAD_LENGTH] bad length (_ssl.c:2427))
[22:02:25] [ERR] Failed to check the state of sock (session id: 877bad8e-ed74-42cc-ac45-2bfdb6e856fb, error: SSLEOFError, message: EOF occurred in violation of protocol (_ssl.c:2427))
[22:03:47] [ERR] Failed to check the state of sock (session id: fd7260da-5d94-4f83-8746-c54f1c04ed46, error: SSLEOFError, message: EOF occurred in violation of protocol (_ssl.c:2427))
[22:03:57] [ERR] Failed to check the state of sock (session id: fd7260da-5d94-4f83-8746-c54f1c04ed46, error: SSLEOFError, message: EOF occurred in violation of protocol (_ssl.c:2427))
[22:04:07] [ERR] Failed to check the state of sock (session id: fd7260da-5d94-4f83-8746-c54f1c04ed46, error: SSLError, message: [SSL: BAD_LENGTH] bad length (_ssl.c:2427))
[22:04:17] [ERR] Failed to check the state of sock (session id: fd7260da-5d94-4f83-8746-c54f1c04ed46, error: SSLEOFError, message: EOF occurred in violation of protocol (_ssl.c:2427))
[22:04:27] [ERR] Failed to check the state of sock (session id: fd7260da-5d94-4f83-8746-c54f1c04ed46, error: SSLEOFError, message: EOF occurred in violation of protocol (_ssl.c:2427))
[22:05:28] [ERR] Failed to check the state of sock (session id: 08121646-40f2-4fe8-9f5c-09cc2beeef29, error: SSLEOFError, message: EOF occurred in violation of protocol (_ssl.c:2427))
[22:05:38] [ERR] Failed to check the state of sock (session id: 08121646-40f2-4fe8-9f5c-09cc2beeef29, error: SSLEOFError, message: EOF occurred in violation of protocol (_ssl.c:2427))
[22:05:48] [ERR] Failed to check the state of sock (session id: 08121646-40f2-4fe8-9f5c-09cc2beeef29, error: SSLError, message: [SSL: BAD_LENGTH] bad length (_ssl.c:2427))
[22:05:58] [ERR] Failed to check the state of sock (session id: 08121646-40f2-4fe8-9f5c-09cc2beeef29, error: SSLEOFError, message: EOF occurred in violation of protocol (_ssl.c:2427))
[22:06:08] [ERR] Failed to check the state of sock (session id: 08121646-40f2-4fe8-9f5c-09cc2beeef29, error: SSLEOFError, message: EOF occurred in violation of protocol (_ssl.c:2427))
[22:06:59] [ERR] Failed to check the state of sock (session id: e4982306-8dc8-4e75-8b99-69a35c6617df, error: SSLEOFError, message: EOF occurred in violation of protocol (_ssl.c:2427))
[22:07:09] [ERR] Failed to check the state of sock (session id: e4982306-8dc8-4e75-8b99-69a35c6617df, error: SSLEOFError, message: EOF occurred in violation of protocol (_ssl.c:2427))
[22:07:19] [ERR] Failed to check the state of sock (session id: e4982306-8dc8-4e75-8b99-69a35c6617df, error: SSLError, message: [SSL: BAD_LENGTH] bad length (_ssl.c:2427))
[22:07:29] [ERR] Failed to check the state of sock (session id: e4982306-8dc8-4e75-8b99-69a35c6617df, error: SSLEOFError, message: EOF occurred in violation of protocol (_ssl.c:2427))
[22:07:39] [ERR] Failed to check the state of sock (session id: e4982306-8dc8-4e75-8b99-69a35c6617df, error: SSLEOFError, message: EOF occurred in violation of protocol (_ssl.c:2427))
[22:09:00] [ERR] Failed to check the state of sock (session id: 6d6ac3fb-598d-4a63-8496-c2ac36e24c00, error: SSLEOFError, message: EOF occurred in violation of protocol (_ssl.c:2427))
[22:09:10] [ERR] Failed to check the state of sock (session id: 6d6ac3fb-598d-4a63-8496-c2ac36e24c00, error: SSLEOFError, message: EOF occurred in violation of protocol (_ssl.c:2427))
[22:09:20] [ERR] Failed to check the state of sock (session id: 6d6ac3fb-598d-4a63-8496-c2ac36e24c00, error: SSLEOFError, message: EOF occurred in violation of protocol (_ssl.c:2427))
[22:09:30] [ERR] Failed to check the state of sock (session id: 6d6ac3fb-598d-4a63-8496-c2ac36e24c00, error: SSLEOFError, message: EOF occurred in violation of protocol (_ssl.c:2427))
[22:09:40] [ERR] Failed to check the state of sock (session id: 6d6ac3fb-598d-4a63-8496-c2ac36e24c00, error: SSLEOFError, message: EOF occurred in violation of protocol (_ssl.c:2427))
[22:10:41] [ERR] Failed to check the state of sock (session id: d2c3297f-3f0b-4448-b994-a556f90bb5c2, error: SSLEOFError, message: EOF occurred in violation of protocol (_ssl.c:2427))
[22:10:51] [ERR] Failed to check the state of sock (session id: d2c3297f-3f0b-4448-b994-a556f90bb5c2, error: SSLEOFError, message: EOF occurred in violation of protocol (_ssl.c:2427))
[22:11:01] [ERR] Failed to check the state of sock (session id: d2c3297f-3f0b-4448-b994-a556f90bb5c2, error: SSLEOFError, message: EOF occurred in violation of protocol (_ssl.c:2427))
[22:11:11] [ERR] Failed to check the state of sock (session id: d2c3297f-3f0b-4448-b994-a556f90bb5c2, error: SSLEOFError, message: EOF occurred in violation of protocol (_ssl.c:2427))
[22:11:21] [ERR] Failed to check the state of sock (session id: d2c3297f-3f0b-4448-b994-a556f90bb5c2, error: SSLEOFError, message: EOF occurred in violation of protocol (_ssl.c:2427))
[22:12:22] [ERR] Failed to check the state of sock (session id: 11689e3e-f526-4436-97ec-ce5b7fe39c2c, error: SSLEOFError, message: EOF occurred in violation of protocol (_ssl.c:2427))
[22:12:32] [ERR] Failed to check the state of sock (session id: 11689e3e-f526-4436-97ec-ce5b7fe39c2c, error: SSLEOFError, message: EOF occurred in violation of protocol (_ssl.c:2427))
[22:12:42] [ERR] Failed to check the state of sock (session id: 11689e3e-f526-4436-97ec-ce5b7fe39c2c, error: SSLEOFError, message: EOF occurred in violation of protocol (_ssl.c:2427))
[22:12:52] [ERR] Failed to check the state of sock (session id: 11689e3e-f526-4436-97ec-ce5b7fe39c2c, error: SSLEOFError, message: EOF occurred in violation of protocol (_ssl.c:2427))
[22:13:02] [ERR] Failed to check the state of sock (session id: 11689e3e-f526-4436-97ec-ce5b7fe39c2c, error: SSLEOFError, message: EOF occurred in violation of protocol (_ssl.c:2427))
[22:14:03] [ERR] Failed to check the state of sock (session id: f7d28350-868b-40d6-a30a-d3a976b94f3d, error: SSLEOFError, message: EOF occurred in violation of protocol (_ssl.c:2427))
[22:14:14] [ERR] Failed to check the state of sock (session id: f7d28350-868b-40d6-a30a-d3a976b94f3d, error: SSLEOFError, message: EOF occurred in violation of protocol (_ssl.c:2427))
[22:14:24] [ERR] Failed to check the state of sock (session id: f7d28350-868b-40d6-a30a-d3a976b94f3d, error: SSLEOFError, message: EOF occurred in violation of protocol (_ssl.c:2427))
[22:14:34] [ERR] Failed to check the state of sock (session id: f7d28350-868b-40d6-a30a-d3a976b94f3d, error: SSLEOFError, message: EOF occurred in violation of protocol (_ssl.c:2427))
[22:14:44] [ERR] Failed to check the state of sock (session id: f7d28350-868b-40d6-a30a-d3a976b94f3d, error: SSLEOFError, message: EOF occurred in violation of protocol (_ssl.c:2427))
[22:15:45] [ERR] Failed to check the state of sock (session id: 7ad33dc0-318e-4eed-9723-4312b7c71c80, error: SSLEOFError, message: EOF occurred in violation of protocol (_ssl.c:2427))
[22:15:55] [ERR] Failed to check the state of sock (session id: 7ad33dc0-318e-4eed-9723-4312b7c71c80, error: SSLEOFError, message: EOF occurred in violation of protocol (_ssl.c:2427))
[22:16:05] [ERR] Failed to check the state of sock (session id: 7ad33dc0-318e-4eed-9723-4312b7c71c80, error: SSLEOFError, message: EOF occurred in violation of protocol (_ssl.c:2427))
[22:16:15] [ERR] Failed to check the state of sock (session id: 7ad33dc0-318e-4eed-9723-4312b7c71c80, error: SSLError, message: [SSL: BAD_LENGTH] bad length (_ssl.c:2427))
[22:16:25] [ERR] Failed to check the state of sock (session id: 7ad33dc0-318e-4eed-9723-4312b7c71c80, error: SSLError, message: [SSL: BAD_LENGTH] bad length (_ssl.c:2427))
[22:17:46] [ERR] Failed to check the state of sock (session id: 92ec44ea-0a03-445f-b80d-6f3fec43bd08, error: SSLEOFError, message: EOF occurred in violation of protocol (_ssl.c:2427))
[22:17:56] [ERR] Failed to check the state of sock (session id: 92ec44ea-0a03-445f-b80d-6f3fec43bd08, error: SSLEOFError, message: EOF occurred in violation of protocol (_ssl.c:2427))
[22:18:06] [ERR] Failed to check the state of sock (session id: 92ec44ea-0a03-445f-b80d-6f3fec43bd08, error: SSLEOFError, message: EOF occurred in violation of protocol (_ssl.c:2427))
[22:18:16] [ERR] Failed to check the state of sock (session id: 92ec44ea-0a03-445f-b80d-6f3fec43bd08, error: SSLEOFError, message: EOF occurred in violation of protocol (_ssl.c:2427))
[22:18:26] [ERR] Failed to check the state of sock (session id: 92ec44ea-0a03-445f-b80d-6f3fec43bd08, error: SSLEOFError, message: EOF occurred in violation of protocol (_ssl.c:2427))
[22:19:57] [ERR] Failed to check the state of sock (session id: 9144764c-6c7f-4d94-ac6b-2c312e08a3e2, error: SSLEOFError, message: EOF occurred in violation of protocol (_ssl.c:2427))
[22:20:07] [ERR] Failed to check the state of sock (session id: 9144764c-6c7f-4d94-ac6b-2c312e08a3e2, error: SSLEOFError, message: EOF occurred in violation of protocol (_ssl.c:2427))
[22:20:17] [ERR] Failed to check the state of sock (session id: 9144764c-6c7f-4d94-ac6b-2c312e08a3e2, error: SSLEOFError, message: EOF occurred in violation of protocol (_ssl.c:2427))
[22:20:27] [ERR] Failed to check the state of sock (session id: 9144764c-6c7f-4d94-ac6b-2c312e08a3e2, error: SSLEOFError, message: EOF occurred in violation of protocol (_ssl.c:2427))
[22:20:37] [ERR] Failed to check the state of sock (session id: 9144764c-6c7f-4d94-ac6b-2c312e08a3e2, error: SSLEOFError, message: EOF occurred in violation of protocol (_ssl.c:2427))
[22:21:58] [ERR] Failed to check the state of sock (session id: 746f8199-53ee-488e-8664-f9859b53ed89, error: SSLEOFError, message: EOF occurred in violation of protocol (_ssl.c:2427))
[22:22:08] [ERR] Failed to check the state of sock (session id: 746f8199-53ee-488e-8664-f9859b53ed89, error: SSLEOFError, message: EOF occurred in violation of protocol (_ssl.c:2427))
[22:22:18] [ERR] Failed to check the state of sock (session id: 746f8199-53ee-488e-8664-f9859b53ed89, error: SSLEOFError, message: EOF occurred in violation of protocol (_ssl.c:2427))
[22:22:28] [ERR] Failed to check the state of sock (session id: 746f8199-53ee-488e-8664-f9859b53ed89, error: SSLEOFError, message: EOF occurred in violation of protocol (_ssl.c:2427))
[22:22:38] [ERR] Failed to check the state of sock (session id: 746f8199-53ee-488e-8664-f9859b53ed89, error: SSLEOFError, message: EOF occurred in violation of protocol (_ssl.c:2427))
[22:23:29] [ERR] Failed to check the state of sock (session id: 1297d24d-9ab0-442c-b2d3-c75b53a924f2, error: SSLEOFError, message: EOF occurred in violation of protocol (_ssl.c:2427))
[22:23:39] [ERR] Failed to check the state of sock (session id: 1297d24d-9ab0-442c-b2d3-c75b53a924f2, error: SSLEOFError, message: EOF occurred in violation of protocol (_ssl.c:2427))
[22:23:49] [ERR] Failed to check the state of sock (session id: 1297d24d-9ab0-442c-b2d3-c75b53a924f2, error: SSLEOFError, message: EOF occurred in violation of protocol (_ssl.c:2427))
[22:23:59] [ERR] Failed to check the state of sock (session id: 1297d24d-9ab0-442c-b2d3-c75b53a924f2, error: SSLEOFError, message: EOF occurred in violation of protocol (_ssl.c:2427))
[22:24:09] [ERR] Failed to check the state of sock (session id: 1297d24d-9ab0-442c-b2d3-c75b53a924f2, error: SSLEOFError, message: EOF occurred in violation of protocol (_ssl.c:2427))
[22:25:21] [ERR] Failed to check the state of sock (session id: fe6268a7-135d-481a-8522-2f99f45439bf, error: SSLEOFError, message: EOF occurred in violation of protocol (_ssl.c:2427))
[22:25:31] [ERR] Failed to check the state of sock (session id: fe6268a7-135d-481a-8522-2f99f45439bf, error: SSLEOFError, message: EOF occurred in violation of protocol (_ssl.c:2427))
[22:25:41] [ERR] Failed to check the state of sock (session id: fe6268a7-135d-481a-8522-2f99f45439bf, error: SSLEOFError, message: EOF occurred in violation of protocol (_ssl.c:2427))
[22:25:51] [ERR] Failed to check the state of sock (session id: fe6268a7-135d-481a-8522-2f99f45439bf, error: SSLEOFError, message: EOF occurred in violation of protocol (_ssl.c:2427))
[22:26:01] [ERR] Failed to check the state of sock (session id: fe6268a7-135d-481a-8522-2f99f45439bf, error: SSLEOFError, message: EOF occurred in violation of protocol (_ssl.c:2427))
[22:27:22] [ERR] Failed to check the state of sock (session id: dc79bc3c-3ad6-441e-9c5b-4f9dfc6ba100, error: SSLEOFError, message: EOF occurred in violation of protocol (_ssl.c:2427))
[22:27:32] [ERR] Failed to check the state of sock (session id: dc79bc3c-3ad6-441e-9c5b-4f9dfc6ba100, error: SSLEOFError, message: EOF occurred in violation of protocol (_ssl.c:2427))
[22:27:42] [ERR] Failed to check the state of sock (session id: dc79bc3c-3ad6-441e-9c5b-4f9dfc6ba100, error: SSLError, message: [SSL: BAD_LENGTH] bad length (_ssl.c:2427))
[22:27:52] [ERR] Failed to check the state of sock (session id: dc79bc3c-3ad6-441e-9c5b-4f9dfc6ba100, error: SSLEOFError, message: EOF occurred in violation of protocol (_ssl.c:2427))
[22:28:02] [ERR] Failed to check the state of sock (session id: dc79bc3c-3ad6-441e-9c5b-4f9dfc6ba100, error: SSLEOFError, message: EOF occurred in violation of protocol (_ssl.c:2427))
[22:29:03] [ERR] Failed to check the state of sock (session id: 60714fa8-b1f9-4159-924e-629c2579a080, error: SSLEOFError, message: EOF occurred in violation of protocol (_ssl.c:2427))
[22:29:13] [ERR] Failed to check the state of sock (session id: 60714fa8-b1f9-4159-924e-629c2579a080, error: SSLEOFError, message: EOF occurred in violation of protocol (_ssl.c:2427))
[22:29:23] [ERR] Failed to check the state of sock (session id: 60714fa8-b1f9-4159-924e-629c2579a080, error: SSLEOFError, message: EOF occurred in violation of protocol (_ssl.c:2427))
[22:29:33] [ERR] Failed to check the state of sock (session id: 60714fa8-b1f9-4159-924e-629c2579a080, error: SSLError, message: [SSL: BAD_LENGTH] bad length (_ssl.c:2427))
[22:29:43] [ERR] Failed to check the state of sock (session id: 60714fa8-b1f9-4159-924e-629c2579a080, error: SSLEOFError, message: EOF occurred in violation of protocol (_ssl.c:2427))
[22:31:14] [ERR] Failed to check the state of sock (session id: 7043ba6c-41a8-4165-9729-6042ab02879e, error: SSLEOFError, message: EOF occurred in violation of protocol (_ssl.c:2427))
[22:31:24] [ERR] Failed to check the state of sock (session id: 7043ba6c-41a8-4165-9729-6042ab02879e, error: SSLEOFError, message: EOF occurred in violation of protocol (_ssl.c:2427))
[22:31:34] [ERR] Failed to check the state of sock (session id: 7043ba6c-41a8-4165-9729-6042ab02879e, error: SSLEOFError, message: EOF occurred in violation of protocol (_ssl.c:2427))
[22:31:44] [ERR] Failed to check the state of sock (session id: 7043ba6c-41a8-4165-9729-6042ab02879e, error: SSLEOFError, message: EOF occurred in violation of protocol (_ssl.c:2427))
[22:31:54] [ERR] Failed to check the state of sock (session id: 7043ba6c-41a8-4165-9729-6042ab02879e, error: SSLEOFError, message: EOF occurred in violation of protocol (_ssl.c:2427))
[22:32:55] [ERR] Failed to check the state of sock (session id: aa976a19-6f68-48f1-8f2a-a6b4b4a41c4e, error: SSLEOFError, message: EOF occurred in violation of protocol (_ssl.c:2427))
[22:33:05] [ERR] Failed to check the state of sock (session id: aa976a19-6f68-48f1-8f2a-a6b4b4a41c4e, error: SSLEOFError, message: EOF occurred in violation of protocol (_ssl.c:2427))
[22:33:15] [ERR] Failed to check the state of sock (session id: aa976a19-6f68-48f1-8f2a-a6b4b4a41c4e, error: SSLEOFError, message: EOF occurred in violation of protocol (_ssl.c:2427))
[22:33:25] [ERR] Failed to check the state of sock (session id: aa976a19-6f68-48f1-8f2a-a6b4b4a41c4e, error: SSLEOFError, message: EOF occurred in violation of protocol (_ssl.c:2427))
[22:33:35] [ERR] Failed to check the state of sock (session id: aa976a19-6f68-48f1-8f2a-a6b4b4a41c4e, error: SSLError, message: [SSL: BAD_LENGTH] bad length (_ssl.c:2427))
[22:35:06] [ERR] Failed to check the state of sock (session id: acef90e0-6cf3-4eea-9b21-ea3c16754b35, error: SSLEOFError, message: EOF occurred in violation of protocol (_ssl.c:2427))
[22:35:16] [ERR] Failed to check the state of sock (session id: acef90e0-6cf3-4eea-9b21-ea3c16754b35, error: SSLError, message: [SSL: BAD_LENGTH] bad length (_ssl.c:2427))
[22:35:26] [ERR] Failed to check the state of sock (session id: acef90e0-6cf3-4eea-9b21-ea3c16754b35, error: SSLEOFError, message: EOF occurred in violation of protocol (_ssl.c:2427))
[22:35:36] [ERR] Failed to check the state of sock (session id: acef90e0-6cf3-4eea-9b21-ea3c16754b35, error: SSLEOFError, message: EOF occurred in violation of protocol (_ssl.c:2427))
[22:35:46] [ERR] Failed to check the state of sock (session id: acef90e0-6cf3-4eea-9b21-ea3c16754b35, error: SSLEOFError, message: EOF occurred in violation of protocol (_ssl.c:2427))
[22:36:47] [ERR] Failed to check the state of sock (session id: a414d6b0-c81d-4ec0-bb96-4a3cf0e9c80a, error: SSLEOFError, message: EOF occurred in violation of protocol (_ssl.c:2427))
[22:36:57] [ERR] Failed to check the state of sock (session id: a414d6b0-c81d-4ec0-bb96-4a3cf0e9c80a, error: SSLError, message: [SSL: BAD_LENGTH] bad length (_ssl.c:2427))
[22:37:07] [ERR] Failed to check the state of sock (session id: a414d6b0-c81d-4ec0-bb96-4a3cf0e9c80a, error: SSLError, message: [SSL: BAD_LENGTH] bad length (_ssl.c:2427))
[22:37:17] [ERR] Failed to check the state of sock (session id: a414d6b0-c81d-4ec0-bb96-4a3cf0e9c80a, error: SSLError, message: [SSL: BAD_LENGTH] bad length (_ssl.c:2427))
[22:37:27] [ERR] Failed to check the state of sock (session id: a414d6b0-c81d-4ec0-bb96-4a3cf0e9c80a, error: SSLError, message: [SSL: BAD_LENGTH] bad length (_ssl.c:2427))
[22:38:48] [ERR] Failed to check the state of sock (session id: 67b738d1-b64f-4123-88ed-37c78838d7c6, error: SSLEOFError, message: EOF occurred in violation of protocol (_ssl.c:2427))
[22:38:58] [ERR] Failed to check the state of sock (session id: 67b738d1-b64f-4123-88ed-37c78838d7c6, error: SSLEOFError, message: EOF occurred in violation of protocol (_ssl.c:2427))
[22:39:08] [ERR] Failed to check the state of sock (session id: 67b738d1-b64f-4123-88ed-37c78838d7c6, error: SSLEOFError, message: EOF occurred in violation of protocol (_ssl.c:2427))
[22:39:18] [ERR] Failed to check the state of sock (session id: 67b738d1-b64f-4123-88ed-37c78838d7c6, error: SSLError, message: [SSL: BAD_LENGTH] bad length (_ssl.c:2427))
[22:39:28] [ERR] Failed to check the state of sock (session id: 67b738d1-b64f-4123-88ed-37c78838d7c6, error: SSLEOFError, message: EOF occurred in violation of protocol (_ssl.c:2427))
[22:40:59] [ERR] Failed to check the state of sock (session id: 28330782-885c-4f39-991e-2d4162b9e2e6, error: SSLEOFError, message: EOF occurred in violation of protocol (_ssl.c:2427))
[22:41:09] [ERR] Failed to check the state of sock (session id: 28330782-885c-4f39-991e-2d4162b9e2e6, error: SSLError, message: [SSL: BAD_LENGTH] bad length (_ssl.c:2427))
[22:41:20] [ERR] Failed to check the state of sock (session id: 28330782-885c-4f39-991e-2d4162b9e2e6, error: SSLEOFError, message: EOF occurred in violation of protocol (_ssl.c:2427))
[22:41:30] [ERR] Failed to check the state of sock (session id: 28330782-885c-4f39-991e-2d4162b9e2e6, error: SSLEOFError, message: EOF occurred in violation of protocol (_ssl.c:2427))
[22:41:40] [ERR] Failed to check the state of sock (session id: 28330782-885c-4f39-991e-2d4162b9e2e6, error: SSLEOFError, message: EOF occurred in violation of protocol (_ssl.c:2427))
[22:42:40] [ERR] Failed to check the state of sock (session id: 2d81b3ef-9baa-4783-bb99-a9b35a1539ce, error: SSLEOFError, message: EOF occurred in violation of protocol (_ssl.c:2427))
[22:42:50] [ERR] Failed to check the state of sock (session id: 2d81b3ef-9baa-4783-bb99-a9b35a1539ce, error: SSLEOFError, message: EOF occurred in violation of protocol (_ssl.c:2427))
[22:43:00] [ERR] Failed to check the state of sock (session id: 2d81b3ef-9baa-4783-bb99-a9b35a1539ce, error: SSLEOFError, message: EOF occurred in violation of protocol (_ssl.c:2427))
[22:43:11] [ERR] Failed to check the state of sock (session id: 2d81b3ef-9baa-4783-bb99-a9b35a1539ce, error: SSLEOFError, message: EOF occurred in violation of protocol (_ssl.c:2427))
[22:43:21] [ERR] Failed to check the state of sock (session id: 2d81b3ef-9baa-4783-bb99-a9b35a1539ce, error: SSLEOFError, message: EOF occurred in violation of protocol (_ssl.c:2427))
[22:44:12] [ERR] Failed to check the state of sock (session id: 6e4cffc3-7d06-44bb-b5d7-e9215eafe5d4, error: SSLEOFError, message: EOF occurred in violation of protocol (_ssl.c:2427))
[22:44:22] [ERR] Failed to check the state of sock (session id: 6e4cffc3-7d06-44bb-b5d7-e9215eafe5d4, error: SSLError, message: [SSL: BAD_LENGTH] bad length (_ssl.c:2427))
[22:44:32] [ERR] Failed to check the state of sock (session id: 6e4cffc3-7d06-44bb-b5d7-e9215eafe5d4, error: SSLEOFError, message: EOF occurred in violation of protocol (_ssl.c:2427))
[22:44:42] [ERR] Failed to check the state of sock (session id: 6e4cffc3-7d06-44bb-b5d7-e9215eafe5d4, error: SSLEOFError, message: EOF occurred in violation of protocol (_ssl.c:2427))
[22:44:52] [ERR] Failed to check the state of sock (session id: 6e4cffc3-7d06-44bb-b5d7-e9215eafe5d4, error: SSLEOFError, message: EOF occurred in violation of protocol (_ssl.c:2427))
[22:45:53] [ERR] Failed to check the state of sock (session id: b98644f0-ab1f-4668-bd68-11114d4cd45f, error: SSLEOFError, message: EOF occurred in violation of protocol (_ssl.c:2427))
[22:46:03] [ERR] Failed to check the state of sock (session id: b98644f0-ab1f-4668-bd68-11114d4cd45f, error: SSLEOFError, message: EOF occurred in violation of protocol (_ssl.c:2427))
[22:46:13] [ERR] Failed to check the state of sock (session id: b98644f0-ab1f-4668-bd68-11114d4cd45f, error: SSLEOFError, message: EOF occurred in violation of protocol (_ssl.c:2427))
[22:46:23] [ERR] Failed to check the state of sock (session id: b98644f0-ab1f-4668-bd68-11114d4cd45f, error: SSLError, message: [SSL: BAD_LENGTH] bad length (_ssl.c:2427))
[22:46:33] [ERR] Failed to check the state of sock (session id: b98644f0-ab1f-4668-bd68-11114d4cd45f, error: SSLEOFError, message: EOF occurred in violation of protocol (_ssl.c:2427))
[22:47:24] [ERR] Failed to check the state of sock (session id: 1d2845a2-0e9e-4b8a-9761-7220e861c01b, error: SSLEOFError, message: EOF occurred in violation of protocol (_ssl.c:2427))
[22:47:34] [ERR] Failed to check the state of sock (session id: 1d2845a2-0e9e-4b8a-9761-7220e861c01b, error: SSLEOFError, message: EOF occurred in violation of protocol (_ssl.c:2427))
[22:47:44] [ERR] Failed to check the state of sock (session id: 1d2845a2-0e9e-4b8a-9761-7220e861c01b, error: SSLEOFError, message: EOF occurred in violation of protocol (_ssl.c:2427))
[22:47:54] [ERR] Failed to check the state of sock (session id: 1d2845a2-0e9e-4b8a-9761-7220e861c01b, error: SSLError, message: [SSL: BAD_LENGTH] bad length (_ssl.c:2427))
[22:48:04] [ERR] Failed to check the state of sock (session id: 1d2845a2-0e9e-4b8a-9761-7220e861c01b, error: SSLError, message: [SSL: BAD_LENGTH] bad length (_ssl.c:2427))
[22:49:05] [ERR] Failed to check the state of sock (session id: c51ef13b-b3a6-4ac5-b629-91a9c3911f3a, error: SSLEOFError, message: EOF occurred in violation of protocol (_ssl.c:2427))
[22:49:15] [ERR] Failed to check the state of sock (session id: c51ef13b-b3a6-4ac5-b629-91a9c3911f3a, error: SSLError, message: [SSL: BAD_LENGTH] bad length (_ssl.c:2427))
[22:49:25] [ERR] Failed to check the state of sock (session id: c51ef13b-b3a6-4ac5-b629-91a9c3911f3a, error: SSLEOFError, message: EOF occurred in violation of protocol (_ssl.c:2427))
[22:49:35] [ERR] Failed to check the state of sock (session id: c51ef13b-b3a6-4ac5-b629-91a9c3911f3a, error: SSLEOFError, message: EOF occurred in violation of protocol (_ssl.c:2427))
[22:49:45] [ERR] Failed to check the state of sock (session id: c51ef13b-b3a6-4ac5-b629-91a9c3911f3a, error: SSLEOFError, message: EOF occurred in violation of protocol (_ssl.c:2427))
[22:51:06] [ERR] Failed to check the state of sock (session id: 5feee985-d34a-446e-89d3-e8843d8410e0, error: SSLEOFError, message: EOF occurred in violation of protocol (_ssl.c:2427))
[22:51:16] [ERR] Failed to check the state of sock (session id: 5feee985-d34a-446e-89d3-e8843d8410e0, error: SSLEOFError, message: EOF occurred in violation of protocol (_ssl.c:2427))
[22:51:26] [ERR] Failed to check the state of sock (session id: 5feee985-d34a-446e-89d3-e8843d8410e0, error: SSLEOFError, message: EOF occurred in violation of protocol (_ssl.c:2427))
[22:51:36] [ERR] Failed to check the state of sock (session id: 5feee985-d34a-446e-89d3-e8843d8410e0, error: SSLEOFError, message: EOF occurred in violation of protocol (_ssl.c:2427))
[22:51:46] [ERR] Failed to check the state of sock (session id: 5feee985-d34a-446e-89d3-e8843d8410e0, error: SSLEOFError, message: EOF occurred in violation of protocol (_ssl.c:2427))
[22:53:07] [ERR] Failed to check the state of sock (session id: e5284b9c-a005-4ff0-8115-7f6fc3b9664b, error: SSLEOFError, message: EOF occurred in violation of protocol (_ssl.c:2427))
[22:53:17] [ERR] Failed to check the state of sock (session id: e5284b9c-a005-4ff0-8115-7f6fc3b9664b, error: SSLError, message: [SSL: BAD_LENGTH] bad length (_ssl.c:2427))
[22:53:27] [ERR] Failed to check the state of sock (session id: e5284b9c-a005-4ff0-8115-7f6fc3b9664b, error: SSLEOFError, message: EOF occurred in violation of protocol (_ssl.c:2427))
[22:53:37] [ERR] Failed to check the state of sock (session id: e5284b9c-a005-4ff0-8115-7f6fc3b9664b, error: SSLError, message: [SSL: BAD_LENGTH] bad length (_ssl.c:2427))
[22:53:47] [ERR] Failed to check the state of sock (session id: e5284b9c-a005-4ff0-8115-7f6fc3b9664b, error: SSLEOFError, message: EOF occurred in violation of protocol (_ssl.c:2427))
[22:54:58] [ERR] Failed to check the state of sock (session id: 79fbcc16-9397-480d-b01b-37b2bc800641, error: SSLEOFError, message: EOF occurred in violation of protocol (_ssl.c:2427))
[22:55:08] [ERR] Failed to check the state of sock (session id: 79fbcc16-9397-480d-b01b-37b2bc800641, error: SSLEOFError, message: EOF occurred in violation of protocol (_ssl.c:2427))
[22:55:18] [ERR] Failed to check the state of sock (session id: 79fbcc16-9397-480d-b01b-37b2bc800641, error: SSLEOFError, message: EOF occurred in violation of protocol (_ssl.c:2427))
[22:55:28] [ERR] Failed to check the state of sock (session id: 79fbcc16-9397-480d-b01b-37b2bc800641, error: SSLEOFError, message: EOF occurred in violation of protocol (_ssl.c:2427))
[22:55:38] [ERR] Failed to check the state of sock (session id: 79fbcc16-9397-480d-b01b-37b2bc800641, error: SSLEOFError, message: EOF occurred in violation of protocol (_ssl.c:2427))
[22:56:39] [ERR] Failed to check the state of sock (session id: cb578b61-d8b0-4001-ac0b-9d8a0e5697df, error: SSLEOFError, message: EOF occurred in violation of protocol (_ssl.c:2427))
[22:56:49] [ERR] Failed to check the state of sock (session id: cb578b61-d8b0-4001-ac0b-9d8a0e5697df, error: SSLEOFError, message: EOF occurred in violation of protocol (_ssl.c:2427))
[22:56:59] [ERR] Failed to check the state of sock (session id: cb578b61-d8b0-4001-ac0b-9d8a0e5697df, error: SSLEOFError, message: EOF occurred in violation of protocol (_ssl.c:2427))
[22:57:09] [ERR] Failed to check the state of sock (session id: cb578b61-d8b0-4001-ac0b-9d8a0e5697df, error: SSLError, message: [SSL: BAD_LENGTH] bad length (_ssl.c:2427))
[22:57:19] [ERR] Failed to check the state of sock (session id: cb578b61-d8b0-4001-ac0b-9d8a0e5697df, error: SSLEOFError, message: EOF occurred in violation of protocol (_ssl.c:2427))
[22:58:20] [ERR] Failed to check the state of sock (session id: e18ddd18-c37c-40c6-8603-7984a1eacc3b, error: SSLEOFError, message: EOF occurred in violation of protocol (_ssl.c:2427))
[22:58:30] [ERR] Failed to check the state of sock (session id: e18ddd18-c37c-40c6-8603-7984a1eacc3b, error: SSLEOFError, message: EOF occurred in violation of protocol (_ssl.c:2427))
[22:58:40] [ERR] Failed to check the state of sock (session id: e18ddd18-c37c-40c6-8603-7984a1eacc3b, error: SSLError, message: [SSL: BAD_LENGTH] bad length (_ssl.c:2427))
[22:58:50] [ERR] Failed to check the state of sock (session id: e18ddd18-c37c-40c6-8603-7984a1eacc3b, error: SSLEOFError, message: EOF occurred in violation of protocol (_ssl.c:2427))
[22:59:00] [ERR] Failed to check the state of sock (session id: e18ddd18-c37c-40c6-8603-7984a1eacc3b, error: SSLEOFError, message: EOF occurred in violation of protocol (_ssl.c:2427))
[22:59:51] [ERR] Failed to check the state of sock (session id: 683e5825-c87c-4196-ac9f-f247f707f1ef, error: SSLEOFError, message: EOF occurred in violation of protocol (_ssl.c:2427))
[23:00:01] [ERR] Failed to check the state of sock (session id: 683e5825-c87c-4196-ac9f-f247f707f1ef, error: SSLEOFError, message: EOF occurred in violation of protocol (_ssl.c:2427))
[23:00:11] [ERR] Failed to check the state of sock (session id: 683e5825-c87c-4196-ac9f-f247f707f1ef, error: SSLEOFError, message: EOF occurred in violation of protocol (_ssl.c:2427))
[23:00:21] [ERR] Failed to check the state of sock (session id: 683e5825-c87c-4196-ac9f-f247f707f1ef, error: SSLEOFError, message: EOF occurred in violation of protocol (_ssl.c:2427))
[23:00:31] [ERR] Failed to check the state of sock (session id: 683e5825-c87c-4196-ac9f-f247f707f1ef, error: SSLEOFError, message: EOF occurred in violation of protocol (_ssl.c:2427))
[23:01:32] [ERR] Failed to check the state of sock (session id: eaca5281-dd9c-4c76-a4b9-7cd1d17c8db4, error: SSLEOFError, message: EOF occurred in violation of protocol (_ssl.c:2427))
[23:01:42] [ERR] Failed to check the state of sock (session id: eaca5281-dd9c-4c76-a4b9-7cd1d17c8db4, error: SSLEOFError, message: EOF occurred in violation of protocol (_ssl.c:2427))
[23:01:52] [ERR] Failed to check the state of sock (session id: eaca5281-dd9c-4c76-a4b9-7cd1d17c8db4, error: SSLError, message: [SSL: BAD_LENGTH] bad length (_ssl.c:2427))
[23:02:02] [ERR] Failed to check the state of sock (session id: eaca5281-dd9c-4c76-a4b9-7cd1d17c8db4, error: SSLEOFError, message: EOF occurred in violation of protocol (_ssl.c:2427))
[23:02:12] [ERR] Failed to check the state of sock (session id: eaca5281-dd9c-4c76-a4b9-7cd1d17c8db4, error: SSLEOFError, message: EOF occurred in violation of protocol (_ssl.c:2427))
[23:03:33] [ERR] Failed to check the state of sock (session id: d50bee66-db75-4efd-9a00-052d5cfdac00, error: SSLEOFError, message: EOF occurred in violation of protocol (_ssl.c:2427))
[23:03:43] [ERR] Failed to check the state of sock (session id: d50bee66-db75-4efd-9a00-052d5cfdac00, error: SSLError, message: [SSL: BAD_LENGTH] bad length (_ssl.c:2427))
[23:03:53] [ERR] Failed to check the state of sock (session id: d50bee66-db75-4efd-9a00-052d5cfdac00, error: SSLError, message: [SSL: BAD_LENGTH] bad length (_ssl.c:2427))
[23:04:03] [ERR] Failed to check the state of sock (session id: d50bee66-db75-4efd-9a00-052d5cfdac00, error: SSLEOFError, message: EOF occurred in violation of protocol (_ssl.c:2427))
[23:04:13] [ERR] Failed to check the state of sock (session id: d50bee66-db75-4efd-9a00-052d5cfdac00, error: SSLEOFError, message: EOF occurred in violation of protocol (_ssl.c:2427))
[23:05:14] [ERR] Failed to check the state of sock (session id: 9355ae04-96f6-40b2-b661-f2332e633d65, error: SSLEOFError, message: EOF occurred in violation of protocol (_ssl.c:2427))
[23:05:24] [ERR] Failed to check the state of sock (session id: 9355ae04-96f6-40b2-b661-f2332e633d65, error: SSLError, message: [SSL: BAD_LENGTH] bad length (_ssl.c:2427))
[23:05:34] [ERR] Failed to check the state of sock (session id: 9355ae04-96f6-40b2-b661-f2332e633d65, error: SSLEOFError, message: EOF occurred in violation of protocol (_ssl.c:2427))
[23:05:44] [ERR] Failed to check the state of sock (session id: 9355ae04-96f6-40b2-b661-f2332e633d65, error: SSLEOFError, message: EOF occurred in violation of protocol (_ssl.c:2427))
[23:05:54] [ERR] Failed to check the state of sock (session id: 9355ae04-96f6-40b2-b661-f2332e633d65, error: SSLEOFError, message: EOF occurred in violation of protocol (_ssl.c:2427))
[23:07:15] [ERR] Failed to check the state of sock (session id: ec90a058-6ba9-4e72-92a9-5236906cd83a, error: SSLEOFError, message: EOF occurred in violation of protocol (_ssl.c:2427))
[23:07:25] [ERR] Failed to check the state of sock (session id: ec90a058-6ba9-4e72-92a9-5236906cd83a, error: SSLEOFError, message: EOF occurred in violation of protocol (_ssl.c:2427))
[23:07:35] [ERR] Failed to check the state of sock (session id: ec90a058-6ba9-4e72-92a9-5236906cd83a, error: SSLEOFError, message: EOF occurred in violation of protocol (_ssl.c:2427))
[23:07:45] [ERR] Failed to check the state of sock (session id: ec90a058-6ba9-4e72-92a9-5236906cd83a, error: SSLEOFError, message: EOF occurred in violation of protocol (_ssl.c:2427))
[23:07:55] [ERR] Failed to check the state of sock (session id: ec90a058-6ba9-4e72-92a9-5236906cd83a, error: SSLEOFError, message: EOF occurred in violation of protocol (_ssl.c:2427))
[23:09:26] [ERR] Failed to check the state of sock (session id: 01130b6c-12a7-435b-b7c6-a02b0931d97b, error: SSLEOFError, message: EOF occurred in violation of protocol (_ssl.c:2427))
[23:09:36] [ERR] Failed to check the state of sock (session id: 01130b6c-12a7-435b-b7c6-a02b0931d97b, error: SSLEOFError, message: EOF occurred in violation of protocol (_ssl.c:2427))
[23:09:46] [ERR] Failed to check the state of sock (session id: 01130b6c-12a7-435b-b7c6-a02b0931d97b, error: SSLEOFError, message: EOF occurred in violation of protocol (_ssl.c:2427))
[23:09:56] [ERR] Failed to check the state of sock (session id: 01130b6c-12a7-435b-b7c6-a02b0931d97b, error: SSLEOFError, message: EOF occurred in violation of protocol (_ssl.c:2427))
[23:10:06] [ERR] Failed to check the state of sock (session id: 01130b6c-12a7-435b-b7c6-a02b0931d97b, error: SSLEOFError, message: EOF occurred in violation of protocol (_ssl.c:2427))
[23:11:27] [ERR] Failed to check the state of sock (session id: 3f642665-bf90-4965-903d-8e3eb7f93010, error: SSLEOFError, message: EOF occurred in violation of protocol (_ssl.c:2427))
[23:11:37] [ERR] Failed to check the state of sock (session id: 3f642665-bf90-4965-903d-8e3eb7f93010, error: SSLEOFError, message: EOF occurred in violation of protocol (_ssl.c:2427))
[23:11:47] [ERR] Failed to check the state of sock (session id: 3f642665-bf90-4965-903d-8e3eb7f93010, error: SSLEOFError, message: EOF occurred in violation of protocol (_ssl.c:2427))
[23:11:57] [ERR] Failed to check the state of sock (session id: 3f642665-bf90-4965-903d-8e3eb7f93010, error: SSLEOFError, message: EOF occurred in violation of protocol (_ssl.c:2427))
[23:12:07] [ERR] Failed to check the state of sock (session id: 3f642665-bf90-4965-903d-8e3eb7f93010, error: SSLEOFError, message: EOF occurred in violation of protocol (_ssl.c:2427))
[23:13:08] [ERR] Failed to check the state of sock (session id: ca3aad07-dd9f-4d45-ac8a-2f08040110c7, error: SSLEOFError, message: EOF occurred in violation of protocol (_ssl.c:2427))
[23:13:18] [ERR] Failed to check the state of sock (session id: ca3aad07-dd9f-4d45-ac8a-2f08040110c7, error: SSLEOFError, message: EOF occurred in violation of protocol (_ssl.c:2427))
[23:13:28] [ERR] Failed to check the state of sock (session id: ca3aad07-dd9f-4d45-ac8a-2f08040110c7, error: SSLError, message: [SSL: BAD_LENGTH] bad length (_ssl.c:2427))
[23:13:38] [ERR] Failed to check the state of sock (session id: ca3aad07-dd9f-4d45-ac8a-2f08040110c7, error: SSLEOFError, message: EOF occurred in violation of protocol (_ssl.c:2427))
[23:13:48] [ERR] Failed to check the state of sock (session id: ca3aad07-dd9f-4d45-ac8a-2f08040110c7, error: SSLEOFError, message: EOF occurred in violation of protocol (_ssl.c:2427))
[23:14:49] [ERR] Failed to check the state of sock (session id: b4705e16-db7f-41cf-8022-785014a262a5, error: SSLEOFError, message: EOF occurred in violation of protocol (_ssl.c:2427))
[23:14:59] [ERR] Failed to check the state of sock (session id: b4705e16-db7f-41cf-8022-785014a262a5, error: SSLEOFError, message: EOF occurred in violation of protocol (_ssl.c:2427))
[23:15:09] [ERR] Failed to check the state of sock (session id: b4705e16-db7f-41cf-8022-785014a262a5, error: SSLEOFError, message: EOF occurred in violation of protocol (_ssl.c:2427))
[23:15:19] [ERR] Failed to check the state of sock (session id: b4705e16-db7f-41cf-8022-785014a262a5, error: SSLEOFError, message: EOF occurred in violation of protocol (_ssl.c:2427))
[23:15:29] [ERR] Failed to check the state of sock (session id: b4705e16-db7f-41cf-8022-785014a262a5, error: SSLError, message: [SSL: BAD_LENGTH] bad length (_ssl.c:2427))
[23:16:50] [ERR] Failed to check the state of sock (session id: dc43f6a9-c8e9-4690-ac26-d68e6709483c, error: SSLEOFError, message: EOF occurred in violation of protocol (_ssl.c:2427))
[23:17:00] [ERR] Failed to check the state of sock (session id: dc43f6a9-c8e9-4690-ac26-d68e6709483c, error: SSLEOFError, message: EOF occurred in violation of protocol (_ssl.c:2427))
[23:17:10] [ERR] Failed to check the state of sock (session id: dc43f6a9-c8e9-4690-ac26-d68e6709483c, error: SSLEOFError, message: EOF occurred in violation of protocol (_ssl.c:2427))
[23:17:20] [ERR] Failed to check the state of sock (session id: dc43f6a9-c8e9-4690-ac26-d68e6709483c, error: SSLEOFError, message: EOF occurred in violation of protocol (_ssl.c:2427))
[23:17:30] [ERR] Failed to check the state of sock (session id: dc43f6a9-c8e9-4690-ac26-d68e6709483c, error: SSLEOFError, message: EOF occurred in violation of protocol (_ssl.c:2427))
[23:18:41] [ERR] Failed to check the state of sock (session id: db6e2d39-4943-418b-97d1-93f2716a6bc1, error: SSLEOFError, message: EOF occurred in violation of protocol (_ssl.c:2427))
[23:18:51] [ERR] Failed to check the state of sock (session id: db6e2d39-4943-418b-97d1-93f2716a6bc1, error: SSLEOFError, message: EOF occurred in violation of protocol (_ssl.c:2427))
[23:19:01] [ERR] Failed to check the state of sock (session id: db6e2d39-4943-418b-97d1-93f2716a6bc1, error: SSLEOFError, message: EOF occurred in violation of protocol (_ssl.c:2427))
[23:19:11] [ERR] Failed to check the state of sock (session id: db6e2d39-4943-418b-97d1-93f2716a6bc1, error: SSLEOFError, message: EOF occurred in violation of protocol (_ssl.c:2427))
[23:19:21] [ERR] Failed to check the state of sock (session id: db6e2d39-4943-418b-97d1-93f2716a6bc1, error: SSLEOFError, message: EOF occurred in violation of protocol (_ssl.c:2427))
[23:20:22] [ERR] Failed to check the state of sock (session id: 35823538-e688-4013-a9bf-148f3f945dca, error: SSLEOFError, message: EOF occurred in violation of protocol (_ssl.c:2427))
[23:20:32] [ERR] Failed to check the state of sock (session id: 35823538-e688-4013-a9bf-148f3f945dca, error: SSLEOFError, message: EOF occurred in violation of protocol (_ssl.c:2427))
[23:20:42] [ERR] Failed to check the state of sock (session id: 35823538-e688-4013-a9bf-148f3f945dca, error: SSLEOFError, message: EOF occurred in violation of protocol (_ssl.c:2427))
[23:20:52] [ERR] Failed to check the state of sock (session id: 35823538-e688-4013-a9bf-148f3f945dca, error: SSLEOFError, message: EOF occurred in violation of protocol (_ssl.c:2427))
[23:21:02] [ERR] Failed to check the state of sock (session id: 35823538-e688-4013-a9bf-148f3f945dca, error: SSLEOFError, message: EOF occurred in violation of protocol (_ssl.c:2427))
[23:22:03] [ERR] Failed to check the state of sock (session id: e23988ba-e531-409f-a515-f5c91b58e594, error: SSLEOFError, message: EOF occurred in violation of protocol (_ssl.c:2427))
[23:22:13] [ERR] Failed to check the state of sock (session id: e23988ba-e531-409f-a515-f5c91b58e594, error: SSLEOFError, message: EOF occurred in violation of protocol (_ssl.c:2427))
[23:22:23] [ERR] Failed to check the state of sock (session id: e23988ba-e531-409f-a515-f5c91b58e594, error: SSLEOFError, message: EOF occurred in violation of protocol (_ssl.c:2427))
[23:22:33] [ERR] Failed to check the state of sock (session id: e23988ba-e531-409f-a515-f5c91b58e594, error: SSLEOFError, message: EOF occurred in violation of protocol (_ssl.c:2427))
[23:22:43] [ERR] Failed to check the state of sock (session id: e23988ba-e531-409f-a515-f5c91b58e594, error: SSLEOFError, message: EOF occurred in violation of protocol (_ssl.c:2427))
[23:23:44] [ERR] Failed to check the state of sock (session id: 96a1b8ab-5b4b-483a-a178-ab39eac4cfc5, error: SSLEOFError, message: EOF occurred in violation of protocol (_ssl.c:2427))
[23:23:54] [ERR] Failed to check the state of sock (session id: 96a1b8ab-5b4b-483a-a178-ab39eac4cfc5, error: SSLError, message: [SSL: BAD_LENGTH] bad length (_ssl.c:2427))
[23:24:04] [ERR] Failed to check the state of sock (session id: 96a1b8ab-5b4b-483a-a178-ab39eac4cfc5, error: SSLEOFError, message: EOF occurred in violation of protocol (_ssl.c:2427))
[23:24:14] [ERR] Failed to check the state of sock (session id: 96a1b8ab-5b4b-483a-a178-ab39eac4cfc5, error: SSLEOFError, message: EOF occurred in violation of protocol (_ssl.c:2427))
[23:24:24] [ERR] Failed to check the state of sock (session id: 96a1b8ab-5b4b-483a-a178-ab39eac4cfc5, error: SSLEOFError, message: EOF occurred in violation of protocol (_ssl.c:2427))
[23:25:25] [ERR] Failed to check the state of sock (session id: 0b813814-4c61-4be2-8b5c-a6f64595474c, error: SSLEOFError, message: EOF occurred in violation of protocol (_ssl.c:2427))
[23:25:35] [ERR] Failed to check the state of sock (session id: 0b813814-4c61-4be2-8b5c-a6f64595474c, error: SSLEOFError, message: EOF occurred in violation of protocol (_ssl.c:2427))
[23:25:45] [ERR] Failed to check the state of sock (session id: 0b813814-4c61-4be2-8b5c-a6f64595474c, error: SSLError, message: [SSL: BAD_LENGTH] bad length (_ssl.c:2427))
[23:25:55] [ERR] Failed to check the state of sock (session id: 0b813814-4c61-4be2-8b5c-a6f64595474c, error: SSLEOFError, message: EOF occurred in violation of protocol (_ssl.c:2427))
[23:26:05] [ERR] Failed to check the state of sock (session id: 0b813814-4c61-4be2-8b5c-a6f64595474c, error: SSLError, message: [SSL: BAD_LENGTH] bad length (_ssl.c:2427))
[23:27:26] [ERR] Failed to check the state of sock (session id: 3e399730-0ff3-48c7-a180-0d9beba1235d, error: SSLEOFError, message: EOF occurred in violation of protocol (_ssl.c:2427))
[23:27:36] [ERR] Failed to check the state of sock (session id: 3e399730-0ff3-48c7-a180-0d9beba1235d, error: SSLEOFError, message: EOF occurred in violation of protocol (_ssl.c:2427))
[23:27:46] [ERR] Failed to check the state of sock (session id: 3e399730-0ff3-48c7-a180-0d9beba1235d, error: SSLEOFError, message: EOF occurred in violation of protocol (_ssl.c:2427))
[23:27:56] [ERR] Failed to check the state of sock (session id: 3e399730-0ff3-48c7-a180-0d9beba1235d, error: SSLEOFError, message: EOF occurred in violation of protocol (_ssl.c:2427))
[23:28:06] [ERR] Failed to check the state of sock (session id: 3e399730-0ff3-48c7-a180-0d9beba1235d, error: SSLEOFError, message: EOF occurred in violation of protocol (_ssl.c:2427))
[23:29:06] [ERR] Failed to check the state of sock (session id: e775fa2e-042b-47a3-9b5e-e937c3f5caff, error: SSLEOFError, message: EOF occurred in violation of protocol (_ssl.c:2427))
[23:29:16] [ERR] Failed to check the state of sock (session id: e775fa2e-042b-47a3-9b5e-e937c3f5caff, error: SSLEOFError, message: EOF occurred in violation of protocol (_ssl.c:2427))
[23:29:26] [ERR] Failed to check the state of sock (session id: e775fa2e-042b-47a3-9b5e-e937c3f5caff, error: SSLError, message: [SSL: BAD_LENGTH] bad length (_ssl.c:2427))
[23:29:36] [ERR] Failed to check the state of sock (session id: e775fa2e-042b-47a3-9b5e-e937c3f5caff, error: SSLEOFError, message: EOF occurred in violation of protocol (_ssl.c:2427))
[23:29:46] [ERR] Failed to check the state of sock (session id: e775fa2e-042b-47a3-9b5e-e937c3f5caff, error: SSLEOFError, message: EOF occurred in violation of protocol (_ssl.c:2427))
[23:31:07] [ERR] Failed to check the state of sock (session id: fc60fcfd-a1f5-49f1-93bd-e664035beb36, error: SSLEOFError, message: EOF occurred in violation of protocol (_ssl.c:2427))
[23:31:17] [ERR] Failed to check the state of sock (session id: fc60fcfd-a1f5-49f1-93bd-e664035beb36, error: SSLEOFError, message: EOF occurred in violation of protocol (_ssl.c:2427))
[23:31:27] [ERR] Failed to check the state of sock (session id: fc60fcfd-a1f5-49f1-93bd-e664035beb36, error: SSLEOFError, message: EOF occurred in violation of protocol (_ssl.c:2427))
[23:31:37] [ERR] Failed to check the state of sock (session id: fc60fcfd-a1f5-49f1-93bd-e664035beb36, error: SSLEOFError, message: EOF occurred in violation of protocol (_ssl.c:2427))
[23:31:47] [ERR] Failed to check the state of sock (session id: fc60fcfd-a1f5-49f1-93bd-e664035beb36, error: SSLEOFError, message: EOF occurred in violation of protocol (_ssl.c:2427))
[23:32:48] [ERR] Failed to check the state of sock (session id: 5b2a5885-7f07-4376-a8d6-34c3b112e3dd, error: SSLEOFError, message: EOF occurred in violation of protocol (_ssl.c:2427))
[23:32:58] [ERR] Failed to check the state of sock (session id: 5b2a5885-7f07-4376-a8d6-34c3b112e3dd, error: SSLEOFError, message: EOF occurred in violation of protocol (_ssl.c:2427))
[23:33:08] [ERR] Failed to check the state of sock (session id: 5b2a5885-7f07-4376-a8d6-34c3b112e3dd, error: SSLEOFError, message: EOF occurred in violation of protocol (_ssl.c:2427))
[23:33:18] [ERR] Failed to check the state of sock (session id: 5b2a5885-7f07-4376-a8d6-34c3b112e3dd, error: SSLEOFError, message: EOF occurred in violation of protocol (_ssl.c:2427))
[23:33:28] [ERR] Failed to check the state of sock (session id: 5b2a5885-7f07-4376-a8d6-34c3b112e3dd, error: SSLEOFError, message: EOF occurred in violation of protocol (_ssl.c:2427))
[23:34:49] [ERR] Failed to check the state of sock (session id: 6e34991a-e9f1-4789-a970-6bb35afc4310, error: SSLEOFError, message: EOF occurred in violation of protocol (_ssl.c:2427))
[23:34:59] [ERR] Failed to check the state of sock (session id: 6e34991a-e9f1-4789-a970-6bb35afc4310, error: SSLEOFError, message: EOF occurred in violation of protocol (_ssl.c:2427))
[23:35:09] [ERR] Failed to check the state of sock (session id: 6e34991a-e9f1-4789-a970-6bb35afc4310, error: SSLEOFError, message: EOF occurred in violation of protocol (_ssl.c:2427))
[23:35:19] [ERR] Failed to check the state of sock (session id: 6e34991a-e9f1-4789-a970-6bb35afc4310, error: SSLError, message: [SSL: BAD_LENGTH] bad length (_ssl.c:2427))
[23:35:29] [ERR] Failed to check the state of sock (session id: 6e34991a-e9f1-4789-a970-6bb35afc4310, error: SSLEOFError, message: EOF occurred in violation of protocol (_ssl.c:2427))
[23:36:20] [ERR] Failed to check the state of sock (session id: 3a87f0ad-3323-4a1f-b094-cd6eed2302e8, error: SSLEOFError, message: EOF occurred in violation of protocol (_ssl.c:2427))
[23:36:30] [ERR] Failed to check the state of sock (session id: 3a87f0ad-3323-4a1f-b094-cd6eed2302e8, error: SSLEOFError, message: EOF occurred in violation of protocol (_ssl.c:2427))
[23:36:40] [ERR] Failed to check the state of sock (session id: 3a87f0ad-3323-4a1f-b094-cd6eed2302e8, error: SSLEOFError, message: EOF occurred in violation of protocol (_ssl.c:2427))
[23:36:50] [ERR] Failed to check the state of sock (session id: 3a87f0ad-3323-4a1f-b094-cd6eed2302e8, error: SSLEOFError, message: EOF occurred in violation of protocol (_ssl.c:2427))
[23:37:00] [ERR] Failed to check the state of sock (session id: 3a87f0ad-3323-4a1f-b094-cd6eed2302e8, error: SSLEOFError, message: EOF occurred in violation of protocol (_ssl.c:2427))
[23:38:21] [ERR] Failed to check the state of sock (session id: 422d6f8a-0864-49c2-a611-e0f6d1183115, error: SSLEOFError, message: EOF occurred in violation of protocol (_ssl.c:2427))
[23:38:31] [ERR] Failed to check the state of sock (session id: 422d6f8a-0864-49c2-a611-e0f6d1183115, error: SSLEOFError, message: EOF occurred in violation of protocol (_ssl.c:2427))
[23:38:41] [ERR] Failed to check the state of sock (session id: 422d6f8a-0864-49c2-a611-e0f6d1183115, error: SSLEOFError, message: EOF occurred in violation of protocol (_ssl.c:2427))
[23:38:51] [ERR] Failed to check the state of sock (session id: 422d6f8a-0864-49c2-a611-e0f6d1183115, error: SSLEOFError, message: EOF occurred in violation of protocol (_ssl.c:2427))
[23:39:01] [ERR] Failed to check the state of sock (session id: 422d6f8a-0864-49c2-a611-e0f6d1183115, error: SSLEOFError, message: EOF occurred in violation of protocol (_ssl.c:2427))
[23:40:12] [ERR] Failed to check the state of sock (session id: 4eca55b8-25c4-40d1-a743-3c0e88a5acfb, error: SSLEOFError, message: EOF occurred in violation of protocol (_ssl.c:2427))
[23:40:22] [ERR] Failed to check the state of sock (session id: 4eca55b8-25c4-40d1-a743-3c0e88a5acfb, error: SSLEOFError, message: EOF occurred in violation of protocol (_ssl.c:2427))
[23:40:32] [ERR] Failed to check the state of sock (session id: 4eca55b8-25c4-40d1-a743-3c0e88a5acfb, error: SSLEOFError, message: EOF occurred in violation of protocol (_ssl.c:2427))
[23:40:43] [ERR] Failed to check the state of sock (session id: 4eca55b8-25c4-40d1-a743-3c0e88a5acfb, error: SSLEOFError, message: EOF occurred in violation of protocol (_ssl.c:2427))
[23:40:53] [ERR] Failed to check the state of sock (session id: 4eca55b8-25c4-40d1-a743-3c0e88a5acfb, error: SSLEOFError, message: EOF occurred in violation of protocol (_ssl.c:2427))
[23:41:53] [ERR] Failed to check the state of sock (session id: d6939c1b-6813-4af7-b817-953b45880f48, error: SSLEOFError, message: EOF occurred in violation of protocol (_ssl.c:2427))
[23:42:03] [ERR] Failed to check the state of sock (session id: d6939c1b-6813-4af7-b817-953b45880f48, error: SSLEOFError, message: EOF occurred in violation of protocol (_ssl.c:2427))
[23:42:13] [ERR] Failed to check the state of sock (session id: d6939c1b-6813-4af7-b817-953b45880f48, error: SSLEOFError, message: EOF occurred in violation of protocol (_ssl.c:2427))
[23:42:23] [ERR] Failed to check the state of sock (session id: d6939c1b-6813-4af7-b817-953b45880f48, error: SSLEOFError, message: EOF occurred in violation of protocol (_ssl.c:2427))
[23:42:33] [ERR] Failed to check the state of sock (session id: d6939c1b-6813-4af7-b817-953b45880f48, error: SSLEOFError, message: EOF occurred in violation of protocol (_ssl.c:2427))
[23:43:34] [ERR] Failed to check the state of sock (session id: 63b96af5-b67e-4654-aa87-32b444e970a9, error: SSLEOFError, message: EOF occurred in violation of protocol (_ssl.c:2427))
[23:43:44] [ERR] Failed to check the state of sock (session id: 63b96af5-b67e-4654-aa87-32b444e970a9, error: SSLError, message: [SSL: BAD_LENGTH] bad length (_ssl.c:2427))
[23:43:55] [ERR] Failed to check the state of sock (session id: 63b96af5-b67e-4654-aa87-32b444e970a9, error: SSLEOFError, message: EOF occurred in violation of protocol (_ssl.c:2427))
[23:44:05] [ERR] Failed to check the state of sock (session id: 63b96af5-b67e-4654-aa87-32b444e970a9, error: SSLEOFError, message: EOF occurred in violation of protocol (_ssl.c:2427))
[23:44:15] [ERR] Failed to check the state of sock (session id: 63b96af5-b67e-4654-aa87-32b444e970a9, error: SSLEOFError, message: EOF occurred in violation of protocol (_ssl.c:2427))
[23:45:15] [ERR] Failed to check the state of sock (session id: dbf15eb8-cf74-4141-9083-5f403ce26fa9, error: SSLEOFError, message: EOF occurred in violation of protocol (_ssl.c:2427))
[23:45:25] [ERR] Failed to check the state of sock (session id: dbf15eb8-cf74-4141-9083-5f403ce26fa9, error: SSLEOFError, message: EOF occurred in violation of protocol (_ssl.c:2427))
[23:45:35] [ERR] Failed to check the state of sock (session id: dbf15eb8-cf74-4141-9083-5f403ce26fa9, error: SSLEOFError, message: EOF occurred in violation of protocol (_ssl.c:2427))
[23:45:45] [ERR] Failed to check the state of sock (session id: dbf15eb8-cf74-4141-9083-5f403ce26fa9, error: SSLEOFError, message: EOF occurred in violation of protocol (_ssl.c:2427))
[23:45:55] [ERR] Failed to check the state of sock (session id: dbf15eb8-cf74-4141-9083-5f403ce26fa9, error: SSLEOFError, message: EOF occurred in violation of protocol (_ssl.c:2427))
[23:46:56] [ERR] Failed to check the state of sock (session id: 577aac09-0a0d-43c2-b45e-46d556d1bc95, error: SSLEOFError, message: EOF occurred in violation of protocol (_ssl.c:2427))
[23:47:06] [ERR] Failed to check the state of sock (session id: 577aac09-0a0d-43c2-b45e-46d556d1bc95, error: SSLEOFError, message: EOF occurred in violation of protocol (_ssl.c:2427))
[23:47:16] [ERR] Failed to check the state of sock (session id: 577aac09-0a0d-43c2-b45e-46d556d1bc95, error: SSLEOFError, message: EOF occurred in violation of protocol (_ssl.c:2427))
[23:47:26] [ERR] Failed to check the state of sock (session id: 577aac09-0a0d-43c2-b45e-46d556d1bc95, error: SSLEOFError, message: EOF occurred in violation of protocol (_ssl.c:2427))
[23:47:36] [ERR] Failed to check the state of sock (session id: 577aac09-0a0d-43c2-b45e-46d556d1bc95, error: SSLEOFError, message: EOF occurred in violation of protocol (_ssl.c:2427))
[23:48:27] [ERR] Failed to check the state of sock (session id: c9bbf00f-eea1-45a8-b5ba-b2bada4cbdab, error: SSLEOFError, message: EOF occurred in violation of protocol (_ssl.c:2427))
[23:48:37] [ERR] Failed to check the state of sock (session id: c9bbf00f-eea1-45a8-b5ba-b2bada4cbdab, error: SSLError, message: [SSL: BAD_LENGTH] bad length (_ssl.c:2427))
[23:48:47] [ERR] Failed to check the state of sock (session id: c9bbf00f-eea1-45a8-b5ba-b2bada4cbdab, error: SSLEOFError, message: EOF occurred in violation of protocol (_ssl.c:2427))
[23:48:57] [ERR] Failed to check the state of sock (session id: c9bbf00f-eea1-45a8-b5ba-b2bada4cbdab, error: SSLError, message: [SSL: BAD_LENGTH] bad length (_ssl.c:2427))
[23:49:07] [ERR] Failed to check the state of sock (session id: c9bbf00f-eea1-45a8-b5ba-b2bada4cbdab, error: SSLEOFError, message: EOF occurred in violation of protocol (_ssl.c:2427))
[23:50:08] [ERR] Failed to check the state of sock (session id: 439a52a3-a681-408c-be59-233c0fcb779e, error: SSLEOFError, message: EOF occurred in violation of protocol (_ssl.c:2427))
[23:50:18] [ERR] Failed to check the state of sock (session id: 439a52a3-a681-408c-be59-233c0fcb779e, error: SSLEOFError, message: EOF occurred in violation of protocol (_ssl.c:2427))
[23:50:28] [ERR] Failed to check the state of sock (session id: 439a52a3-a681-408c-be59-233c0fcb779e, error: SSLEOFError, message: EOF occurred in violation of protocol (_ssl.c:2427))
[23:50:38] [ERR] Failed to check the state of sock (session id: 439a52a3-a681-408c-be59-233c0fcb779e, error: SSLEOFError, message: EOF occurred in violation of protocol (_ssl.c:2427))
[23:50:48] [ERR] Failed to check the state of sock (session id: 439a52a3-a681-408c-be59-233c0fcb779e, error: SSLEOFError, message: EOF occurred in violation of protocol (_ssl.c:2427))
[23:51:49] [ERR] Failed to check the state of sock (session id: 0ff990f3-6b49-49d2-9b27-a0ac643e3d5a, error: SSLEOFError, message: EOF occurred in violation of protocol (_ssl.c:2427))
[23:51:59] [ERR] Failed to check the state of sock (session id: 0ff990f3-6b49-49d2-9b27-a0ac643e3d5a, error: SSLEOFError, message: EOF occurred in violation of protocol (_ssl.c:2427))
[23:52:09] [ERR] Failed to check the state of sock (session id: 0ff990f3-6b49-49d2-9b27-a0ac643e3d5a, error: SSLEOFError, message: EOF occurred in violation of protocol (_ssl.c:2427))
[23:52:19] [ERR] Failed to check the state of sock (session id: 0ff990f3-6b49-49d2-9b27-a0ac643e3d5a, error: SSLEOFError, message: EOF occurred in violation of protocol (_ssl.c:2427))
[23:52:29] [ERR] Failed to check the state of sock (session id: 0ff990f3-6b49-49d2-9b27-a0ac643e3d5a, error: SSLEOFError, message: EOF occurred in violation of protocol (_ssl.c:2427))
[23:53:30] [ERR] Failed to check the state of sock (session id: ff75d6b0-6d02-4fd7-b348-64e050edac83, error: SSLEOFError, message: EOF occurred in violation of protocol (_ssl.c:2427))
[23:53:40] [ERR] Failed to check the state of sock (session id: ff75d6b0-6d02-4fd7-b348-64e050edac83, error: SSLEOFError, message: EOF occurred in violation of protocol (_ssl.c:2427))
[23:53:50] [ERR] Failed to check the state of sock (session id: ff75d6b0-6d02-4fd7-b348-64e050edac83, error: SSLEOFError, message: EOF occurred in violation of protocol (_ssl.c:2427))
[23:54:00] [ERR] Failed to check the state of sock (session id: ff75d6b0-6d02-4fd7-b348-64e050edac83, error: SSLError, message: [SSL: BAD_LENGTH] bad length (_ssl.c:2427))
[23:54:10] [ERR] Failed to check the state of sock (session id: ff75d6b0-6d02-4fd7-b348-64e050edac83, error: SSLError, message: [SSL: BAD_LENGTH] bad length (_ssl.c:2427))
[23:55:31] [ERR] Failed to check the state of sock (session id: 87be430d-aadf-490c-9610-e03686b23abf, error: SSLEOFError, message: EOF occurred in violation of protocol (_ssl.c:2427))
[23:55:41] [ERR] Failed to check the state of sock (session id: 87be430d-aadf-490c-9610-e03686b23abf, error: SSLEOFError, message: EOF occurred in violation of protocol (_ssl.c:2427))
[23:55:51] [ERR] Failed to check the state of sock (session id: 87be430d-aadf-490c-9610-e03686b23abf, error: SSLEOFError, message: EOF occurred in violation of protocol (_ssl.c:2427))
[23:56:01] [ERR] Failed to check the state of sock (session id: 87be430d-aadf-490c-9610-e03686b23abf, error: SSLEOFError, message: EOF occurred in violation of protocol (_ssl.c:2427))
[23:56:11] [ERR] Failed to check the state of sock (session id: 87be430d-aadf-490c-9610-e03686b23abf, error: SSLEOFError, message: EOF occurred in violation of protocol (_ssl.c:2427))
[23:57:12] [ERR] Failed to check the state of sock (session id: 00ea7350-6e19-4037-9a53-b1f720be309b, error: SSLEOFError, message: EOF occurred in violation of protocol (_ssl.c:2427))
[23:57:22] [ERR] Failed to check the state of sock (session id: 00ea7350-6e19-4037-9a53-b1f720be309b, error: SSLEOFError, message: EOF occurred in violation of protocol (_ssl.c:2427))
[23:57:32] [ERR] Failed to check the state of sock (session id: 00ea7350-6e19-4037-9a53-b1f720be309b, error: SSLEOFError, message: EOF occurred in violation of protocol (_ssl.c:2427))
[23:57:42] [ERR] Failed to check the state of sock (session id: 00ea7350-6e19-4037-9a53-b1f720be309b, error: SSLEOFError, message: EOF occurred in violation of protocol (_ssl.c:2427))
[23:57:52] [ERR] Failed to check the state of sock (session id: 00ea7350-6e19-4037-9a53-b1f720be309b, error: SSLEOFError, message: EOF occurred in violation of protocol (_ssl.c:2427))
[23:59:23] [ERR] Failed to check the state of sock (session id: 1ac5a31b-c2a3-4d24-a862-7f4f4b355a4b, error: SSLEOFError, message: EOF occurred in violation of protocol (_ssl.c:2427))
[23:59:33] [ERR] Failed to check the state of sock (session id: 1ac5a31b-c2a3-4d24-a862-7f4f4b355a4b, error: SSLEOFError, message: EOF occurred in violation of protocol (_ssl.c:2427))
[23:59:43] [ERR] Failed to check the state of sock (session id: 1ac5a31b-c2a3-4d24-a862-7f4f4b355a4b, error: SSLError, message: [SSL: BAD_LENGTH] bad length (_ssl.c:2427))
[23:59:53] [ERR] Failed to check the state of sock (session id: 1ac5a31b-c2a3-4d24-a862-7f4f4b355a4b, error: SSLEOFError, message: EOF occurred in violation of protocol (_ssl.c:2427))
