[19:26:24] [ERR] Failed to check the state of sock (session id: 07c89cbf-b381-4539-8429-81a2e0c619da, error: SSLEOFError, message: EOF occurred in violation of protocol (_ssl.c:2427))
[19:26:33] [ERR] Failed to check the state of sock (session id: 07c89cbf-b381-4539-8429-81a2e0c619da, error: SSLEOFError, message: EOF occurred in violation of protocol (_ssl.c:2427))
[19:26:43] [ERR] Failed to check the state of sock (session id: 07c89cbf-b381-4539-8429-81a2e0c619da, error: SSLEOFError, message: EOF occurred in violation of protocol (_ssl.c:2427))
[19:26:53] [ERR] Failed to check the state of sock (session id: 07c89cbf-b381-4539-8429-81a2e0c619da, error: SSLEOFError, message: EOF occurred in violation of protocol (_ssl.c:2427))
[19:27:03] [ERR] Failed to check the state of sock (session id: 07c89cbf-b381-4539-8429-81a2e0c619da, error: SSLEOFError, message: EOF occurred in violation of protocol (_ssl.c:2427))
[19:27:05] ⚠️ Slack 연결 끊김 — 재연결 대기 중...
[19:27:05] 🔄 5초 후 재연결 시도... (#1)
[19:27:18] 🟢 Slack 재연결 성공
[19:28:05] [ERR] Failed to check the state of sock (session id: 158d2499-3bec-4c46-a84c-9026f0a52fdf, error: SSLEOFError, message: EOF occurred in violation of protocol (_ssl.c:2427))
[19:28:15] [ERR] Failed to check the state of sock (session id: 158d2499-3bec-4c46-a84c-9026f0a52fdf, error: SSLError, message: [SSL: BAD_LENGTH] bad length (_ssl.c:2427))
[19:28:25] [ERR] Failed to check the state of sock (session id: 158d2499-3bec-4c46-a84c-9026f0a52fdf, error: SSLError, message: [SSL: BAD_LENGTH] bad length (_ssl.c:2427))
[19:28:35] [ERR] Failed to check the state of sock (session id: 158d2499-3bec-4c46-a84c-9026f0a52fdf, error: SSLEOFError, message: EOF occurred in violation of protocol (_ssl.c:2427))
[19:28:45] [ERR] Failed to check the state of sock (session id: 158d2499-3bec-4c46-a84c-9026f0a52fdf, error: SSLEOFError, message: EOF occurred in violation of protocol (_ssl.c:2427))
[19:30:07] [ERR] Failed to check the state of sock (session id: 26e13f6d-557c-4a10-95ea-ac949388371a, error: SSLEOFError, message: EOF occurred in violation of protocol (_ssl.c:2427))
[19:30:17] [ERR] Failed to check the state of sock (session id: 26e13f6d-557c-4a10-95ea-ac949388371a, error: SSLEOFError, message: EOF occurred in violation of protocol (_ssl.c:2427))
[19:30:27] [ERR] Failed to check the state of sock (session id: 26e13f6d-557c-4a10-95ea-ac949388371a, error: SSLEOFError, message: EOF occurred in violation of protocol (_ssl.c:2427))
[19:30:37] [ERR] Failed to check the state of sock (session id: 26e13f6d-557c-4a10-95ea-ac949388371a, error: SSLEOFError, message: EOF occurred in violation of protocol (_ssl.c:2427))
[19:30:47] [ERR] Failed to check the state of sock (session id: 26e13f6d-557c-4a10-95ea-ac949388371a, error: SSLEOFError, message: EOF occurred in violation of protocol (_ssl.c:2427))
[19:31:48] [ERR] Failed to check the state of sock (session id: c1c54d7e-15e6-49d6-a09d-1b72b7d38752, error: SSLEOFError, message: EOF occurred in violation of protocol (_ssl.c:2427))
[19:31:58] [ERR] Failed to check the state of sock (session id: c1c54d7e-15e6-49d6-a09d-1b72b7d38752, error: SSLEOFError, message: EOF occurred in violation of protocol (_ssl.c:2427))
[19:32:08] [ERR] Failed to check the state of sock (session id: c1c54d7e-15e6-49d6-a09d-1b72b7d38752, error: SSLEOFError, message: EOF occurred in violation of protocol (_ssl.c:2427))
[19:32:18] [ERR] Failed to check the state of sock (session id: c1c54d7e-15e6-49d6-a09d-1b72b7d38752, error: SSLEOFError, message: EOF occurred in violation of protocol (_ssl.c:2427))
[19:32:28] [ERR] Failed to check the state of sock (session id: c1c54d7e-15e6-49d6-a09d-1b72b7d38752, error: SSLEOFError, message: EOF occurred in violation of protocol (_ssl.c:2427))
[19:33:50] [ERR] Failed to check the state of sock (session id: 7fb7704c-9f5c-4b65-b8bf-760a4977976e, error: SSLEOFError, message: EOF occurred in violation of protocol (_ssl.c:2427))
[19:34:00] [ERR] Failed to check the state of sock (session id: 7fb7704c-9f5c-4b65-b8bf-760a4977976e, error: SSLError, message: [SSL: BAD_LENGTH] bad length (_ssl.c:2427))
[19:34:10] [ERR] Failed to check the state of sock (session id: 7fb7704c-9f5c-4b65-b8bf-760a4977976e, error: SSLEOFError, message: EOF occurred in violation of protocol (_ssl.c:2427))
[19:34:20] [ERR] Failed to check the state of sock (session id: 7fb7704c-9f5c-4b65-b8bf-760a4977976e, error: SSLError, message: [SSL: BAD_LENGTH] bad length (_ssl.c:2427))
[19:34:30] [ERR] Failed to check the state of sock (session id: 7fb7704c-9f5c-4b65-b8bf-760a4977976e, error: SSLEOFError, message: EOF occurred in violation of protocol (_ssl.c:2427))
[19:35:42] [ERR] Failed to check the state of sock (session id: 496316c7-0430-44f7-a229-79a9f06ef5d2, error: SSLEOFError, message: EOF occurred in violation of protocol (_ssl.c:2427))
[19:35:52] [ERR] Failed to check the state of sock (session id: 496316c7-0430-44f7-a229-79a9f06ef5d2, error: SSLEOFError, message: EOF occurred in violation of protocol (_ssl.c:2427))
[19:36:02] [ERR] Failed to check the state of sock (session id: 496316c7-0430-44f7-a229-79a9f06ef5d2, error: SSLEOFError, message: EOF occurred in violation of protocol (_ssl.c:2427))
[19:36:12] [ERR] Failed to check the state of sock (session id: 496316c7-0430-44f7-a229-79a9f06ef5d2, error: SSLEOFError, message: EOF occurred in violation of protocol (_ssl.c:2427))
[19:36:22] [ERR] Failed to check the state of sock (session id: 496316c7-0430-44f7-a229-79a9f06ef5d2, error: SSLEOFError, message: EOF occurred in violation of protocol (_ssl.c:2427))
[19:37:13] [ERR] Failed to check the state of sock (session id: 8925d21d-2ea9-4fb9-8215-dc5139bd563a, error: SSLEOFError, message: EOF occurred in violation of protocol (_ssl.c:2427))
[19:37:23] [ERR] Failed to check the state of sock (session id: 8925d21d-2ea9-4fb9-8215-dc5139bd563a, error: SSLEOFError, message: EOF occurred in violation of protocol (_ssl.c:2427))
[19:37:33] [ERR] Failed to check the state of sock (session id: 8925d21d-2ea9-4fb9-8215-dc5139bd563a, error: SSLEOFError, message: EOF occurred in violation of protocol (_ssl.c:2427))
[19:37:43] [ERR] Failed to check the state of sock (session id: 8925d21d-2ea9-4fb9-8215-dc5139bd563a, error: SSLError, message: [SSL: BAD_LENGTH] bad length (_ssl.c:2427))
[19:37:53] [ERR] Failed to check the state of sock (session id: 8925d21d-2ea9-4fb9-8215-dc5139bd563a, error: SSLEOFError, message: EOF occurred in violation of protocol (_ssl.c:2427))
[19:39:24] [ERR] Failed to check the state of sock (session id: 8944f503-2891-407f-8157-c5f6387fbecb, error: SSLEOFError, message: EOF occurred in violation of protocol (_ssl.c:2427))
[19:39:34] [ERR] Failed to check the state of sock (session id: 8944f503-2891-407f-8157-c5f6387fbecb, error: SSLEOFError, message: EOF occurred in violation of protocol (_ssl.c:2427))
[19:39:44] [ERR] Failed to check the state of sock (session id: 8944f503-2891-407f-8157-c5f6387fbecb, error: SSLEOFError, message: EOF occurred in violation of protocol (_ssl.c:2427))
[19:39:54] [ERR] Failed to check the state of sock (session id: 8944f503-2891-407f-8157-c5f6387fbecb, error: SSLEOFError, message: EOF occurred in violation of protocol (_ssl.c:2427))
[19:40:04] [ERR] Failed to check the state of sock (session id: 8944f503-2891-407f-8157-c5f6387fbecb, error: SSLEOFError, message: EOF occurred in violation of protocol (_ssl.c:2427))
[19:41:05] [ERR] Failed to check the state of sock (session id: 0c3adf78-d5d3-406c-beb2-99afd6423af4, error: SSLEOFError, message: EOF occurred in violation of protocol (_ssl.c:2427))
[19:41:15] [ERR] Failed to check the state of sock (session id: 0c3adf78-d5d3-406c-beb2-99afd6423af4, error: SSLError, message: [SSL: BAD_LENGTH] bad length (_ssl.c:2427))
[19:41:25] [ERR] Failed to check the state of sock (session id: 0c3adf78-d5d3-406c-beb2-99afd6423af4, error: SSLEOFError, message: EOF occurred in violation of protocol (_ssl.c:2427))
[19:41:35] [ERR] Failed to check the state of sock (session id: 0c3adf78-d5d3-406c-beb2-99afd6423af4, error: SSLEOFError, message: EOF occurred in violation of protocol (_ssl.c:2427))
[19:41:45] [ERR] Failed to check the state of sock (session id: 0c3adf78-d5d3-406c-beb2-99afd6423af4, error: SSLEOFError, message: EOF occurred in violation of protocol (_ssl.c:2427))
[19:42:47] [ERR] Failed to check the state of sock (session id: c9aa756b-b819-4203-9a9d-d9b4db65ce43, error: SSLEOFError, message: EOF occurred in violation of protocol (_ssl.c:2427))
[19:42:57] [ERR] Failed to check the state of sock (session id: c9aa756b-b819-4203-9a9d-d9b4db65ce43, error: SSLEOFError, message: EOF occurred in violation of protocol (_ssl.c:2427))
[19:43:07] [ERR] Failed to check the state of sock (session id: c9aa756b-b819-4203-9a9d-d9b4db65ce43, error: SSLEOFError, message: EOF occurred in violation of protocol (_ssl.c:2427))
[19:43:17] [ERR] Failed to check the state of sock (session id: c9aa756b-b819-4203-9a9d-d9b4db65ce43, error: SSLEOFError, message: EOF occurred in violation of protocol (_ssl.c:2427))
[19:43:27] [ERR] Failed to check the state of sock (session id: c9aa756b-b819-4203-9a9d-d9b4db65ce43, error: SSLError, message: [SSL: BAD_LENGTH] bad length (_ssl.c:2427))
[19:44:48] [ERR] Failed to check the state of sock (session id: ece6ce2d-529e-438c-b1f0-cdec1b8f1eec, error: SSLEOFError, message: EOF occurred in violation of protocol (_ssl.c:2427))
[19:44:58] [ERR] Failed to check the state of sock (session id: ece6ce2d-529e-438c-b1f0-cdec1b8f1eec, error: SSLEOFError, message: EOF occurred in violation of protocol (_ssl.c:2427))
[19:45:08] [ERR] Failed to check the state of sock (session id: ece6ce2d-529e-438c-b1f0-cdec1b8f1eec, error: SSLEOFError, message: EOF occurred in violation of protocol (_ssl.c:2427))
[19:45:18] [ERR] Failed to check the state of sock (session id: ece6ce2d-529e-438c-b1f0-cdec1b8f1eec, error: SSLEOFError, message: EOF occurred in violation of protocol (_ssl.c:2427))
[19:45:28] [ERR] Failed to check the state of sock (session id: ece6ce2d-529e-438c-b1f0-cdec1b8f1eec, error: SSLEOFError, message: EOF occurred in violation of protocol (_ssl.c:2427))
[19:46:50] [ERR] Failed to check the state of sock (session id: 92c2291a-069d-4f55-856a-086cdec81838, error: SSLEOFError, message: EOF occurred in violation of protocol (_ssl.c:2427))
[19:47:00] [ERR] Failed to check the state of sock (session id: 92c2291a-069d-4f55-856a-086cdec81838, error: SSLEOFError, message: EOF occurred in violation of protocol (_ssl.c:2427))
[19:47:10] [ERR] Failed to check the state of sock (session id: 92c2291a-069d-4f55-856a-086cdec81838, error: SSLError, message: [SSL: BAD_LENGTH] bad length (_ssl.c:2427))
[19:47:20] [ERR] Failed to check the state of sock (session id: 92c2291a-069d-4f55-856a-086cdec81838, error: SSLEOFError, message: EOF occurred in violation of protocol (_ssl.c:2427))
[19:47:30] [ERR] Failed to check the state of sock (session id: 92c2291a-069d-4f55-856a-086cdec81838, error: SSLEOFError, message: EOF occurred in violation of protocol (_ssl.c:2427))
[19:48:41] [ERR] Failed to check the state of sock (session id: 9a5a79ae-9ade-4233-a0b9-f588489445bf, error: SSLEOFError, message: EOF occurred in violation of protocol (_ssl.c:2427))
[19:48:51] [ERR] Failed to check the state of sock (session id: 9a5a79ae-9ade-4233-a0b9-f588489445bf, error: SSLError, message: [SSL: BAD_LENGTH] bad length (_ssl.c:2427))
[19:49:01] [ERR] Failed to check the state of sock (session id: 9a5a79ae-9ade-4233-a0b9-f588489445bf, error: SSLEOFError, message: EOF occurred in violation of protocol (_ssl.c:2427))
[19:49:11] [ERR] Failed to check the state of sock (session id: 9a5a79ae-9ade-4233-a0b9-f588489445bf, error: SSLEOFError, message: EOF occurred in violation of protocol (_ssl.c:2427))
[19:49:21] [ERR] Failed to check the state of sock (session id: 9a5a79ae-9ade-4233-a0b9-f588489445bf, error: SSLEOFError, message: EOF occurred in violation of protocol (_ssl.c:2427))
[19:50:23] [ERR] Failed to check the state of sock (session id: b8c9ba88-1f38-465a-ac62-fe1a9c467638, error: SSLEOFError, message: EOF occurred in violation of protocol (_ssl.c:2427))
[19:50:33] [ERR] Failed to check the state of sock (session id: b8c9ba88-1f38-465a-ac62-fe1a9c467638, error: SSLEOFError, message: EOF occurred in violation of protocol (_ssl.c:2427))
[19:50:43] [ERR] Failed to check the state of sock (session id: b8c9ba88-1f38-465a-ac62-fe1a9c467638, error: SSLEOFError, message: EOF occurred in violation of protocol (_ssl.c:2427))
[19:50:53] [ERR] Failed to check the state of sock (session id: b8c9ba88-1f38-465a-ac62-fe1a9c467638, error: SSLEOFError, message: EOF occurred in violation of protocol (_ssl.c:2427))
[19:51:03] [ERR] Failed to check the state of sock (session id: b8c9ba88-1f38-465a-ac62-fe1a9c467638, error: SSLEOFError, message: EOF occurred in violation of protocol (_ssl.c:2427))
[19:52:05] [ERR] Failed to check the state of sock (session id: c542c063-dabe-447d-a325-f3fa1426e04c, error: SSLEOFError, message: EOF occurred in violation of protocol (_ssl.c:2427))
[19:52:15] [ERR] Failed to check the state of sock (session id: c542c063-dabe-447d-a325-f3fa1426e04c, error: SSLEOFError, message: EOF occurred in violation of protocol (_ssl.c:2427))
[19:52:25] [ERR] Failed to check the state of sock (session id: c542c063-dabe-447d-a325-f3fa1426e04c, error: SSLEOFError, message: EOF occurred in violation of protocol (_ssl.c:2427))
[19:52:35] [ERR] Failed to check the state of sock (session id: c542c063-dabe-447d-a325-f3fa1426e04c, error: SSLEOFError, message: EOF occurred in violation of protocol (_ssl.c:2427))
[19:52:45] [ERR] Failed to check the state of sock (session id: c542c063-dabe-447d-a325-f3fa1426e04c, error: SSLEOFError, message: EOF occurred in violation of protocol (_ssl.c:2427))
[19:53:46] [ERR] Failed to check the state of sock (session id: 97ff3f60-15d0-41a8-8e09-10348459a884, error: SSLEOFError, message: EOF occurred in violation of protocol (_ssl.c:2427))
[19:53:56] [ERR] Failed to check the state of sock (session id: 97ff3f60-15d0-41a8-8e09-10348459a884, error: SSLEOFError, message: EOF occurred in violation of protocol (_ssl.c:2427))
[19:54:06] [ERR] Failed to check the state of sock (session id: 97ff3f60-15d0-41a8-8e09-10348459a884, error: SSLEOFError, message: EOF occurred in violation of protocol (_ssl.c:2427))
[19:54:16] [ERR] Failed to check the state of sock (session id: 97ff3f60-15d0-41a8-8e09-10348459a884, error: SSLEOFError, message: EOF occurred in violation of protocol (_ssl.c:2427))
[19:54:26] [ERR] Failed to check the state of sock (session id: 97ff3f60-15d0-41a8-8e09-10348459a884, error: SSLEOFError, message: EOF occurred in violation of protocol (_ssl.c:2427))
[19:55:17] [ERR] Failed to check the state of sock (session id: d8fc53c2-22d4-4dae-a66a-52fc6e1ceed7, error: SSLEOFError, message: EOF occurred in violation of protocol (_ssl.c:2427))
[19:55:27] [ERR] Failed to check the state of sock (session id: d8fc53c2-22d4-4dae-a66a-52fc6e1ceed7, error: SSLEOFError, message: EOF occurred in violation of protocol (_ssl.c:2427))
[19:55:37] [ERR] Failed to check the state of sock (session id: d8fc53c2-22d4-4dae-a66a-52fc6e1ceed7, error: SSLError, message: [SSL: BAD_LENGTH] bad length (_ssl.c:2427))
[19:55:47] [ERR] Failed to check the state of sock (session id: d8fc53c2-22d4-4dae-a66a-52fc6e1ceed7, error: SSLEOFError, message: EOF occurred in violation of protocol (_ssl.c:2427))
[19:55:57] [ERR] Failed to check the state of sock (session id: d8fc53c2-22d4-4dae-a66a-52fc6e1ceed7, error: SSLEOFError, message: EOF occurred in violation of protocol (_ssl.c:2427))
[19:57:00] [ERR] Failed to check the state of sock (session id: 3ca29e3d-c424-4150-87dd-8dce2e081c13, error: SSLEOFError, message: EOF occurred in violation of protocol (_ssl.c:2427))
[19:57:09] [ERR] Failed to check the state of sock (session id: 3ca29e3d-c424-4150-87dd-8dce2e081c13, error: SSLError, message: [SSL: BAD_LENGTH] bad length (_ssl.c:2427))
[19:57:19] [ERR] Failed to check the state of sock (session id: 3ca29e3d-c424-4150-87dd-8dce2e081c13, error: SSLEOFError, message: EOF occurred in violation of protocol (_ssl.c:2427))
[19:57:29] [ERR] Failed to check the state of sock (session id: 3ca29e3d-c424-4150-87dd-8dce2e081c13, error: SSLEOFError, message: EOF occurred in violation of protocol (_ssl.c:2427))
[19:57:39] [ERR] Failed to check the state of sock (session id: 3ca29e3d-c424-4150-87dd-8dce2e081c13, error: SSLEOFError, message: EOF occurred in violation of protocol (_ssl.c:2427))
[19:58:40] [ERR] Failed to check the state of sock (session id: 152e4350-73e5-444a-90b9-8c01c3fe2adb, error: SSLEOFError, message: EOF occurred in violation of protocol (_ssl.c:2427))
[19:58:50] [ERR] Failed to check the state of sock (session id: 152e4350-73e5-444a-90b9-8c01c3fe2adb, error: SSLError, message: [SSL: BAD_LENGTH] bad length (_ssl.c:2427))
[19:59:00] [ERR] Failed to check the state of sock (session id: 152e4350-73e5-444a-90b9-8c01c3fe2adb, error: SSLEOFError, message: EOF occurred in violation of protocol (_ssl.c:2427))
[19:59:10] [ERR] Failed to check the state of sock (session id: 152e4350-73e5-444a-90b9-8c01c3fe2adb, error: SSLEOFError, message: EOF occurred in violation of protocol (_ssl.c:2427))
[19:59:20] [ERR] Failed to check the state of sock (session id: 152e4350-73e5-444a-90b9-8c01c3fe2adb, error: SSLError, message: [SSL: BAD_LENGTH] bad length (_ssl.c:2427))
[20:00:22] [ERR] Failed to check the state of sock (session id: 897d56b9-96d5-41dd-96ba-2c67d3bbafba, error: SSLEOFError, message: EOF occurred in violation of protocol (_ssl.c:2427))
[20:00:32] [ERR] Failed to check the state of sock (session id: 897d56b9-96d5-41dd-96ba-2c67d3bbafba, error: SSLError, message: [SSL: BAD_LENGTH] bad length (_ssl.c:2427))
[20:00:42] [ERR] Failed to check the state of sock (session id: 897d56b9-96d5-41dd-96ba-2c67d3bbafba, error: SSLEOFError, message: EOF occurred in violation of protocol (_ssl.c:2427))
[20:00:52] [ERR] Failed to check the state of sock (session id: 897d56b9-96d5-41dd-96ba-2c67d3bbafba, error: SSLEOFError, message: EOF occurred in violation of protocol (_ssl.c:2427))
[20:01:02] [ERR] Failed to check the state of sock (session id: 897d56b9-96d5-41dd-96ba-2c67d3bbafba, error: SSLEOFError, message: EOF occurred in violation of protocol (_ssl.c:2427))
[20:02:03] [ERR] Failed to check the state of sock (session id: 21ca5adc-05ae-4da5-afe1-7bf75dc6861e, error: SSLEOFError, message: EOF occurred in violation of protocol (_ssl.c:2427))
[20:02:13] [ERR] Failed to check the state of sock (session id: 21ca5adc-05ae-4da5-afe1-7bf75dc6861e, error: SSLEOFError, message: EOF occurred in violation of protocol (_ssl.c:2427))
[20:02:23] [ERR] Failed to check the state of sock (session id: 21ca5adc-05ae-4da5-afe1-7bf75dc6861e, error: SSLEOFError, message: EOF occurred in violation of protocol (_ssl.c:2427))
[20:02:33] [ERR] Failed to check the state of sock (session id: 21ca5adc-05ae-4da5-afe1-7bf75dc6861e, error: SSLError, message: [SSL: BAD_LENGTH] bad length (_ssl.c:2427))
[20:02:43] [ERR] Failed to check the state of sock (session id: 21ca5adc-05ae-4da5-afe1-7bf75dc6861e, error: SSLEOFError, message: EOF occurred in violation of protocol (_ssl.c:2427))
[20:03:34] [ERR] Failed to check the state of sock (session id: 84cd9b26-500e-44bf-9403-08a01b614fc4, error: SSLEOFError, message: EOF occurred in violation of protocol (_ssl.c:2427))
[20:03:44] [ERR] Failed to check the state of sock (session id: 84cd9b26-500e-44bf-9403-08a01b614fc4, error: SSLEOFError, message: EOF occurred in violation of protocol (_ssl.c:2427))
[20:03:54] [ERR] Failed to check the state of sock (session id: 84cd9b26-500e-44bf-9403-08a01b614fc4, error: SSLEOFError, message: EOF occurred in violation of protocol (_ssl.c:2427))
[20:04:04] [ERR] Failed to check the state of sock (session id: 84cd9b26-500e-44bf-9403-08a01b614fc4, error: SSLEOFError, message: EOF occurred in violation of protocol (_ssl.c:2427))
[20:04:14] [ERR] Failed to check the state of sock (session id: 84cd9b26-500e-44bf-9403-08a01b614fc4, error: SSLEOFError, message: EOF occurred in violation of protocol (_ssl.c:2427))
[20:05:15] [ERR] Failed to check the state of sock (session id: 3a973c9d-ec31-43e6-bd66-a4d7aa525665, error: SSLEOFError, message: EOF occurred in violation of protocol (_ssl.c:2427))
[20:05:25] [ERR] Failed to check the state of sock (session id: 3a973c9d-ec31-43e6-bd66-a4d7aa525665, error: SSLEOFError, message: EOF occurred in violation of protocol (_ssl.c:2427))
[20:05:35] [ERR] Failed to check the state of sock (session id: 3a973c9d-ec31-43e6-bd66-a4d7aa525665, error: SSLEOFError, message: EOF occurred in violation of protocol (_ssl.c:2427))
[20:05:45] [ERR] Failed to check the state of sock (session id: 3a973c9d-ec31-43e6-bd66-a4d7aa525665, error: SSLEOFError, message: EOF occurred in violation of protocol (_ssl.c:2427))
[20:05:55] [ERR] Failed to check the state of sock (session id: 3a973c9d-ec31-43e6-bd66-a4d7aa525665, error: SSLEOFError, message: EOF occurred in violation of protocol (_ssl.c:2427))
[20:07:16] [ERR] Failed to check the state of sock (session id: 77a25c14-9396-42dd-a299-ed4e23c8da5a, error: SSLEOFError, message: EOF occurred in violation of protocol (_ssl.c:2427))
[20:07:26] [ERR] Failed to check the state of sock (session id: 77a25c14-9396-42dd-a299-ed4e23c8da5a, error: SSLEOFError, message: EOF occurred in violation of protocol (_ssl.c:2427))
[20:07:36] [ERR] Failed to check the state of sock (session id: 77a25c14-9396-42dd-a299-ed4e23c8da5a, error: SSLEOFError, message: EOF occurred in violation of protocol (_ssl.c:2427))
[20:07:46] [ERR] Failed to check the state of sock (session id: 77a25c14-9396-42dd-a299-ed4e23c8da5a, error: SSLError, message: [SSL: BAD_LENGTH] bad length (_ssl.c:2427))
[20:07:56] [ERR] Failed to check the state of sock (session id: 77a25c14-9396-42dd-a299-ed4e23c8da5a, error: SSLEOFError, message: EOF occurred in violation of protocol (_ssl.c:2427))
[20:08:58] [ERR] Failed to check the state of sock (session id: 3a9884b6-7c2e-4ca9-a506-ed3d32ddbce0, error: SSLEOFError, message: EOF occurred in violation of protocol (_ssl.c:2427))
[20:09:08] [ERR] Failed to check the state of sock (session id: 3a9884b6-7c2e-4ca9-a506-ed3d32ddbce0, error: SSLEOFError, message: EOF occurred in violation of protocol (_ssl.c:2427))
[20:09:18] [ERR] Failed to check the state of sock (session id: 3a9884b6-7c2e-4ca9-a506-ed3d32ddbce0, error: SSLEOFError, message: EOF occurred in violation of protocol (_ssl.c:2427))
[20:09:28] [ERR] Failed to check the state of sock (session id: 3a9884b6-7c2e-4ca9-a506-ed3d32ddbce0, error: SSLEOFError, message: EOF occurred in violation of protocol (_ssl.c:2427))
[20:09:38] [ERR] Failed to check the state of sock (session id: 3a9884b6-7c2e-4ca9-a506-ed3d32ddbce0, error: SSLEOFError, message: EOF occurred in violation of protocol (_ssl.c:2427))
[20:10:59] [ERR] Failed to check the state of sock (session id: 512cba67-9aca-4f58-9b43-be397051a141, error: SSLEOFError, message: EOF occurred in violation of protocol (_ssl.c:2427))
[20:11:09] [ERR] Failed to check the state of sock (session id: 512cba67-9aca-4f58-9b43-be397051a141, error: SSLEOFError, message: EOF occurred in violation of protocol (_ssl.c:2427))
[20:11:19] [ERR] Failed to check the state of sock (session id: 512cba67-9aca-4f58-9b43-be397051a141, error: SSLEOFError, message: EOF occurred in violation of protocol (_ssl.c:2427))
[20:11:29] [ERR] Failed to check the state of sock (session id: 512cba67-9aca-4f58-9b43-be397051a141, error: SSLError, message: [SSL: BAD_LENGTH] bad length (_ssl.c:2427))
[20:11:39] [ERR] Failed to check the state of sock (session id: 512cba67-9aca-4f58-9b43-be397051a141, error: SSLEOFError, message: EOF occurred in violation of protocol (_ssl.c:2427))
[20:12:40] [ERR] Failed to check the state of sock (session id: ff4f81c9-9836-4a4a-b3c2-3c67e7d2d4ee, error: SSLEOFError, message: EOF occurred in violation of protocol (_ssl.c:2427))
[20:12:50] [ERR] Failed to check the state of sock (session id: ff4f81c9-9836-4a4a-b3c2-3c67e7d2d4ee, error: SSLEOFError, message: EOF occurred in violation of protocol (_ssl.c:2427))
[20:13:00] [ERR] Failed to check the state of sock (session id: ff4f81c9-9836-4a4a-b3c2-3c67e7d2d4ee, error: SSLEOFError, message: EOF occurred in violation of protocol (_ssl.c:2427))
[20:13:10] [ERR] Failed to check the state of sock (session id: ff4f81c9-9836-4a4a-b3c2-3c67e7d2d4ee, error: SSLEOFError, message: EOF occurred in violation of protocol (_ssl.c:2427))
[20:13:20] [ERR] Failed to check the state of sock (session id: ff4f81c9-9836-4a4a-b3c2-3c67e7d2d4ee, error: SSLEOFError, message: EOF occurred in violation of protocol (_ssl.c:2427))
[20:14:21] [ERR] Failed to check the state of sock (session id: 371262e8-d851-4371-9aa1-5b18265ca54d, error: SSLEOFError, message: EOF occurred in violation of protocol (_ssl.c:2427))
[20:14:31] [ERR] Failed to check the state of sock (session id: 371262e8-d851-4371-9aa1-5b18265ca54d, error: SSLEOFError, message: EOF occurred in violation of protocol (_ssl.c:2427))
[20:14:41] [ERR] Failed to check the state of sock (session id: 371262e8-d851-4371-9aa1-5b18265ca54d, error: SSLEOFError, message: EOF occurred in violation of protocol (_ssl.c:2427))
[20:14:51] [ERR] Failed to check the state of sock (session id: 371262e8-d851-4371-9aa1-5b18265ca54d, error: SSLEOFError, message: EOF occurred in violation of protocol (_ssl.c:2427))
[20:15:01] [ERR] Failed to check the state of sock (session id: 371262e8-d851-4371-9aa1-5b18265ca54d, error: SSLEOFError, message: EOF occurred in violation of protocol (_ssl.c:2427))
[20:16:03] [ERR] Failed to check the state of sock (session id: 398a648f-a550-4f4f-93f8-93291ed6d826, error: SSLEOFError, message: EOF occurred in violation of protocol (_ssl.c:2427))
[20:16:13] [ERR] Failed to check the state of sock (session id: 398a648f-a550-4f4f-93f8-93291ed6d826, error: SSLEOFError, message: EOF occurred in violation of protocol (_ssl.c:2427))
[20:16:23] [ERR] Failed to check the state of sock (session id: 398a648f-a550-4f4f-93f8-93291ed6d826, error: SSLEOFError, message: EOF occurred in violation of protocol (_ssl.c:2427))
[20:16:33] [ERR] Failed to check the state of sock (session id: 398a648f-a550-4f4f-93f8-93291ed6d826, error: SSLEOFError, message: EOF occurred in violation of protocol (_ssl.c:2427))
[20:16:43] [ERR] Failed to check the state of sock (session id: 398a648f-a550-4f4f-93f8-93291ed6d826, error: SSLEOFError, message: EOF occurred in violation of protocol (_ssl.c:2427))
[20:17:44] [ERR] Failed to check the state of sock (session id: cc1b742c-fa76-4ee8-a84e-aa89b536de6d, error: SSLEOFError, message: EOF occurred in violation of protocol (_ssl.c:2427))
[20:17:54] [ERR] Failed to check the state of sock (session id: cc1b742c-fa76-4ee8-a84e-aa89b536de6d, error: SSLEOFError, message: EOF occurred in violation of protocol (_ssl.c:2427))
[20:18:04] [ERR] Failed to check the state of sock (session id: cc1b742c-fa76-4ee8-a84e-aa89b536de6d, error: SSLEOFError, message: EOF occurred in violation of protocol (_ssl.c:2427))
[20:18:14] [ERR] Failed to check the state of sock (session id: cc1b742c-fa76-4ee8-a84e-aa89b536de6d, error: SSLEOFError, message: EOF occurred in violation of protocol (_ssl.c:2427))
[20:18:24] [ERR] Failed to check the state of sock (session id: cc1b742c-fa76-4ee8-a84e-aa89b536de6d, error: SSLEOFError, message: EOF occurred in violation of protocol (_ssl.c:2427))
[20:19:45] [ERR] Failed to check the state of sock (session id: f8411a92-5786-4677-8dd0-ab80f649b8b3, error: SSLEOFError, message: EOF occurred in violation of protocol (_ssl.c:2427))
[20:19:55] [ERR] Failed to check the state of sock (session id: f8411a92-5786-4677-8dd0-ab80f649b8b3, error: SSLEOFError, message: EOF occurred in violation of protocol (_ssl.c:2427))
[20:20:05] [ERR] Failed to check the state of sock (session id: f8411a92-5786-4677-8dd0-ab80f649b8b3, error: SSLEOFError, message: EOF occurred in violation of protocol (_ssl.c:2427))
[20:20:15] [ERR] Failed to check the state of sock (session id: f8411a92-5786-4677-8dd0-ab80f649b8b3, error: SSLEOFError, message: EOF occurred in violation of protocol (_ssl.c:2427))
[20:20:25] [ERR] Failed to check the state of sock (session id: f8411a92-5786-4677-8dd0-ab80f649b8b3, error: SSLEOFError, message: EOF occurred in violation of protocol (_ssl.c:2427))
[20:21:56] [ERR] Failed to check the state of sock (session id: 9f07d0df-f5d7-44a8-b433-a6ccebeb2b5a, error: SSLEOFError, message: EOF occurred in violation of protocol (_ssl.c:2427))
[20:22:06] [ERR] Failed to check the state of sock (session id: 9f07d0df-f5d7-44a8-b433-a6ccebeb2b5a, error: SSLEOFError, message: EOF occurred in violation of protocol (_ssl.c:2427))
[20:22:16] [ERR] Failed to check the state of sock (session id: 9f07d0df-f5d7-44a8-b433-a6ccebeb2b5a, error: SSLEOFError, message: EOF occurred in violation of protocol (_ssl.c:2427))
[20:22:26] [ERR] Failed to check the state of sock (session id: 9f07d0df-f5d7-44a8-b433-a6ccebeb2b5a, error: SSLEOFError, message: EOF occurred in violation of protocol (_ssl.c:2427))
[20:22:36] [ERR] Failed to check the state of sock (session id: 9f07d0df-f5d7-44a8-b433-a6ccebeb2b5a, error: SSLError, message: [SSL: BAD_LENGTH] bad length (_ssl.c:2427))
[20:23:58] [ERR] Failed to check the state of sock (session id: 100b8b5a-182f-41ed-9770-9b659a805417, error: SSLEOFError, message: EOF occurred in violation of protocol (_ssl.c:2427))
[20:24:08] [ERR] Failed to check the state of sock (session id: 100b8b5a-182f-41ed-9770-9b659a805417, error: SSLEOFError, message: EOF occurred in violation of protocol (_ssl.c:2427))
[20:24:18] [ERR] Failed to check the state of sock (session id: 100b8b5a-182f-41ed-9770-9b659a805417, error: SSLEOFError, message: EOF occurred in violation of protocol (_ssl.c:2427))
[20:24:28] [ERR] Failed to check the state of sock (session id: 100b8b5a-182f-41ed-9770-9b659a805417, error: SSLEOFError, message: EOF occurred in violation of protocol (_ssl.c:2427))
[20:24:38] [ERR] Failed to check the state of sock (session id: 100b8b5a-182f-41ed-9770-9b659a805417, error: SSLEOFError, message: EOF occurred in violation of protocol (_ssl.c:2427))
[20:25:59] [ERR] Failed to check the state of sock (session id: f12300bd-8ab9-423b-8e25-d28ed2d142fd, error: SSLEOFError, message: EOF occurred in violation of protocol (_ssl.c:2427))
[20:26:09] [ERR] Failed to check the state of sock (session id: f12300bd-8ab9-423b-8e25-d28ed2d142fd, error: SSLEOFError, message: EOF occurred in violation of protocol (_ssl.c:2427))
[20:26:19] [ERR] Failed to check the state of sock (session id: f12300bd-8ab9-423b-8e25-d28ed2d142fd, error: SSLEOFError, message: EOF occurred in violation of protocol (_ssl.c:2427))
[20:26:29] [ERR] Failed to check the state of sock (session id: f12300bd-8ab9-423b-8e25-d28ed2d142fd, error: SSLEOFError, message: EOF occurred in violation of protocol (_ssl.c:2427))
[20:26:39] [ERR] Failed to check the state of sock (session id: f12300bd-8ab9-423b-8e25-d28ed2d142fd, error: SSLEOFError, message: EOF occurred in violation of protocol (_ssl.c:2427))
[20:28:10] [ERR] Failed to check the state of sock (session id: 5626f8a8-53be-4b5e-987d-0de552ea60c9, error: SSLEOFError, message: EOF occurred in violation of protocol (_ssl.c:2427))
[20:28:20] [ERR] Failed to check the state of sock (session id: 5626f8a8-53be-4b5e-987d-0de552ea60c9, error: SSLEOFError, message: EOF occurred in violation of protocol (_ssl.c:2427))
[20:28:30] [ERR] Failed to check the state of sock (session id: 5626f8a8-53be-4b5e-987d-0de552ea60c9, error: SSLEOFError, message: EOF occurred in violation of protocol (_ssl.c:2427))
[20:28:40] [ERR] Failed to check the state of sock (session id: 5626f8a8-53be-4b5e-987d-0de552ea60c9, error: SSLEOFError, message: EOF occurred in violation of protocol (_ssl.c:2427))
[20:28:50] [ERR] Failed to check the state of sock (session id: 5626f8a8-53be-4b5e-987d-0de552ea60c9, error: SSLEOFError, message: EOF occurred in violation of protocol (_ssl.c:2427))
[20:30:11] [ERR] Failed to check the state of sock (session id: 4e663b9d-c41d-49ab-9d9d-b6c817c86129, error: SSLEOFError, message: EOF occurred in violation of protocol (_ssl.c:2427))
[20:30:21] [ERR] Failed to check the state of sock (session id: 4e663b9d-c41d-49ab-9d9d-b6c817c86129, error: SSLEOFError, message: EOF occurred in violation of protocol (_ssl.c:2427))
[20:30:31] [ERR] Failed to check the state of sock (session id: 4e663b9d-c41d-49ab-9d9d-b6c817c86129, error: SSLEOFError, message: EOF occurred in violation of protocol (_ssl.c:2427))
[20:30:41] [ERR] Failed to check the state of sock (session id: 4e663b9d-c41d-49ab-9d9d-b6c817c86129, error: SSLEOFError, message: EOF occurred in violation of protocol (_ssl.c:2427))
[20:30:51] [ERR] Failed to check the state of sock (session id: 4e663b9d-c41d-49ab-9d9d-b6c817c86129, error: SSLEOFError, message: EOF occurred in violation of protocol (_ssl.c:2427))
[20:31:42] [ERR] Failed to check the state of sock (session id: f540ace5-d025-4f28-838a-19c926bff47f, error: SSLEOFError, message: EOF occurred in violation of protocol (_ssl.c:2427))
[20:31:52] [ERR] Failed to check the state of sock (session id: f540ace5-d025-4f28-838a-19c926bff47f, error: SSLEOFError, message: EOF occurred in violation of protocol (_ssl.c:2427))
[20:32:02] [ERR] Failed to check the state of sock (session id: f540ace5-d025-4f28-838a-19c926bff47f, error: SSLEOFError, message: EOF occurred in violation of protocol (_ssl.c:2427))
[20:32:12] [ERR] Failed to check the state of sock (session id: f540ace5-d025-4f28-838a-19c926bff47f, error: SSLEOFError, message: EOF occurred in violation of protocol (_ssl.c:2427))
[20:32:22] [ERR] Failed to check the state of sock (session id: f540ace5-d025-4f28-838a-19c926bff47f, error: SSLError, message: [SSL: BAD_LENGTH] bad length (_ssl.c:2427))
[20:33:23] [ERR] Failed to check the state of sock (session id: c1e19a51-9094-4fde-9afe-e51e97460b12, error: SSLEOFError, message: EOF occurred in violation of protocol (_ssl.c:2427))
[20:33:33] [ERR] Failed to check the state of sock (session id: c1e19a51-9094-4fde-9afe-e51e97460b12, error: SSLEOFError, message: EOF occurred in violation of protocol (_ssl.c:2427))
[20:33:43] [ERR] Failed to check the state of sock (session id: c1e19a51-9094-4fde-9afe-e51e97460b12, error: SSLEOFError, message: EOF occurred in violation of protocol (_ssl.c:2427))
[20:33:53] [ERR] Failed to check the state of sock (session id: c1e19a51-9094-4fde-9afe-e51e97460b12, error: SSLEOFError, message: EOF occurred in violation of protocol (_ssl.c:2427))
[20:34:03] [ERR] Failed to check the state of sock (session id: c1e19a51-9094-4fde-9afe-e51e97460b12, error: SSLEOFError, message: EOF occurred in violation of protocol (_ssl.c:2427))
[20:35:05] [ERR] Failed to check the state of sock (session id: b29945e4-1922-4bef-b8ca-cd85da845075, error: SSLEOFError, message: EOF occurred in violation of protocol (_ssl.c:2427))
[20:35:15] [ERR] Failed to check the state of sock (session id: b29945e4-1922-4bef-b8ca-cd85da845075, error: SSLEOFError, message: EOF occurred in violation of protocol (_ssl.c:2427))
[20:35:25] [ERR] Failed to check the state of sock (session id: b29945e4-1922-4bef-b8ca-cd85da845075, error: SSLEOFError, message: EOF occurred in violation of protocol (_ssl.c:2427))
[20:35:35] [ERR] Failed to check the state of sock (session id: b29945e4-1922-4bef-b8ca-cd85da845075, error: SSLError, message: [SSL: BAD_LENGTH] bad length (_ssl.c:2427))
[20:35:45] [ERR] Failed to check the state of sock (session id: b29945e4-1922-4bef-b8ca-cd85da845075, error: SSLEOFError, message: EOF occurred in violation of protocol (_ssl.c:2427))
[20:36:46] [ERR] Failed to check the state of sock (session id: 5a234f78-2dd1-4aef-bdb6-6ef32298c8b5, error: SSLEOFError, message: EOF occurred in violation of protocol (_ssl.c:2427))
[20:36:56] [ERR] Failed to check the state of sock (session id: 5a234f78-2dd1-4aef-bdb6-6ef32298c8b5, error: SSLEOFError, message: EOF occurred in violation of protocol (_ssl.c:2427))
[20:37:06] [ERR] Failed to check the state of sock (session id: 5a234f78-2dd1-4aef-bdb6-6ef32298c8b5, error: SSLEOFError, message: EOF occurred in violation of protocol (_ssl.c:2427))
[20:37:16] [ERR] Failed to check the state of sock (session id: 5a234f78-2dd1-4aef-bdb6-6ef32298c8b5, error: SSLEOFError, message: EOF occurred in violation of protocol (_ssl.c:2427))
[20:37:26] [ERR] Failed to check the state of sock (session id: 5a234f78-2dd1-4aef-bdb6-6ef32298c8b5, error: SSLEOFError, message: EOF occurred in violation of protocol (_ssl.c:2427))
[20:38:27] [ERR] Failed to check the state of sock (session id: b504daac-fc24-4cd2-9591-98a9c5c2f736, error: SSLEOFError, message: EOF occurred in violation of protocol (_ssl.c:2427))
[20:38:37] [ERR] Failed to check the state of sock (session id: b504daac-fc24-4cd2-9591-98a9c5c2f736, error: SSLError, message: [SSL: BAD_LENGTH] bad length (_ssl.c:2427))
[20:38:47] [ERR] Failed to check the state of sock (session id: b504daac-fc24-4cd2-9591-98a9c5c2f736, error: SSLEOFError, message: EOF occurred in violation of protocol (_ssl.c:2427))
[20:38:57] [ERR] Failed to check the state of sock (session id: b504daac-fc24-4cd2-9591-98a9c5c2f736, error: SSLEOFError, message: EOF occurred in violation of protocol (_ssl.c:2427))
[20:39:07] [ERR] Failed to check the state of sock (session id: b504daac-fc24-4cd2-9591-98a9c5c2f736, error: SSLError, message: [SSL: BAD_LENGTH] bad length (_ssl.c:2427))
[20:40:18] [ERR] Failed to check the state of sock (session id: e32338a7-1065-417b-816b-1527b78fe2f8, error: SSLEOFError, message: EOF occurred in violation of protocol (_ssl.c:2427))
[20:40:28] [ERR] Failed to check the state of sock (session id: e32338a7-1065-417b-816b-1527b78fe2f8, error: SSLEOFError, message: EOF occurred in violation of protocol (_ssl.c:2427))
[20:40:38] [ERR] Failed to check the state of sock (session id: e32338a7-1065-417b-816b-1527b78fe2f8, error: SSLError, message: [SSL: BAD_LENGTH] bad length (_ssl.c:2427))
[20:40:48] [ERR] Failed to check the state of sock (session id: e32338a7-1065-417b-816b-1527b78fe2f8, error: SSLEOFError, message: EOF occurred in violation of protocol (_ssl.c:2427))
[20:40:58] [ERR] Failed to check the state of sock (session id: e32338a7-1065-417b-816b-1527b78fe2f8, error: SSLEOFError, message: EOF occurred in violation of protocol (_ssl.c:2427))
[20:41:59] [ERR] Failed to check the state of sock (session id: d0cbdad9-dc7f-445b-a6b5-5d8b8bc400ec, error: SSLEOFError, message: EOF occurred in violation of protocol (_ssl.c:2427))
[20:42:09] [ERR] Failed to check the state of sock (session id: d0cbdad9-dc7f-445b-a6b5-5d8b8bc400ec, error: SSLEOFError, message: EOF occurred in violation of protocol (_ssl.c:2427))
[20:42:19] [ERR] Failed to check the state of sock (session id: d0cbdad9-dc7f-445b-a6b5-5d8b8bc400ec, error: SSLEOFError, message: EOF occurred in violation of protocol (_ssl.c:2427))
[20:42:29] [ERR] Failed to check the state of sock (session id: d0cbdad9-dc7f-445b-a6b5-5d8b8bc400ec, error: SSLEOFError, message: EOF occurred in violation of protocol (_ssl.c:2427))
[20:42:39] [ERR] Failed to check the state of sock (session id: d0cbdad9-dc7f-445b-a6b5-5d8b8bc400ec, error: SSLEOFError, message: EOF occurred in violation of protocol (_ssl.c:2427))
[20:43:40] [ERR] Failed to check the state of sock (session id: 2d7691ed-83da-42d6-bfa3-8eaa760b27e3, error: SSLEOFError, message: EOF occurred in violation of protocol (_ssl.c:2427))
[20:43:50] [ERR] Failed to check the state of sock (session id: 2d7691ed-83da-42d6-bfa3-8eaa760b27e3, error: SSLEOFError, message: EOF occurred in violation of protocol (_ssl.c:2427))
[20:44:00] [ERR] Failed to check the state of sock (session id: 2d7691ed-83da-42d6-bfa3-8eaa760b27e3, error: SSLEOFError, message: EOF occurred in violation of protocol (_ssl.c:2427))
[20:44:10] [ERR] Failed to check the state of sock (session id: 2d7691ed-83da-42d6-bfa3-8eaa760b27e3, error: SSLEOFError, message: EOF occurred in violation of protocol (_ssl.c:2427))
[20:44:20] [ERR] Failed to check the state of sock (session id: 2d7691ed-83da-42d6-bfa3-8eaa760b27e3, error: SSLEOFError, message: EOF occurred in violation of protocol (_ssl.c:2427))
[20:45:22] [ERR] Failed to check the state of sock (session id: fb04c557-f91d-4b3d-9389-6f39623d594d, error: SSLEOFError, message: EOF occurred in violation of protocol (_ssl.c:2427))
[20:45:32] [ERR] Failed to check the state of sock (session id: fb04c557-f91d-4b3d-9389-6f39623d594d, error: SSLEOFError, message: EOF occurred in violation of protocol (_ssl.c:2427))
[20:45:42] [ERR] Failed to check the state of sock (session id: fb04c557-f91d-4b3d-9389-6f39623d594d, error: SSLEOFError, message: EOF occurred in violation of protocol (_ssl.c:2427))
[20:45:52] [ERR] Failed to check the state of sock (session id: fb04c557-f91d-4b3d-9389-6f39623d594d, error: SSLEOFError, message: EOF occurred in violation of protocol (_ssl.c:2427))
[20:46:02] [ERR] Failed to check the state of sock (session id: fb04c557-f91d-4b3d-9389-6f39623d594d, error: SSLEOFError, message: EOF occurred in violation of protocol (_ssl.c:2427))
[20:47:23] [ERR] Failed to check the state of sock (session id: cbfbf724-a111-4c1f-9f78-73468353add0, error: SSLEOFError, message: EOF occurred in violation of protocol (_ssl.c:2427))
[20:47:33] [ERR] Failed to check the state of sock (session id: cbfbf724-a111-4c1f-9f78-73468353add0, error: SSLEOFError, message: EOF occurred in violation of protocol (_ssl.c:2427))
[20:47:43] [ERR] Failed to check the state of sock (session id: cbfbf724-a111-4c1f-9f78-73468353add0, error: SSLEOFError, message: EOF occurred in violation of protocol (_ssl.c:2427))
[20:47:53] [ERR] Failed to check the state of sock (session id: cbfbf724-a111-4c1f-9f78-73468353add0, error: SSLEOFError, message: EOF occurred in violation of protocol (_ssl.c:2427))
[20:48:03] [ERR] Failed to check the state of sock (session id: cbfbf724-a111-4c1f-9f78-73468353add0, error: SSLEOFError, message: EOF occurred in violation of protocol (_ssl.c:2427))
[20:49:34] [ERR] Failed to check the state of sock (session id: 5e630a12-8f02-4c31-8372-180d56e25bc0, error: SSLEOFError, message: EOF occurred in violation of protocol (_ssl.c:2427))
[20:49:44] [ERR] Failed to check the state of sock (session id: 5e630a12-8f02-4c31-8372-180d56e25bc0, error: SSLEOFError, message: EOF occurred in violation of protocol (_ssl.c:2427))
[20:49:54] [ERR] Failed to check the state of sock (session id: 5e630a12-8f02-4c31-8372-180d56e25bc0, error: SSLEOFError, message: EOF occurred in violation of protocol (_ssl.c:2427))
[20:50:04] [ERR] Failed to check the state of sock (session id: 5e630a12-8f02-4c31-8372-180d56e25bc0, error: SSLError, message: [SSL: BAD_LENGTH] bad length (_ssl.c:2427))
[20:50:14] [ERR] Failed to check the state of sock (session id: 5e630a12-8f02-4c31-8372-180d56e25bc0, error: SSLError, message: [SSL: BAD_LENGTH] bad length (_ssl.c:2427))
[20:51:15] [ERR] Failed to check the state of sock (session id: a82cbae9-0c05-4a86-9646-50289eac772e, error: SSLEOFError, message: EOF occurred in violation of protocol (_ssl.c:2427))
[20:51:25] [ERR] Failed to check the state of sock (session id: a82cbae9-0c05-4a86-9646-50289eac772e, error: SSLEOFError, message: EOF occurred in violation of protocol (_ssl.c:2427))
[20:51:35] [ERR] Failed to check the state of sock (session id: a82cbae9-0c05-4a86-9646-50289eac772e, error: SSLEOFError, message: EOF occurred in violation of protocol (_ssl.c:2427))
[20:51:45] [ERR] Failed to check the state of sock (session id: a82cbae9-0c05-4a86-9646-50289eac772e, error: SSLEOFError, message: EOF occurred in violation of protocol (_ssl.c:2427))
[20:51:55] [ERR] Failed to check the state of sock (session id: a82cbae9-0c05-4a86-9646-50289eac772e, error: SSLEOFError, message: EOF occurred in violation of protocol (_ssl.c:2427))
[20:52:57] [ERR] Failed to check the state of sock (session id: 27106f1c-4137-4113-8832-95e0532d7200, error: SSLEOFError, message: EOF occurred in violation of protocol (_ssl.c:2427))
[20:53:07] [ERR] Failed to check the state of sock (session id: 27106f1c-4137-4113-8832-95e0532d7200, error: SSLEOFError, message: EOF occurred in violation of protocol (_ssl.c:2427))
[20:53:17] [ERR] Failed to check the state of sock (session id: 27106f1c-4137-4113-8832-95e0532d7200, error: SSLEOFError, message: EOF occurred in violation of protocol (_ssl.c:2427))
[20:53:27] [ERR] Failed to check the state of sock (session id: 27106f1c-4137-4113-8832-95e0532d7200, error: SSLEOFError, message: EOF occurred in violation of protocol (_ssl.c:2427))
[20:53:37] [ERR] Failed to check the state of sock (session id: 27106f1c-4137-4113-8832-95e0532d7200, error: SSLEOFError, message: EOF occurred in violation of protocol (_ssl.c:2427))
[20:54:28] [ERR] Failed to check the state of sock (session id: 59b9ef41-67f4-40ea-9018-b99adde803b1, error: SSLEOFError, message: EOF occurred in violation of protocol (_ssl.c:2427))
[20:54:38] [ERR] Failed to check the state of sock (session id: 59b9ef41-67f4-40ea-9018-b99adde803b1, error: SSLEOFError, message: EOF occurred in violation of protocol (_ssl.c:2427))
[20:54:48] [ERR] Failed to check the state of sock (session id: 59b9ef41-67f4-40ea-9018-b99adde803b1, error: SSLEOFError, message: EOF occurred in violation of protocol (_ssl.c:2427))
[20:54:58] [ERR] Failed to check the state of sock (session id: 59b9ef41-67f4-40ea-9018-b99adde803b1, error: SSLEOFError, message: EOF occurred in violation of protocol (_ssl.c:2427))
[20:55:08] [ERR] Failed to check the state of sock (session id: 59b9ef41-67f4-40ea-9018-b99adde803b1, error: SSLEOFError, message: EOF occurred in violation of protocol (_ssl.c:2427))
[20:56:09] [ERR] Failed to check the state of sock (session id: 17a26b97-3f32-47d4-a1e8-e60f493661a7, error: SSLEOFError, message: EOF occurred in violation of protocol (_ssl.c:2427))
[20:56:19] [ERR] Failed to check the state of sock (session id: 17a26b97-3f32-47d4-a1e8-e60f493661a7, error: SSLEOFError, message: EOF occurred in violation of protocol (_ssl.c:2427))
[20:56:29] [ERR] Failed to check the state of sock (session id: 17a26b97-3f32-47d4-a1e8-e60f493661a7, error: SSLError, message: [SSL: BAD_LENGTH] bad length (_ssl.c:2427))
[20:56:39] [ERR] Failed to check the state of sock (session id: 17a26b97-3f32-47d4-a1e8-e60f493661a7, error: SSLEOFError, message: EOF occurred in violation of protocol (_ssl.c:2427))
[20:56:49] [ERR] Failed to check the state of sock (session id: 17a26b97-3f32-47d4-a1e8-e60f493661a7, error: SSLError, message: [SSL: BAD_LENGTH] bad length (_ssl.c:2427))
[20:58:10] [ERR] Failed to check the state of sock (session id: 2185eb9a-4b78-4617-877b-a16fb6e581da, error: SSLEOFError, message: EOF occurred in violation of protocol (_ssl.c:2427))
[20:58:20] [ERR] Failed to check the state of sock (session id: 2185eb9a-4b78-4617-877b-a16fb6e581da, error: SSLEOFError, message: EOF occurred in violation of protocol (_ssl.c:2427))
[20:58:30] [ERR] Failed to check the state of sock (session id: 2185eb9a-4b78-4617-877b-a16fb6e581da, error: SSLEOFError, message: EOF occurred in violation of protocol (_ssl.c:2427))
[20:58:40] [ERR] Failed to check the state of sock (session id: 2185eb9a-4b78-4617-877b-a16fb6e581da, error: SSLEOFError, message: EOF occurred in violation of protocol (_ssl.c:2427))
[20:58:50] [ERR] Failed to check the state of sock (session id: 2185eb9a-4b78-4617-877b-a16fb6e581da, error: SSLEOFError, message: EOF occurred in violation of protocol (_ssl.c:2427))
[20:59:51] [ERR] Failed to check the state of sock (session id: 47ae6873-c47c-469c-aabc-59a6bbfa59b7, error: SSLEOFError, message: EOF occurred in violation of protocol (_ssl.c:2427))
[21:00:01] [ERR] Failed to check the state of sock (session id: 47ae6873-c47c-469c-aabc-59a6bbfa59b7, error: SSLError, message: [SSL: BAD_LENGTH] bad length (_ssl.c:2427))
[21:00:11] [ERR] Failed to check the state of sock (session id: 47ae6873-c47c-469c-aabc-59a6bbfa59b7, error: SSLEOFError, message: EOF occurred in violation of protocol (_ssl.c:2427))
[21:00:21] [ERR] Failed to check the state of sock (session id: 47ae6873-c47c-469c-aabc-59a6bbfa59b7, error: SSLEOFError, message: EOF occurred in violation of protocol (_ssl.c:2427))
[21:00:31] [ERR] Failed to check the state of sock (session id: 47ae6873-c47c-469c-aabc-59a6bbfa59b7, error: SSLEOFError, message: EOF occurred in violation of protocol (_ssl.c:2427))
[21:02:02] [ERR] Failed to check the state of sock (session id: 91ebea2d-7425-4c82-ad98-69103232c2c5, error: SSLEOFError, message: EOF occurred in violation of protocol (_ssl.c:2427))
[21:02:12] [ERR] Failed to check the state of sock (session id: 91ebea2d-7425-4c82-ad98-69103232c2c5, error: SSLEOFError, message: EOF occurred in violation of protocol (_ssl.c:2427))
[21:02:22] [ERR] Failed to check the state of sock (session id: 91ebea2d-7425-4c82-ad98-69103232c2c5, error: SSLEOFError, message: EOF occurred in violation of protocol (_ssl.c:2427))
[21:02:32] [ERR] Failed to check the state of sock (session id: 91ebea2d-7425-4c82-ad98-69103232c2c5, error: SSLEOFError, message: EOF occurred in violation of protocol (_ssl.c:2427))
[21:02:42] [ERR] Failed to check the state of sock (session id: 91ebea2d-7425-4c82-ad98-69103232c2c5, error: SSLEOFError, message: EOF occurred in violation of protocol (_ssl.c:2427))
[21:04:03] [ERR] Failed to check the state of sock (session id: c51123ba-3803-48e9-aa49-eff54b09318b, error: SSLEOFError, message: EOF occurred in violation of protocol (_ssl.c:2427))
[21:04:13] [ERR] Failed to check the state of sock (session id: c51123ba-3803-48e9-aa49-eff54b09318b, error: SSLEOFError, message: EOF occurred in violation of protocol (_ssl.c:2427))
[21:04:23] [ERR] Failed to check the state of sock (session id: c51123ba-3803-48e9-aa49-eff54b09318b, error: SSLEOFError, message: EOF occurred in violation of protocol (_ssl.c:2427))
[21:04:33] [ERR] Failed to check the state of sock (session id: c51123ba-3803-48e9-aa49-eff54b09318b, error: SSLEOFError, message: EOF occurred in violation of protocol (_ssl.c:2427))
[21:04:43] [ERR] Failed to check the state of sock (session id: c51123ba-3803-48e9-aa49-eff54b09318b, error: SSLEOFError, message: EOF occurred in violation of protocol (_ssl.c:2427))
[21:05:44] [ERR] Failed to check the state of sock (session id: 2f08c649-77c9-43e9-8d4e-f2069a9fbc7a, error: SSLEOFError, message: EOF occurred in violation of protocol (_ssl.c:2427))
[21:05:54] [ERR] Failed to check the state of sock (session id: 2f08c649-77c9-43e9-8d4e-f2069a9fbc7a, error: SSLError, message: [SSL: BAD_LENGTH] bad length (_ssl.c:2427))
[21:06:04] [ERR] Failed to check the state of sock (session id: 2f08c649-77c9-43e9-8d4e-f2069a9fbc7a, error: SSLError, message: [SSL: BAD_LENGTH] bad length (_ssl.c:2427))
[21:06:14] [ERR] Failed to check the state of sock (session id: 2f08c649-77c9-43e9-8d4e-f2069a9fbc7a, error: SSLError, message: [SSL: BAD_LENGTH] bad length (_ssl.c:2427))
[21:06:24] [ERR] Failed to check the state of sock (session id: 2f08c649-77c9-43e9-8d4e-f2069a9fbc7a, error: SSLError, message: [SSL: BAD_LENGTH] bad length (_ssl.c:2427))
[21:07:25] [ERR] Failed to check the state of sock (session id: 3a0079ac-bc31-4176-af0d-93c4954eb1ac, error: SSLEOFError, message: EOF occurred in violation of protocol (_ssl.c:2427))
[21:07:35] [ERR] Failed to check the state of sock (session id: 3a0079ac-bc31-4176-af0d-93c4954eb1ac, error: SSLEOFError, message: EOF occurred in violation of protocol (_ssl.c:2427))
[21:07:45] [ERR] Failed to check the state of sock (session id: 3a0079ac-bc31-4176-af0d-93c4954eb1ac, error: SSLEOFError, message: EOF occurred in violation of protocol (_ssl.c:2427))
[21:07:55] [ERR] Failed to check the state of sock (session id: 3a0079ac-bc31-4176-af0d-93c4954eb1ac, error: SSLEOFError, message: EOF occurred in violation of protocol (_ssl.c:2427))
[21:08:05] [ERR] Failed to check the state of sock (session id: 3a0079ac-bc31-4176-af0d-93c4954eb1ac, error: SSLError, message: [SSL: BAD_LENGTH] bad length (_ssl.c:2427))
[21:09:36] [ERR] Failed to check the state of sock (session id: 112380c0-7ee7-482e-ba15-ee17aef65c04, error: SSLEOFError, message: EOF occurred in violation of protocol (_ssl.c:2427))
[21:09:46] [ERR] Failed to check the state of sock (session id: 112380c0-7ee7-482e-ba15-ee17aef65c04, error: SSLEOFError, message: EOF occurred in violation of protocol (_ssl.c:2427))
[21:09:56] [ERR] Failed to check the state of sock (session id: 112380c0-7ee7-482e-ba15-ee17aef65c04, error: SSLEOFError, message: EOF occurred in violation of protocol (_ssl.c:2427))
[21:10:06] [ERR] Failed to check the state of sock (session id: 112380c0-7ee7-482e-ba15-ee17aef65c04, error: SSLEOFError, message: EOF occurred in violation of protocol (_ssl.c:2427))
[21:10:16] [ERR] Failed to check the state of sock (session id: 112380c0-7ee7-482e-ba15-ee17aef65c04, error: SSLEOFError, message: EOF occurred in violation of protocol (_ssl.c:2427))
[21:11:48] [ERR] Failed to check the state of sock (session id: b5e3c56f-4848-4a8a-829d-f37317291776, error: SSLEOFError, message: EOF occurred in violation of protocol (_ssl.c:2427))
[21:11:58] [ERR] Failed to check the state of sock (session id: b5e3c56f-4848-4a8a-829d-f37317291776, error: SSLEOFError, message: EOF occurred in violation of protocol (_ssl.c:2427))
[21:12:08] [ERR] Failed to check the state of sock (session id: b5e3c56f-4848-4a8a-829d-f37317291776, error: SSLEOFError, message: EOF occurred in violation of protocol (_ssl.c:2427))
[21:12:18] [ERR] Failed to check the state of sock (session id: b5e3c56f-4848-4a8a-829d-f37317291776, error: SSLEOFError, message: EOF occurred in violation of protocol (_ssl.c:2427))
[21:12:28] [ERR] Failed to check the state of sock (session id: b5e3c56f-4848-4a8a-829d-f37317291776, error: SSLError, message: [SSL: BAD_LENGTH] bad length (_ssl.c:2427))
[21:13:59] [ERR] Failed to check the state of sock (session id: 0a497469-800f-4446-88bc-996293fcb39f, error: SSLEOFError, message: EOF occurred in violation of protocol (_ssl.c:2427))
[21:14:09] [ERR] Failed to check the state of sock (session id: 0a497469-800f-4446-88bc-996293fcb39f, error: SSLError, message: [SSL: BAD_LENGTH] bad length (_ssl.c:2427))
[21:14:19] [ERR] Failed to check the state of sock (session id: 0a497469-800f-4446-88bc-996293fcb39f, error: SSLEOFError, message: EOF occurred in violation of protocol (_ssl.c:2427))
[21:14:29] [ERR] Failed to check the state of sock (session id: 0a497469-800f-4446-88bc-996293fcb39f, error: SSLEOFError, message: EOF occurred in violation of protocol (_ssl.c:2427))
[21:14:39] [ERR] Failed to check the state of sock (session id: 0a497469-800f-4446-88bc-996293fcb39f, error: SSLEOFError, message: EOF occurred in violation of protocol (_ssl.c:2427))
[21:15:40] [ERR] Failed to check the state of sock (session id: 9631a592-09c5-41bc-89c2-5e93df451d05, error: SSLEOFError, message: EOF occurred in violation of protocol (_ssl.c:2427))
[21:15:50] [ERR] Failed to check the state of sock (session id: 9631a592-09c5-41bc-89c2-5e93df451d05, error: SSLError, message: [SSL: BAD_LENGTH] bad length (_ssl.c:2427))
[21:16:00] [ERR] Failed to check the state of sock (session id: 9631a592-09c5-41bc-89c2-5e93df451d05, error: SSLEOFError, message: EOF occurred in violation of protocol (_ssl.c:2427))
[21:16:10] [ERR] Failed to check the state of sock (session id: 9631a592-09c5-41bc-89c2-5e93df451d05, error: SSLEOFError, message: EOF occurred in violation of protocol (_ssl.c:2427))
[21:16:20] [ERR] Failed to check the state of sock (session id: 9631a592-09c5-41bc-89c2-5e93df451d05, error: SSLEOFError, message: EOF occurred in violation of protocol (_ssl.c:2427))
[21:17:21] [ERR] Failed to check the state of sock (session id: 52fa8bdb-bb8c-4114-86cb-0fcaed564bd1, error: SSLEOFError, message: EOF occurred in violation of protocol (_ssl.c:2427))
[21:17:31] [ERR] Failed to check the state of sock (session id: 52fa8bdb-bb8c-4114-86cb-0fcaed564bd1, error: SSLError, message: [SSL: BAD_LENGTH] bad length (_ssl.c:2427))
[21:17:41] [ERR] Failed to check the state of sock (session id: 52fa8bdb-bb8c-4114-86cb-0fcaed564bd1, error: SSLEOFError, message: EOF occurred in violation of protocol (_ssl.c:2427))
[21:17:51] [ERR] Failed to check the state of sock (session id: 52fa8bdb-bb8c-4114-86cb-0fcaed564bd1, error: SSLEOFError, message: EOF occurred in violation of protocol (_ssl.c:2427))
[21:18:01] [ERR] Failed to check the state of sock (session id: 52fa8bdb-bb8c-4114-86cb-0fcaed564bd1, error: SSLEOFError, message: EOF occurred in violation of protocol (_ssl.c:2427))
[21:19:02] [ERR] Failed to check the state of sock (session id: 9a982268-936b-4974-9e60-84f1edf483af, error: SSLEOFError, message: EOF occurred in violation of protocol (_ssl.c:2427))
[21:19:12] [ERR] Failed to check the state of sock (session id: 9a982268-936b-4974-9e60-84f1edf483af, error: SSLError, message: [SSL: BAD_LENGTH] bad length (_ssl.c:2427))
[21:19:22] [ERR] Failed to check the state of sock (session id: 9a982268-936b-4974-9e60-84f1edf483af, error: SSLEOFError, message: EOF occurred in violation of protocol (_ssl.c:2427))
[21:19:32] [ERR] Failed to check the state of sock (session id: 9a982268-936b-4974-9e60-84f1edf483af, error: SSLEOFError, message: EOF occurred in violation of protocol (_ssl.c:2427))
[21:19:42] [ERR] Failed to check the state of sock (session id: 9a982268-936b-4974-9e60-84f1edf483af, error: SSLEOFError, message: EOF occurred in violation of protocol (_ssl.c:2427))
[21:20:43] [ERR] Failed to check the state of sock (session id: 81033756-840d-42ef-b821-09d12368c22f, error: SSLEOFError, message: EOF occurred in violation of protocol (_ssl.c:2427))
[21:20:53] [ERR] Failed to check the state of sock (session id: 81033756-840d-42ef-b821-09d12368c22f, error: SSLError, message: [SSL: BAD_LENGTH] bad length (_ssl.c:2427))
[21:21:03] [ERR] Failed to check the state of sock (session id: 81033756-840d-42ef-b821-09d12368c22f, error: SSLEOFError, message: EOF occurred in violation of protocol (_ssl.c:2427))
[21:21:13] [ERR] Failed to check the state of sock (session id: 81033756-840d-42ef-b821-09d12368c22f, error: SSLEOFError, message: EOF occurred in violation of protocol (_ssl.c:2427))
[21:21:23] [ERR] Failed to check the state of sock (session id: 81033756-840d-42ef-b821-09d12368c22f, error: SSLEOFError, message: EOF occurred in violation of protocol (_ssl.c:2427))
[21:22:45] [ERR] Failed to check the state of sock (session id: cbe844b1-da72-437b-85ae-b6d133f60eb5, error: SSLEOFError, message: EOF occurred in violation of protocol (_ssl.c:2427))
[21:22:55] [ERR] Failed to check the state of sock (session id: cbe844b1-da72-437b-85ae-b6d133f60eb5, error: SSLEOFError, message: EOF occurred in violation of protocol (_ssl.c:2427))
[21:23:05] [ERR] Failed to check the state of sock (session id: cbe844b1-da72-437b-85ae-b6d133f60eb5, error: SSLEOFError, message: EOF occurred in violation of protocol (_ssl.c:2427))
[21:23:15] [ERR] Failed to check the state of sock (session id: cbe844b1-da72-437b-85ae-b6d133f60eb5, error: SSLEOFError, message: EOF occurred in violation of protocol (_ssl.c:2427))
[21:23:25] [ERR] Failed to check the state of sock (session id: cbe844b1-da72-437b-85ae-b6d133f60eb5, error: SSLError, message: [SSL: BAD_LENGTH] bad length (_ssl.c:2427))
[21:24:46] [ERR] Failed to check the state of sock (session id: 06034490-eb6f-41a1-a3ff-6b92ebeda785, error: SSLEOFError, message: EOF occurred in violation of protocol (_ssl.c:2427))
[21:24:56] [ERR] Failed to check the state of sock (session id: 06034490-eb6f-41a1-a3ff-6b92ebeda785, error: SSLEOFError, message: EOF occurred in violation of protocol (_ssl.c:2427))
[21:25:06] [ERR] Failed to check the state of sock (session id: 06034490-eb6f-41a1-a3ff-6b92ebeda785, error: SSLEOFError, message: EOF occurred in violation of protocol (_ssl.c:2427))
[21:25:16] [ERR] Failed to check the state of sock (session id: 06034490-eb6f-41a1-a3ff-6b92ebeda785, error: SSLEOFError, message: EOF occurred in violation of protocol (_ssl.c:2427))
[21:25:26] [ERR] Failed to check the state of sock (session id: 06034490-eb6f-41a1-a3ff-6b92ebeda785, error: SSLEOFError, message: EOF occurred in violation of protocol (_ssl.c:2427))
[21:26:57] [ERR] Failed to check the state of sock (session id: b7eef54f-d477-4100-8424-5b7ffddc4164, error: SSLEOFError, message: EOF occurred in violation of protocol (_ssl.c:2427))
[21:27:07] [ERR] Failed to check the state of sock (session id: b7eef54f-d477-4100-8424-5b7ffddc4164, error: SSLEOFError, message: EOF occurred in violation of protocol (_ssl.c:2427))
[21:27:17] [ERR] Failed to check the state of sock (session id: b7eef54f-d477-4100-8424-5b7ffddc4164, error: SSLEOFError, message: EOF occurred in violation of protocol (_ssl.c:2427))
[21:27:27] [ERR] Failed to check the state of sock (session id: b7eef54f-d477-4100-8424-5b7ffddc4164, error: SSLEOFError, message: EOF occurred in violation of protocol (_ssl.c:2427))
[21:27:37] [ERR] Failed to check the state of sock (session id: b7eef54f-d477-4100-8424-5b7ffddc4164, error: SSLError, message: [SSL: BAD_LENGTH] bad length (_ssl.c:2427))
[21:28:28] [ERR] Failed to check the state of sock (session id: b1c21eed-0de1-4a63-9a4d-9115b17fca52, error: SSLEOFError, message: EOF occurred in violation of protocol (_ssl.c:2427))
[21:28:38] [ERR] Failed to check the state of sock (session id: b1c21eed-0de1-4a63-9a4d-9115b17fca52, error: SSLEOFError, message: EOF occurred in violation of protocol (_ssl.c:2427))
[21:28:48] [ERR] Failed to check the state of sock (session id: b1c21eed-0de1-4a63-9a4d-9115b17fca52, error: SSLEOFError, message: EOF occurred in violation of protocol (_ssl.c:2427))
[21:28:58] [ERR] Failed to check the state of sock (session id: b1c21eed-0de1-4a63-9a4d-9115b17fca52, error: SSLEOFError, message: EOF occurred in violation of protocol (_ssl.c:2427))
[21:29:08] [ERR] Failed to check the state of sock (session id: b1c21eed-0de1-4a63-9a4d-9115b17fca52, error: SSLEOFError, message: EOF occurred in violation of protocol (_ssl.c:2427))
[21:29:59] [ERR] Failed to check the state of sock (session id: 30449493-5c44-4ddb-be42-92fcbb08cdb8, error: SSLEOFError, message: EOF occurred in violation of protocol (_ssl.c:2427))
[21:30:09] [ERR] Failed to check the state of sock (session id: 30449493-5c44-4ddb-be42-92fcbb08cdb8, error: SSLError, message: [SSL: BAD_LENGTH] bad length (_ssl.c:2427))
[21:30:19] [ERR] Failed to check the state of sock (session id: 30449493-5c44-4ddb-be42-92fcbb08cdb8, error: SSLError, message: [SSL: BAD_LENGTH] bad length (_ssl.c:2427))
[21:30:29] [ERR] Failed to check the state of sock (session id: 30449493-5c44-4ddb-be42-92fcbb08cdb8, error: SSLEOFError, message: EOF occurred in violation of protocol (_ssl.c:2427))
[21:30:39] [ERR] Failed to check the state of sock (session id: 30449493-5c44-4ddb-be42-92fcbb08cdb8, error: SSLEOFError, message: EOF occurred in violation of protocol (_ssl.c:2427))
[21:31:30] [ERR] Failed to check the state of sock (session id: f4399553-b283-46b2-87d7-bd2be11b844b, error: SSLEOFError, message: EOF occurred in violation of protocol (_ssl.c:2427))
[21:31:40] [ERR] Failed to check the state of sock (session id: f4399553-b283-46b2-87d7-bd2be11b844b, error: SSLEOFError, message: EOF occurred in violation of protocol (_ssl.c:2427))
[21:31:50] [ERR] Failed to check the state of sock (session id: f4399553-b283-46b2-87d7-bd2be11b844b, error: SSLEOFError, message: EOF occurred in violation of protocol (_ssl.c:2427))
[21:32:00] [ERR] Failed to check the state of sock (session id: f4399553-b283-46b2-87d7-bd2be11b844b, error: SSLError, message: [SSL: BAD_LENGTH] bad length (_ssl.c:2427))
[21:32:10] [ERR] Failed to check the state of sock (session id: f4399553-b283-46b2-87d7-bd2be11b844b, error: SSLEOFError, message: EOF occurred in violation of protocol (_ssl.c:2427))
[21:33:32] [ERR] Failed to check the state of sock (session id: 8d710bd3-f075-4632-9df6-c8f8860d03d5, error: SSLEOFError, message: EOF occurred in violation of protocol (_ssl.c:2427))
[21:33:42] [ERR] Failed to check the state of sock (session id: 8d710bd3-f075-4632-9df6-c8f8860d03d5, error: SSLEOFError, message: EOF occurred in violation of protocol (_ssl.c:2427))
[21:33:52] [ERR] Failed to check the state of sock (session id: 8d710bd3-f075-4632-9df6-c8f8860d03d5, error: SSLError, message: [SSL: BAD_LENGTH] bad length (_ssl.c:2427))
[21:34:02] [ERR] Failed to check the state of sock (session id: 8d710bd3-f075-4632-9df6-c8f8860d03d5, error: SSLEOFError, message: EOF occurred in violation of protocol (_ssl.c:2427))
[21:34:12] [ERR] Failed to check the state of sock (session id: 8d710bd3-f075-4632-9df6-c8f8860d03d5, error: SSLEOFError, message: EOF occurred in violation of protocol (_ssl.c:2427))
[21:35:33] [ERR] Failed to check the state of sock (session id: 3df59165-29a2-4696-ae4a-b342367851d8, error: SSLEOFError, message: EOF occurred in violation of protocol (_ssl.c:2427))
[21:35:43] [ERR] Failed to check the state of sock (session id: 3df59165-29a2-4696-ae4a-b342367851d8, error: SSLEOFError, message: EOF occurred in violation of protocol (_ssl.c:2427))
[21:35:53] [ERR] Failed to check the state of sock (session id: 3df59165-29a2-4696-ae4a-b342367851d8, error: SSLEOFError, message: EOF occurred in violation of protocol (_ssl.c:2427))
[21:36:03] [ERR] Failed to check the state of sock (session id: 3df59165-29a2-4696-ae4a-b342367851d8, error: SSLError, message: [SSL: BAD_LENGTH] bad length (_ssl.c:2427))
[21:36:13] [ERR] Failed to check the state of sock (session id: 3df59165-29a2-4696-ae4a-b342367851d8, error: SSLEOFError, message: EOF occurred in violation of protocol (_ssl.c:2427))
[21:37:14] [ERR] Failed to check the state of sock (session id: 68158039-c713-462d-bbea-106c6f53a381, error: SSLEOFError, message: EOF occurred in violation of protocol (_ssl.c:2427))
[21:37:24] [ERR] Failed to check the state of sock (session id: 68158039-c713-462d-bbea-106c6f53a381, error: SSLEOFError, message: EOF occurred in violation of protocol (_ssl.c:2427))
[21:37:34] [ERR] Failed to check the state of sock (session id: 68158039-c713-462d-bbea-106c6f53a381, error: SSLEOFError, message: EOF occurred in violation of protocol (_ssl.c:2427))
[21:37:44] [ERR] Failed to check the state of sock (session id: 68158039-c713-462d-bbea-106c6f53a381, error: SSLEOFError, message: EOF occurred in violation of protocol (_ssl.c:2427))
[21:37:54] [ERR] Failed to check the state of sock (session id: 68158039-c713-462d-bbea-106c6f53a381, error: SSLError, message: [SSL: BAD_LENGTH] bad length (_ssl.c:2427))
[21:38:55] [ERR] Failed to check the state of sock (session id: 5c1c2696-3392-4da6-ad7e-05f7ca105e72, error: SSLEOFError, message: EOF occurred in violation of protocol (_ssl.c:2427))
[21:39:05] [ERR] Failed to check the state of sock (session id: 5c1c2696-3392-4da6-ad7e-05f7ca105e72, error: SSLEOFError, message: EOF occurred in violation of protocol (_ssl.c:2427))
[21:39:15] [ERR] Failed to check the state of sock (session id: 5c1c2696-3392-4da6-ad7e-05f7ca105e72, error: SSLEOFError, message: EOF occurred in violation of protocol (_ssl.c:2427))
[21:39:25] [ERR] Failed to check the state of sock (session id: 5c1c2696-3392-4da6-ad7e-05f7ca105e72, error: SSLError, message: [SSL: BAD_LENGTH] bad length (_ssl.c:2427))
[21:39:35] [ERR] Failed to check the state of sock (session id: 5c1c2696-3392-4da6-ad7e-05f7ca105e72, error: SSLEOFError, message: EOF occurred in violation of protocol (_ssl.c:2427))
[21:40:36] [ERR] Failed to check the state of sock (session id: ca474e8a-8497-4f24-b15f-e108ef6f5418, error: SSLEOFError, message: EOF occurred in violation of protocol (_ssl.c:2427))
[21:40:46] [ERR] Failed to check the state of sock (session id: ca474e8a-8497-4f24-b15f-e108ef6f5418, error: SSLEOFError, message: EOF occurred in violation of protocol (_ssl.c:2427))
[21:40:56] [ERR] Failed to check the state of sock (session id: ca474e8a-8497-4f24-b15f-e108ef6f5418, error: SSLError, message: [SSL: BAD_LENGTH] bad length (_ssl.c:2427))
[21:41:06] [ERR] Failed to check the state of sock (session id: ca474e8a-8497-4f24-b15f-e108ef6f5418, error: SSLEOFError, message: EOF occurred in violation of protocol (_ssl.c:2427))
[21:41:16] [ERR] Failed to check the state of sock (session id: ca474e8a-8497-4f24-b15f-e108ef6f5418, error: SSLEOFError, message: EOF occurred in violation of protocol (_ssl.c:2427))
[21:42:17] [ERR] Failed to check the state of sock (session id: e9362f83-54cc-426a-97a8-06660a584f42, error: SSLEOFError, message: EOF occurred in violation of protocol (_ssl.c:2427))
[21:42:27] [ERR] Failed to check the state of sock (session id: e9362f83-54cc-426a-97a8-06660a584f42, error: SSLEOFError, message: EOF occurred in violation of protocol (_ssl.c:2427))
[21:42:37] [ERR] Failed to check the state of sock (session id: e9362f83-54cc-426a-97a8-06660a584f42, error: SSLEOFError, message: EOF occurred in violation of protocol (_ssl.c:2427))
[21:42:47] [ERR] Failed to check the state of sock (session id: e9362f83-54cc-426a-97a8-06660a584f42, error: SSLEOFError, message: EOF occurred in violation of protocol (_ssl.c:2427))
[21:42:57] [ERR] Failed to check the state of sock (session id: e9362f83-54cc-426a-97a8-06660a584f42, error: SSLEOFError, message: EOF occurred in violation of protocol (_ssl.c:2427))
[21:44:29] [ERR] Failed to check the state of sock (session id: d769ac1e-e043-4a1b-a2b1-4777227f12dc, error: SSLEOFError, message: EOF occurred in violation of protocol (_ssl.c:2427))
[21:44:39] [ERR] Failed to check the state of sock (session id: d769ac1e-e043-4a1b-a2b1-4777227f12dc, error: SSLEOFError, message: EOF occurred in violation of protocol (_ssl.c:2427))
[21:44:49] [ERR] Failed to check the state of sock (session id: d769ac1e-e043-4a1b-a2b1-4777227f12dc, error: SSLEOFError, message: EOF occurred in violation of protocol (_ssl.c:2427))
[21:44:59] [ERR] Failed to check the state of sock (session id: d769ac1e-e043-4a1b-a2b1-4777227f12dc, error: SSLEOFError, message: EOF occurred in violation of protocol (_ssl.c:2427))
[21:45:09] [ERR] Failed to check the state of sock (session id: d769ac1e-e043-4a1b-a2b1-4777227f12dc, error: SSLEOFError, message: EOF occurred in violation of protocol (_ssl.c:2427))
[21:46:00] [ERR] Failed to check the state of sock (session id: e25f1636-2427-4dcc-8958-fe0e104dbef2, error: SSLEOFError, message: EOF occurred in violation of protocol (_ssl.c:2427))
[21:46:10] [ERR] Failed to check the state of sock (session id: e25f1636-2427-4dcc-8958-fe0e104dbef2, error: SSLEOFError, message: EOF occurred in violation of protocol (_ssl.c:2427))
[21:46:20] [ERR] Failed to check the state of sock (session id: e25f1636-2427-4dcc-8958-fe0e104dbef2, error: SSLError, message: [SSL: BAD_LENGTH] bad length (_ssl.c:2427))
[21:46:30] [ERR] Failed to check the state of sock (session id: e25f1636-2427-4dcc-8958-fe0e104dbef2, error: SSLEOFError, message: EOF occurred in violation of protocol (_ssl.c:2427))
[21:46:40] [ERR] Failed to check the state of sock (session id: e25f1636-2427-4dcc-8958-fe0e104dbef2, error: SSLEOFError, message: EOF occurred in violation of protocol (_ssl.c:2427))
[21:48:02] [ERR] Failed to check the state of sock (session id: 0f755415-972b-4bb7-a1f8-4b1ad13505e0, error: SSLEOFError, message: EOF occurred in violation of protocol (_ssl.c:2427))
[21:48:12] [ERR] Failed to check the state of sock (session id: 0f755415-972b-4bb7-a1f8-4b1ad13505e0, error: SSLError, message: [SSL: BAD_LENGTH] bad length (_ssl.c:2427))
[21:48:22] [ERR] Failed to check the state of sock (session id: 0f755415-972b-4bb7-a1f8-4b1ad13505e0, error: SSLError, message: [SSL: BAD_LENGTH] bad length (_ssl.c:2427))
[21:48:32] [ERR] Failed to check the state of sock (session id: 0f755415-972b-4bb7-a1f8-4b1ad13505e0, error: SSLEOFError, message: EOF occurred in violation of protocol (_ssl.c:2427))
[21:48:42] [ERR] Failed to check the state of sock (session id: 0f755415-972b-4bb7-a1f8-4b1ad13505e0, error: SSLError, message: [SSL: BAD_LENGTH] bad length (_ssl.c:2427))
[21:49:43] [ERR] Failed to check the state of sock (session id: dbb21c19-35d7-4395-970f-77f7e5742c4e, error: SSLEOFError, message: EOF occurred in violation of protocol (_ssl.c:2427))
[21:49:53] [ERR] Failed to check the state of sock (session id: dbb21c19-35d7-4395-970f-77f7e5742c4e, error: SSLEOFError, message: EOF occurred in violation of protocol (_ssl.c:2427))
[21:50:03] [ERR] Failed to check the state of sock (session id: dbb21c19-35d7-4395-970f-77f7e5742c4e, error: SSLEOFError, message: EOF occurred in violation of protocol (_ssl.c:2427))
[21:50:13] [ERR] Failed to check the state of sock (session id: dbb21c19-35d7-4395-970f-77f7e5742c4e, error: SSLError, message: [SSL: BAD_LENGTH] bad length (_ssl.c:2427))
[21:50:23] [ERR] Failed to check the state of sock (session id: dbb21c19-35d7-4395-970f-77f7e5742c4e, error: SSLEOFError, message: EOF occurred in violation of protocol (_ssl.c:2427))
[21:51:24] [ERR] Failed to check the state of sock (session id: dab64d38-d652-400c-ac48-f3958130ea8a, error: SSLEOFError, message: EOF occurred in violation of protocol (_ssl.c:2427))
[21:51:34] [ERR] Failed to check the state of sock (session id: dab64d38-d652-400c-ac48-f3958130ea8a, error: SSLEOFError, message: EOF occurred in violation of protocol (_ssl.c:2427))
[21:51:44] [ERR] Failed to check the state of sock (session id: dab64d38-d652-400c-ac48-f3958130ea8a, error: SSLEOFError, message: EOF occurred in violation of protocol (_ssl.c:2427))
[21:51:54] [ERR] Failed to check the state of sock (session id: dab64d38-d652-400c-ac48-f3958130ea8a, error: SSLEOFError, message: EOF occurred in violation of protocol (_ssl.c:2427))
[21:52:04] [ERR] Failed to check the state of sock (session id: dab64d38-d652-400c-ac48-f3958130ea8a, error: SSLEOFError, message: EOF occurred in violation of protocol (_ssl.c:2427))
[21:53:35] [ERR] Failed to check the state of sock (session id: b7535389-b870-487d-af51-0c63f76e43b6, error: SSLEOFError, message: EOF occurred in violation of protocol (_ssl.c:2427))
[21:53:45] [ERR] Failed to check the state of sock (session id: b7535389-b870-487d-af51-0c63f76e43b6, error: SSLEOFError, message: EOF occurred in violation of protocol (_ssl.c:2427))
[21:53:55] [ERR] Failed to check the state of sock (session id: b7535389-b870-487d-af51-0c63f76e43b6, error: SSLEOFError, message: EOF occurred in violation of protocol (_ssl.c:2427))
[21:54:05] [ERR] Failed to check the state of sock (session id: b7535389-b870-487d-af51-0c63f76e43b6, error: SSLEOFError, message: EOF occurred in violation of protocol (_ssl.c:2427))
[21:54:15] [ERR] Failed to check the state of sock (session id: b7535389-b870-487d-af51-0c63f76e43b6, error: SSLEOFError, message: EOF occurred in violation of protocol (_ssl.c:2427))
[21:55:36] [ERR] Failed to check the state of sock (session id: 5a98ede4-9697-4103-8cd2-38846b188b27, error: SSLEOFError, message: EOF occurred in violation of protocol (_ssl.c:2427))
[21:55:46] [ERR] Failed to check the state of sock (session id: 5a98ede4-9697-4103-8cd2-38846b188b27, error: SSLEOFError, message: EOF occurred in violation of protocol (_ssl.c:2427))
[21:55:56] [ERR] Failed to check the state of sock (session id: 5a98ede4-9697-4103-8cd2-38846b188b27, error: SSLEOFError, message: EOF occurred in violation of protocol (_ssl.c:2427))
[21:56:06] [ERR] Failed to check the state of sock (session id: 5a98ede4-9697-4103-8cd2-38846b188b27, error: SSLEOFError, message: EOF occurred in violation of protocol (_ssl.c:2427))
[21:56:16] [ERR] Failed to check the state of sock (session id: 5a98ede4-9697-4103-8cd2-38846b188b27, error: SSLEOFError, message: EOF occurred in violation of protocol (_ssl.c:2427))
[21:57:07] [ERR] Failed to check the state of sock (session id: b3869e6e-3b46-4f6c-beae-72a951ce7652, error: SSLEOFError, message: EOF occurred in violation of protocol (_ssl.c:2427))
[21:57:17] [ERR] Failed to check the state of sock (session id: b3869e6e-3b46-4f6c-beae-72a951ce7652, error: SSLEOFError, message: EOF occurred in violation of protocol (_ssl.c:2427))
[21:57:27] [ERR] Failed to check the state of sock (session id: b3869e6e-3b46-4f6c-beae-72a951ce7652, error: SSLError, message: [SSL: BAD_LENGTH] bad length (_ssl.c:2427))
[21:57:37] [ERR] Failed to check the state of sock (session id: b3869e6e-3b46-4f6c-beae-72a951ce7652, error: SSLEOFError, message: EOF occurred in violation of protocol (_ssl.c:2427))
[21:57:47] [ERR] Failed to check the state of sock (session id: b3869e6e-3b46-4f6c-beae-72a951ce7652, error: SSLError, message: [SSL: BAD_LENGTH] bad length (_ssl.c:2427))
[21:58:48] [ERR] Failed to check the state of sock (session id: 12d5f680-6ff7-45c3-ad22-2261144f5fa9, error: SSLEOFError, message: EOF occurred in violation of protocol (_ssl.c:2427))
[21:58:58] [ERR] Failed to check the state of sock (session id: 12d5f680-6ff7-45c3-ad22-2261144f5fa9, error: SSLEOFError, message: EOF occurred in violation of protocol (_ssl.c:2427))
[21:59:08] [ERR] Failed to check the state of sock (session id: 12d5f680-6ff7-45c3-ad22-2261144f5fa9, error: SSLEOFError, message: EOF occurred in violation of protocol (_ssl.c:2427))
[21:59:18] [ERR] Failed to check the state of sock (session id: 12d5f680-6ff7-45c3-ad22-2261144f5fa9, error: SSLEOFError, message: EOF occurred in violation of protocol (_ssl.c:2427))
[21:59:28] [ERR] Failed to check the state of sock (session id: 12d5f680-6ff7-45c3-ad22-2261144f5fa9, error: SSLEOFError, message: EOF occurred in violation of protocol (_ssl.c:2427))
[22:00:19] [ERR] Failed to check the state of sock (session id: f705fa26-c8ad-44b9-8aed-93e9824d7190, error: SSLEOFError, message: EOF occurred in violation of protocol (_ssl.c:2427))
[22:00:29] [ERR] Failed to check the state of sock (session id: f705fa26-c8ad-44b9-8aed-93e9824d7190, error: SSLEOFError, message: EOF occurred in violation of protocol (_ssl.c:2427))
[22:00:39] [ERR] Failed to check the state of sock (session id: f705fa26-c8ad-44b9-8aed-93e9824d7190, error: SSLEOFError, message: EOF occurred in violation of protocol (_ssl.c:2427))
[22:00:49] [ERR] Failed to check the state of sock (session id: f705fa26-c8ad-44b9-8aed-93e9824d7190, error: SSLEOFError, message: EOF occurred in violation of protocol (_ssl.c:2427))
[22:00:59] [ERR] Failed to check the state of sock (session id: f705fa26-c8ad-44b9-8aed-93e9824d7190, error: SSLEOFError, message: EOF occurred in violation of protocol (_ssl.c:2427))
[22:02:00] [ERR] Failed to check the state of sock (session id: 87a2c460-d62d-44fb-a922-5837c46aaf99, error: SSLEOFError, message: EOF occurred in violation of protocol (_ssl.c:2427))
[22:02:10] [ERR] Failed to check the state of sock (session id: 87a2c460-d62d-44fb-a922-5837c46aaf99, error: SSLEOFError, message: EOF occurred in violation of protocol (_ssl.c:2427))
[22:02:20] [ERR] Failed to check the state of sock (session id: 87a2c460-d62d-44fb-a922-5837c46aaf99, error: SSLEOFError, message: EOF occurred in violation of protocol (_ssl.c:2427))
[22:02:30] [ERR] Failed to check the state of sock (session id: 87a2c460-d62d-44fb-a922-5837c46aaf99, error: SSLEOFError, message: EOF occurred in violation of protocol (_ssl.c:2427))
[22:02:40] [ERR] Failed to check the state of sock (session id: 87a2c460-d62d-44fb-a922-5837c46aaf99, error: SSLEOFError, message: EOF occurred in violation of protocol (_ssl.c:2427))
[22:04:12] [ERR] Failed to check the state of sock (session id: bdb6f9ec-f77d-49ab-9ae8-5fdea4e9d14e, error: SSLEOFError, message: EOF occurred in violation of protocol (_ssl.c:2427))
[22:04:22] [ERR] Failed to check the state of sock (session id: bdb6f9ec-f77d-49ab-9ae8-5fdea4e9d14e, error: SSLEOFError, message: EOF occurred in violation of protocol (_ssl.c:2427))
[22:04:32] [ERR] Failed to check the state of sock (session id: bdb6f9ec-f77d-49ab-9ae8-5fdea4e9d14e, error: SSLEOFError, message: EOF occurred in violation of protocol (_ssl.c:2427))
[22:04:42] [ERR] Failed to check the state of sock (session id: bdb6f9ec-f77d-49ab-9ae8-5fdea4e9d14e, error: SSLEOFError, message: EOF occurred in violation of protocol (_ssl.c:2427))
[22:04:52] [ERR] Failed to check the state of sock (session id: bdb6f9ec-f77d-49ab-9ae8-5fdea4e9d14e, error: SSLEOFError, message: EOF occurred in violation of protocol (_ssl.c:2427))
[22:06:23] [ERR] Failed to check the state of sock (session id: f2b41f0c-ea51-43fe-8fce-5bda6a51dbd9, error: SSLEOFError, message: EOF occurred in violation of protocol (_ssl.c:2427))
[22:06:33] [ERR] Failed to check the state of sock (session id: f2b41f0c-ea51-43fe-8fce-5bda6a51dbd9, error: SSLError, message: [SSL: BAD_LENGTH] bad length (_ssl.c:2427))
[22:06:43] [ERR] Failed to check the state of sock (session id: f2b41f0c-ea51-43fe-8fce-5bda6a51dbd9, error: SSLError, message: [SSL: BAD_LENGTH] bad length (_ssl.c:2427))
[22:06:53] [ERR] Failed to check the state of sock (session id: f2b41f0c-ea51-43fe-8fce-5bda6a51dbd9, error: SSLEOFError, message: EOF occurred in violation of protocol (_ssl.c:2427))
[22:07:03] [ERR] Failed to check the state of sock (session id: f2b41f0c-ea51-43fe-8fce-5bda6a51dbd9, error: SSLEOFError, message: EOF occurred in violation of protocol (_ssl.c:2427))
[22:08:04] [ERR] Failed to check the state of sock (session id: b5b19ef4-7193-4a78-82c8-c01d3041f935, error: SSLEOFError, message: EOF occurred in violation of protocol (_ssl.c:2427))
[22:08:14] [ERR] Failed to check the state of sock (session id: b5b19ef4-7193-4a78-82c8-c01d3041f935, error: SSLEOFError, message: EOF occurred in violation of protocol (_ssl.c:2427))
[22:08:24] [ERR] Failed to check the state of sock (session id: b5b19ef4-7193-4a78-82c8-c01d3041f935, error: SSLEOFError, message: EOF occurred in violation of protocol (_ssl.c:2427))
[22:08:34] [ERR] Failed to check the state of sock (session id: b5b19ef4-7193-4a78-82c8-c01d3041f935, error: SSLError, message: [SSL: BAD_LENGTH] bad length (_ssl.c:2427))
[22:08:44] [ERR] Failed to check the state of sock (session id: b5b19ef4-7193-4a78-82c8-c01d3041f935, error: SSLEOFError, message: EOF occurred in violation of protocol (_ssl.c:2427))
[22:10:16] [ERR] Failed to check the state of sock (session id: 6679cf4f-8fbb-49e6-9574-8f7182fb881a, error: SSLEOFError, message: EOF occurred in violation of protocol (_ssl.c:2427))
[22:10:26] [ERR] Failed to check the state of sock (session id: 6679cf4f-8fbb-49e6-9574-8f7182fb881a, error: SSLEOFError, message: EOF occurred in violation of protocol (_ssl.c:2427))
[22:10:36] [ERR] Failed to check the state of sock (session id: 6679cf4f-8fbb-49e6-9574-8f7182fb881a, error: SSLError, message: [SSL: BAD_LENGTH] bad length (_ssl.c:2427))
[22:10:46] [ERR] Failed to check the state of sock (session id: 6679cf4f-8fbb-49e6-9574-8f7182fb881a, error: SSLEOFError, message: EOF occurred in violation of protocol (_ssl.c:2427))
[22:10:56] [ERR] Failed to check the state of sock (session id: 6679cf4f-8fbb-49e6-9574-8f7182fb881a, error: SSLEOFError, message: EOF occurred in violation of protocol (_ssl.c:2427))
[22:11:57] [ERR] Failed to check the state of sock (session id: db59827a-92ee-4ce1-9d81-3395aa9514c6, error: SSLEOFError, message: EOF occurred in violation of protocol (_ssl.c:2427))
[22:12:07] [ERR] Failed to check the state of sock (session id: db59827a-92ee-4ce1-9d81-3395aa9514c6, error: SSLEOFError, message: EOF occurred in violation of protocol (_ssl.c:2427))
[22:12:17] [ERR] Failed to check the state of sock (session id: db59827a-92ee-4ce1-9d81-3395aa9514c6, error: SSLEOFError, message: EOF occurred in violation of protocol (_ssl.c:2427))
[22:12:27] [ERR] Failed to check the state of sock (session id: db59827a-92ee-4ce1-9d81-3395aa9514c6, error: SSLEOFError, message: EOF occurred in violation of protocol (_ssl.c:2427))
[22:12:37] [ERR] Failed to check the state of sock (session id: db59827a-92ee-4ce1-9d81-3395aa9514c6, error: SSLEOFError, message: EOF occurred in violation of protocol (_ssl.c:2427))
[22:13:38] [ERR] Failed to check the state of sock (session id: 07a43591-4c1c-4b38-9f51-477266fb5ac5, error: SSLEOFError, message: EOF occurred in violation of protocol (_ssl.c:2427))
[22:13:48] [ERR] Failed to check the state of sock (session id: 07a43591-4c1c-4b38-9f51-477266fb5ac5, error: SSLError, message: [SSL: BAD_LENGTH] bad length (_ssl.c:2427))
[22:13:58] [ERR] Failed to check the state of sock (session id: 07a43591-4c1c-4b38-9f51-477266fb5ac5, error: SSLEOFError, message: EOF occurred in violation of protocol (_ssl.c:2427))
[22:14:08] [ERR] Failed to check the state of sock (session id: 07a43591-4c1c-4b38-9f51-477266fb5ac5, error: SSLEOFError, message: EOF occurred in violation of protocol (_ssl.c:2427))
[22:14:18] [ERR] Failed to check the state of sock (session id: 07a43591-4c1c-4b38-9f51-477266fb5ac5, error: SSLError, message: [SSL: BAD_LENGTH] bad length (_ssl.c:2427))
[22:15:49] [ERR] Failed to check the state of sock (session id: a8df6011-f017-4bec-a01d-01a6a832635e, error: SSLEOFError, message: EOF occurred in violation of protocol (_ssl.c:2427))
[22:15:59] [ERR] Failed to check the state of sock (session id: a8df6011-f017-4bec-a01d-01a6a832635e, error: SSLEOFError, message: EOF occurred in violation of protocol (_ssl.c:2427))
[22:16:09] [ERR] Failed to check the state of sock (session id: a8df6011-f017-4bec-a01d-01a6a832635e, error: SSLEOFError, message: EOF occurred in violation of protocol (_ssl.c:2427))
[22:16:19] [ERR] Failed to check the state of sock (session id: a8df6011-f017-4bec-a01d-01a6a832635e, error: SSLEOFError, message: EOF occurred in violation of protocol (_ssl.c:2427))
[22:16:29] [ERR] Failed to check the state of sock (session id: a8df6011-f017-4bec-a01d-01a6a832635e, error: SSLEOFError, message: EOF occurred in violation of protocol (_ssl.c:2427))
[22:17:40] [ERR] Failed to check the state of sock (session id: 2abfe86b-e713-4274-9e0d-131df8bf1f4e, error: SSLEOFError, message: EOF occurred in violation of protocol (_ssl.c:2427))
[22:17:50] [ERR] Failed to check the state of sock (session id: 2abfe86b-e713-4274-9e0d-131df8bf1f4e, error: SSLEOFError, message: EOF occurred in violation of protocol (_ssl.c:2427))
[22:18:00] [ERR] Failed to check the state of sock (session id: 2abfe86b-e713-4274-9e0d-131df8bf1f4e, error: SSLEOFError, message: EOF occurred in violation of protocol (_ssl.c:2427))
[22:18:10] [ERR] Failed to check the state of sock (session id: 2abfe86b-e713-4274-9e0d-131df8bf1f4e, error: SSLEOFError, message: EOF occurred in violation of protocol (_ssl.c:2427))
[22:18:20] [ERR] Failed to check the state of sock (session id: 2abfe86b-e713-4274-9e0d-131df8bf1f4e, error: SSLEOFError, message: EOF occurred in violation of protocol (_ssl.c:2427))
[22:19:51] [ERR] Failed to check the state of sock (session id: 113f35ae-7d6d-472e-93a6-1726b85efb36, error: SSLEOFError, message: EOF occurred in violation of protocol (_ssl.c:2427))
[22:20:01] [ERR] Failed to check the state of sock (session id: 113f35ae-7d6d-472e-93a6-1726b85efb36, error: SSLEOFError, message: EOF occurred in violation of protocol (_ssl.c:2427))
[22:20:11] [ERR] Failed to check the state of sock (session id: 113f35ae-7d6d-472e-93a6-1726b85efb36, error: SSLError, message: [SSL: BAD_LENGTH] bad length (_ssl.c:2427))
[22:20:21] [ERR] Failed to check the state of sock (session id: 113f35ae-7d6d-472e-93a6-1726b85efb36, error: SSLEOFError, message: EOF occurred in violation of protocol (_ssl.c:2427))
[22:20:31] [ERR] Failed to check the state of sock (session id: 113f35ae-7d6d-472e-93a6-1726b85efb36, error: SSLEOFError, message: EOF occurred in violation of protocol (_ssl.c:2427))
[22:21:22] [ERR] Failed to check the state of sock (session id: d4afc98a-8242-4fcf-9ecf-8c4458b0d173, error: SSLEOFError, message: EOF occurred in violation of protocol (_ssl.c:2427))
[22:21:32] [ERR] Failed to check the state of sock (session id: d4afc98a-8242-4fcf-9ecf-8c4458b0d173, error: SSLEOFError, message: EOF occurred in violation of protocol (_ssl.c:2427))
[22:21:42] [ERR] Failed to check the state of sock (session id: d4afc98a-8242-4fcf-9ecf-8c4458b0d173, error: SSLEOFError, message: EOF occurred in violation of protocol (_ssl.c:2427))
[22:21:52] [ERR] Failed to check the state of sock (session id: d4afc98a-8242-4fcf-9ecf-8c4458b0d173, error: SSLEOFError, message: EOF occurred in violation of protocol (_ssl.c:2427))
[22:22:02] [ERR] Failed to check the state of sock (session id: d4afc98a-8242-4fcf-9ecf-8c4458b0d173, error: SSLEOFError, message: EOF occurred in violation of protocol (_ssl.c:2427))
[22:23:04] [ERR] Failed to check the state of sock (session id: 81545fc9-6206-4e7f-ad57-42ef7930e570, error: SSLEOFError, message: EOF occurred in violation of protocol (_ssl.c:2427))
[22:23:14] [ERR] Failed to check the state of sock (session id: 81545fc9-6206-4e7f-ad57-42ef7930e570, error: SSLError, message: [SSL: BAD_LENGTH] bad length (_ssl.c:2427))
[22:23:24] [ERR] Failed to check the state of sock (session id: 81545fc9-6206-4e7f-ad57-42ef7930e570, error: SSLEOFError, message: EOF occurred in violation of protocol (_ssl.c:2427))
[22:23:34] [ERR] Failed to check the state of sock (session id: 81545fc9-6206-4e7f-ad57-42ef7930e570, error: SSLEOFError, message: EOF occurred in violation of protocol (_ssl.c:2427))
[22:23:44] [ERR] Failed to check the state of sock (session id: 81545fc9-6206-4e7f-ad57-42ef7930e570, error: SSLError, message: [SSL: BAD_LENGTH] bad length (_ssl.c:2427))
[22:25:05] [ERR] Failed to check the state of sock (session id: 39804cf8-4134-428e-ae14-34f47fd65f42, error: SSLEOFError, message: EOF occurred in violation of protocol (_ssl.c:2427))
[22:25:15] [ERR] Failed to check the state of sock (session id: 39804cf8-4134-428e-ae14-34f47fd65f42, error: SSLEOFError, message: EOF occurred in violation of protocol (_ssl.c:2427))
[22:25:25] [ERR] Failed to check the state of sock (session id: 39804cf8-4134-428e-ae14-34f47fd65f42, error: SSLEOFError, message: EOF occurred in violation of protocol (_ssl.c:2427))
[22:25:35] [ERR] Failed to check the state of sock (session id: 39804cf8-4134-428e-ae14-34f47fd65f42, error: SSLEOFError, message: EOF occurred in violation of protocol (_ssl.c:2427))
[22:25:45] [ERR] Failed to check the state of sock (session id: 39804cf8-4134-428e-ae14-34f47fd65f42, error: SSLError, message: [SSL: BAD_LENGTH] bad length (_ssl.c:2427))
[22:27:06] [ERR] Failed to check the state of sock (session id: 731d4507-43c8-4564-8c96-fd64a1014a5b, error: SSLEOFError, message: EOF occurred in violation of protocol (_ssl.c:2427))
[22:27:16] [ERR] Failed to check the state of sock (session id: 731d4507-43c8-4564-8c96-fd64a1014a5b, error: SSLError, message: [SSL: BAD_LENGTH] bad length (_ssl.c:2427))
[22:27:26] [ERR] Failed to check the state of sock (session id: 731d4507-43c8-4564-8c96-fd64a1014a5b, error: SSLEOFError, message: EOF occurred in violation of protocol (_ssl.c:2427))
[22:27:36] [ERR] Failed to check the state of sock (session id: 731d4507-43c8-4564-8c96-fd64a1014a5b, error: SSLError, message: [SSL: BAD_LENGTH] bad length (_ssl.c:2427))
[22:27:46] [ERR] Failed to check the state of sock (session id: 731d4507-43c8-4564-8c96-fd64a1014a5b, error: SSLEOFError, message: EOF occurred in violation of protocol (_ssl.c:2427))
[22:29:07] [ERR] Failed to check the state of sock (session id: 8478fd3e-e8bf-41dc-9045-4e8ac1739fbd, error: SSLEOFError, message: EOF occurred in violation of protocol (_ssl.c:2427))
[22:29:17] [ERR] Failed to check the state of sock (session id: 8478fd3e-e8bf-41dc-9045-4e8ac1739fbd, error: SSLError, message: [SSL: BAD_LENGTH] bad length (_ssl.c:2427))
[22:29:27] [ERR] Failed to check the state of sock (session id: 8478fd3e-e8bf-41dc-9045-4e8ac1739fbd, error: SSLError, message: [SSL: BAD_LENGTH] bad length (_ssl.c:2427))
[22:29:37] [ERR] Failed to check the state of sock (session id: 8478fd3e-e8bf-41dc-9045-4e8ac1739fbd, error: SSLEOFError, message: EOF occurred in violation of protocol (_ssl.c:2427))
[22:29:47] [ERR] Failed to check the state of sock (session id: 8478fd3e-e8bf-41dc-9045-4e8ac1739fbd, error: SSLEOFError, message: EOF occurred in violation of protocol (_ssl.c:2427))
[22:30:48] [ERR] Failed to check the state of sock (session id: 89bd7940-5daf-49d6-8f3a-2c4bfa0a5aca, error: SSLEOFError, message: EOF occurred in violation of protocol (_ssl.c:2427))
[22:30:58] [ERR] Failed to check the state of sock (session id: 89bd7940-5daf-49d6-8f3a-2c4bfa0a5aca, error: SSLEOFError, message: EOF occurred in violation of protocol (_ssl.c:2427))
[22:31:08] [ERR] Failed to check the state of sock (session id: 89bd7940-5daf-49d6-8f3a-2c4bfa0a5aca, error: SSLEOFError, message: EOF occurred in violation of protocol (_ssl.c:2427))
[22:31:18] [ERR] Failed to check the state of sock (session id: 89bd7940-5daf-49d6-8f3a-2c4bfa0a5aca, error: SSLEOFError, message: EOF occurred in violation of protocol (_ssl.c:2427))
[22:31:28] [ERR] Failed to check the state of sock (session id: 89bd7940-5daf-49d6-8f3a-2c4bfa0a5aca, error: SSLEOFError, message: EOF occurred in violation of protocol (_ssl.c:2427))
[22:32:49] [ERR] Failed to check the state of sock (session id: 83ee2be5-3b53-43e2-b76e-0420dd552034, error: SSLEOFError, message: EOF occurred in violation of protocol (_ssl.c:2427))
[22:32:59] [ERR] Failed to check the state of sock (session id: 83ee2be5-3b53-43e2-b76e-0420dd552034, error: SSLError, message: [SSL: BAD_LENGTH] bad length (_ssl.c:2427))
[22:33:09] [ERR] Failed to check the state of sock (session id: 83ee2be5-3b53-43e2-b76e-0420dd552034, error: SSLEOFError, message: EOF occurred in violation of protocol (_ssl.c:2427))
[22:33:19] [ERR] Failed to check the state of sock (session id: 83ee2be5-3b53-43e2-b76e-0420dd552034, error: SSLEOFError, message: EOF occurred in violation of protocol (_ssl.c:2427))
[22:33:29] [ERR] Failed to check the state of sock (session id: 83ee2be5-3b53-43e2-b76e-0420dd552034, error: SSLError, message: [SSL: BAD_LENGTH] bad length (_ssl.c:2427))
[22:34:41] [ERR] Failed to check the state of sock (session id: dbe03d1e-8f62-4b3c-a9d2-7b0238f66954, error: SSLEOFError, message: EOF occurred in violation of protocol (_ssl.c:2427))
[22:34:51] [ERR] Failed to check the state of sock (session id: dbe03d1e-8f62-4b3c-a9d2-7b0238f66954, error: SSLEOFError, message: EOF occurred in violation of protocol (_ssl.c:2427))
[22:35:01] [ERR] Failed to check the state of sock (session id: dbe03d1e-8f62-4b3c-a9d2-7b0238f66954, error: SSLEOFError, message: EOF occurred in violation of protocol (_ssl.c:2427))
[22:35:11] [ERR] Failed to check the state of sock (session id: dbe03d1e-8f62-4b3c-a9d2-7b0238f66954, error: SSLEOFError, message: EOF occurred in violation of protocol (_ssl.c:2427))
[22:35:21] [ERR] Failed to check the state of sock (session id: dbe03d1e-8f62-4b3c-a9d2-7b0238f66954, error: SSLEOFError, message: EOF occurred in violation of protocol (_ssl.c:2427))
[22:36:42] [ERR] Failed to check the state of sock (session id: 5619c25a-5499-455f-989f-6f15c4c955a8, error: SSLEOFError, message: EOF occurred in violation of protocol (_ssl.c:2427))
[22:36:52] [ERR] Failed to check the state of sock (session id: 5619c25a-5499-455f-989f-6f15c4c955a8, error: SSLError, message: [SSL: BAD_LENGTH] bad length (_ssl.c:2427))
[22:37:02] [ERR] Failed to check the state of sock (session id: 5619c25a-5499-455f-989f-6f15c4c955a8, error: SSLError, message: [SSL: BAD_LENGTH] bad length (_ssl.c:2427))
[22:37:12] [ERR] Failed to check the state of sock (session id: 5619c25a-5499-455f-989f-6f15c4c955a8, error: SSLEOFError, message: EOF occurred in violation of protocol (_ssl.c:2427))
[22:37:22] [ERR] Failed to check the state of sock (session id: 5619c25a-5499-455f-989f-6f15c4c955a8, error: SSLEOFError, message: EOF occurred in violation of protocol (_ssl.c:2427))
[22:38:33] [ERR] Failed to check the state of sock (session id: c5e395b0-aed7-4204-a689-5a436d0073d4, error: SSLEOFError, message: EOF occurred in violation of protocol (_ssl.c:2427))
[22:38:43] [ERR] Failed to check the state of sock (session id: c5e395b0-aed7-4204-a689-5a436d0073d4, error: SSLEOFError, message: EOF occurred in violation of protocol (_ssl.c:2427))
[22:38:53] [ERR] Failed to check the state of sock (session id: c5e395b0-aed7-4204-a689-5a436d0073d4, error: SSLError, message: [SSL: BAD_LENGTH] bad length (_ssl.c:2427))
[22:39:03] [ERR] Failed to check the state of sock (session id: c5e395b0-aed7-4204-a689-5a436d0073d4, error: SSLError, message: [SSL: BAD_LENGTH] bad length (_ssl.c:2427))
[22:39:13] [ERR] Failed to check the state of sock (session id: c5e395b0-aed7-4204-a689-5a436d0073d4, error: SSLEOFError, message: EOF occurred in violation of protocol (_ssl.c:2427))
[22:40:04] [ERR] Failed to check the state of sock (session id: a0142ed7-d8fe-4725-ad6f-aa64648803c0, error: SSLEOFError, message: EOF occurred in violation of protocol (_ssl.c:2427))
[22:40:14] [ERR] Failed to check the state of sock (session id: a0142ed7-d8fe-4725-ad6f-aa64648803c0, error: SSLEOFError, message: EOF occurred in violation of protocol (_ssl.c:2427))
[22:40:24] [ERR] Failed to check the state of sock (session id: a0142ed7-d8fe-4725-ad6f-aa64648803c0, error: SSLEOFError, message: EOF occurred in violation of protocol (_ssl.c:2427))
[22:40:34] [ERR] Failed to check the state of sock (session id: a0142ed7-d8fe-4725-ad6f-aa64648803c0, error: SSLError, message: [SSL: BAD_LENGTH] bad length (_ssl.c:2427))
[22:40:44] [ERR] Failed to check the state of sock (session id: a0142ed7-d8fe-4725-ad6f-aa64648803c0, error: SSLEOFError, message: EOF occurred in violation of protocol (_ssl.c:2427))
[22:41:55] [ERR] Failed to check the state of sock (session id: ab031f95-3777-4551-8b4e-c2655ca0a12d, error: SSLEOFError, message: EOF occurred in violation of protocol (_ssl.c:2427))
[22:42:05] [ERR] Failed to check the state of sock (session id: ab031f95-3777-4551-8b4e-c2655ca0a12d, error: SSLEOFError, message: EOF occurred in violation of protocol (_ssl.c:2427))
[22:42:15] [ERR] Failed to check the state of sock (session id: ab031f95-3777-4551-8b4e-c2655ca0a12d, error: SSLEOFError, message: EOF occurred in violation of protocol (_ssl.c:2427))
[22:42:25] [ERR] Failed to check the state of sock (session id: ab031f95-3777-4551-8b4e-c2655ca0a12d, error: SSLEOFError, message: EOF occurred in violation of protocol (_ssl.c:2427))
[22:42:35] [ERR] Failed to check the state of sock (session id: ab031f95-3777-4551-8b4e-c2655ca0a12d, error: SSLEOFError, message: EOF occurred in violation of protocol (_ssl.c:2427))
[22:43:36] [ERR] Failed to check the state of sock (session id: 29bdbb02-5e1a-45cb-b49d-a328304f2f0f, error: SSLEOFError, message: EOF occurred in violation of protocol (_ssl.c:2427))
[22:43:46] [ERR] Failed to check the state of sock (session id: 29bdbb02-5e1a-45cb-b49d-a328304f2f0f, error: SSLError, message: [SSL: BAD_LENGTH] bad length (_ssl.c:2427))
[22:43:56] [ERR] Failed to check the state of sock (session id: 29bdbb02-5e1a-45cb-b49d-a328304f2f0f, error: SSLError, message: [SSL: BAD_LENGTH] bad length (_ssl.c:2427))
[22:44:06] [ERR] Failed to check the state of sock (session id: 29bdbb02-5e1a-45cb-b49d-a328304f2f0f, error: SSLEOFError, message: EOF occurred in violation of protocol (_ssl.c:2427))
[22:44:16] [ERR] Failed to check the state of sock (session id: 29bdbb02-5e1a-45cb-b49d-a328304f2f0f, error: SSLEOFError, message: EOF occurred in violation of protocol (_ssl.c:2427))
[22:45:17] [ERR] Failed to check the state of sock (session id: 47eb31a5-6ace-4d59-8753-4bfcec492d6b, error: SSLEOFError, message: EOF occurred in violation of protocol (_ssl.c:2427))
[22:45:27] [ERR] Failed to check the state of sock (session id: 47eb31a5-6ace-4d59-8753-4bfcec492d6b, error: SSLError, message: [SSL: BAD_LENGTH] bad length (_ssl.c:2427))
[22:45:37] [ERR] Failed to check the state of sock (session id: 47eb31a5-6ace-4d59-8753-4bfcec492d6b, error: SSLError, message: [SSL: BAD_LENGTH] bad length (_ssl.c:2427))
[22:45:47] [ERR] Failed to check the state of sock (session id: 47eb31a5-6ace-4d59-8753-4bfcec492d6b, error: SSLEOFError, message: EOF occurred in violation of protocol (_ssl.c:2427))
[22:45:57] [ERR] Failed to check the state of sock (session id: 47eb31a5-6ace-4d59-8753-4bfcec492d6b, error: SSLEOFError, message: EOF occurred in violation of protocol (_ssl.c:2427))
[22:47:28] [ERR] Failed to check the state of sock (session id: 45da4653-886c-46f5-9b7e-e5619463c410, error: SSLEOFError, message: EOF occurred in violation of protocol (_ssl.c:2427))
[22:47:39] [ERR] Failed to check the state of sock (session id: 45da4653-886c-46f5-9b7e-e5619463c410, error: SSLError, message: [SSL: BAD_LENGTH] bad length (_ssl.c:2427))
[22:47:49] [ERR] Failed to check the state of sock (session id: 45da4653-886c-46f5-9b7e-e5619463c410, error: SSLEOFError, message: EOF occurred in violation of protocol (_ssl.c:2427))
[22:47:59] [ERR] Failed to check the state of sock (session id: 45da4653-886c-46f5-9b7e-e5619463c410, error: SSLEOFError, message: EOF occurred in violation of protocol (_ssl.c:2427))
[22:48:09] [ERR] Failed to check the state of sock (session id: 45da4653-886c-46f5-9b7e-e5619463c410, error: SSLError, message: [SSL: BAD_LENGTH] bad length (_ssl.c:2427))
[22:49:40] [ERR] Failed to check the state of sock (session id: ef08c26a-bce9-48cd-8c4a-5be0a2249a18, error: SSLEOFError, message: EOF occurred in violation of protocol (_ssl.c:2427))
[22:49:50] [ERR] Failed to check the state of sock (session id: ef08c26a-bce9-48cd-8c4a-5be0a2249a18, error: SSLEOFError, message: EOF occurred in violation of protocol (_ssl.c:2427))
[22:50:00] [ERR] Failed to check the state of sock (session id: ef08c26a-bce9-48cd-8c4a-5be0a2249a18, error: SSLEOFError, message: EOF occurred in violation of protocol (_ssl.c:2427))
[22:50:10] [ERR] Failed to check the state of sock (session id: ef08c26a-bce9-48cd-8c4a-5be0a2249a18, error: SSLError, message: [SSL: BAD_LENGTH] bad length (_ssl.c:2427))
[22:50:20] [ERR] Failed to check the state of sock (session id: ef08c26a-bce9-48cd-8c4a-5be0a2249a18, error: SSLEOFError, message: EOF occurred in violation of protocol (_ssl.c:2427))
[22:51:41] [ERR] Failed to check the state of sock (session id: af733486-b8da-4041-91ab-00582a28c08a, error: SSLEOFError, message: EOF occurred in violation of protocol (_ssl.c:2427))
[22:51:51] [ERR] Failed to check the state of sock (session id: af733486-b8da-4041-91ab-00582a28c08a, error: SSLEOFError, message: EOF occurred in violation of protocol (_ssl.c:2427))
[22:52:01] [ERR] Failed to check the state of sock (session id: af733486-b8da-4041-91ab-00582a28c08a, error: SSLEOFError, message: EOF occurred in violation of protocol (_ssl.c:2427))
[22:52:11] [ERR] Failed to check the state of sock (session id: af733486-b8da-4041-91ab-00582a28c08a, error: SSLEOFError, message: EOF occurred in violation of protocol (_ssl.c:2427))
[22:52:21] [ERR] Failed to check the state of sock (session id: af733486-b8da-4041-91ab-00582a28c08a, error: SSLEOFError, message: EOF occurred in violation of protocol (_ssl.c:2427))
[22:53:53] [ERR] Failed to check the state of sock (session id: be14756c-45f5-4885-8992-6f175536a66c, error: SSLEOFError, message: EOF occurred in violation of protocol (_ssl.c:2427))
[22:54:03] [ERR] Failed to check the state of sock (session id: be14756c-45f5-4885-8992-6f175536a66c, error: SSLEOFError, message: EOF occurred in violation of protocol (_ssl.c:2427))
[22:54:13] [ERR] Failed to check the state of sock (session id: be14756c-45f5-4885-8992-6f175536a66c, error: SSLEOFError, message: EOF occurred in violation of protocol (_ssl.c:2427))
[22:54:23] [ERR] Failed to check the state of sock (session id: be14756c-45f5-4885-8992-6f175536a66c, error: SSLEOFError, message: EOF occurred in violation of protocol (_ssl.c:2427))
[22:54:33] [ERR] Failed to check the state of sock (session id: be14756c-45f5-4885-8992-6f175536a66c, error: SSLError, message: [SSL: BAD_LENGTH] bad length (_ssl.c:2427))
[22:55:33] [ERR] Failed to check the state of sock (session id: 14bb35a6-b8f6-4c3d-829a-5a731f4e575b, error: SSLEOFError, message: EOF occurred in violation of protocol (_ssl.c:2427))
[22:55:44] [ERR] Failed to check the state of sock (session id: 14bb35a6-b8f6-4c3d-829a-5a731f4e575b, error: SSLEOFError, message: EOF occurred in violation of protocol (_ssl.c:2427))
[22:55:54] [ERR] Failed to check the state of sock (session id: 14bb35a6-b8f6-4c3d-829a-5a731f4e575b, error: SSLEOFError, message: EOF occurred in violation of protocol (_ssl.c:2427))
[22:56:04] [ERR] Failed to check the state of sock (session id: 14bb35a6-b8f6-4c3d-829a-5a731f4e575b, error: SSLEOFError, message: EOF occurred in violation of protocol (_ssl.c:2427))
[22:56:14] [ERR] Failed to check the state of sock (session id: 14bb35a6-b8f6-4c3d-829a-5a731f4e575b, error: SSLEOFError, message: EOF occurred in violation of protocol (_ssl.c:2427))
[22:57:35] [ERR] Failed to check the state of sock (session id: 6cb327b0-69a3-4c5b-a5af-ece99900bb3c, error: SSLEOFError, message: EOF occurred in violation of protocol (_ssl.c:2427))
[22:57:45] [ERR] Failed to check the state of sock (session id: 6cb327b0-69a3-4c5b-a5af-ece99900bb3c, error: SSLError, message: [SSL: BAD_LENGTH] bad length (_ssl.c:2427))
[22:57:55] [ERR] Failed to check the state of sock (session id: 6cb327b0-69a3-4c5b-a5af-ece99900bb3c, error: SSLEOFError, message: EOF occurred in violation of protocol (_ssl.c:2427))
[22:58:05] [ERR] Failed to check the state of sock (session id: 6cb327b0-69a3-4c5b-a5af-ece99900bb3c, error: SSLEOFError, message: EOF occurred in violation of protocol (_ssl.c:2427))
[22:58:15] [ERR] Failed to check the state of sock (session id: 6cb327b0-69a3-4c5b-a5af-ece99900bb3c, error: SSLEOFError, message: EOF occurred in violation of protocol (_ssl.c:2427))
[22:59:46] [ERR] Failed to check the state of sock (session id: 898e6a9e-2258-4fa8-9eb9-dbeda84b2847, error: SSLEOFError, message: EOF occurred in violation of protocol (_ssl.c:2427))
[22:59:56] [ERR] Failed to check the state of sock (session id: 898e6a9e-2258-4fa8-9eb9-dbeda84b2847, error: SSLEOFError, message: EOF occurred in violation of protocol (_ssl.c:2427))
[23:00:06] [ERR] Failed to check the state of sock (session id: 898e6a9e-2258-4fa8-9eb9-dbeda84b2847, error: SSLEOFError, message: EOF occurred in violation of protocol (_ssl.c:2427))
[23:00:16] [ERR] Failed to check the state of sock (session id: 898e6a9e-2258-4fa8-9eb9-dbeda84b2847, error: SSLEOFError, message: EOF occurred in violation of protocol (_ssl.c:2427))
[23:00:26] [ERR] Failed to check the state of sock (session id: 898e6a9e-2258-4fa8-9eb9-dbeda84b2847, error: SSLEOFError, message: EOF occurred in violation of protocol (_ssl.c:2427))
[23:01:47] [ERR] Failed to check the state of sock (session id: 73280291-1711-4260-abf4-d6887ffa5f97, error: SSLEOFError, message: EOF occurred in violation of protocol (_ssl.c:2427))
[23:01:57] [ERR] Failed to check the state of sock (session id: 73280291-1711-4260-abf4-d6887ffa5f97, error: SSLEOFError, message: EOF occurred in violation of protocol (_ssl.c:2427))
[23:02:07] [ERR] Failed to check the state of sock (session id: 73280291-1711-4260-abf4-d6887ffa5f97, error: SSLEOFError, message: EOF occurred in violation of protocol (_ssl.c:2427))
[23:02:17] [ERR] Failed to check the state of sock (session id: 73280291-1711-4260-abf4-d6887ffa5f97, error: SSLError, message: [SSL: BAD_LENGTH] bad length (_ssl.c:2427))
[23:02:27] [ERR] Failed to check the state of sock (session id: 73280291-1711-4260-abf4-d6887ffa5f97, error: SSLError, message: [SSL: BAD_LENGTH] bad length (_ssl.c:2427))
[23:03:48] [ERR] Failed to check the state of sock (session id: 12c56d32-0047-4a76-95f1-19fb9c09096b, error: SSLEOFError, message: EOF occurred in violation of protocol (_ssl.c:2427))
[23:03:58] [ERR] Failed to check the state of sock (session id: 12c56d32-0047-4a76-95f1-19fb9c09096b, error: SSLEOFError, message: EOF occurred in violation of protocol (_ssl.c:2427))
[23:04:08] [ERR] Failed to check the state of sock (session id: 12c56d32-0047-4a76-95f1-19fb9c09096b, error: SSLEOFError, message: EOF occurred in violation of protocol (_ssl.c:2427))
[23:04:18] [ERR] Failed to check the state of sock (session id: 12c56d32-0047-4a76-95f1-19fb9c09096b, error: SSLEOFError, message: EOF occurred in violation of protocol (_ssl.c:2427))
[23:04:28] [ERR] Failed to check the state of sock (session id: 12c56d32-0047-4a76-95f1-19fb9c09096b, error: SSLEOFError, message: EOF occurred in violation of protocol (_ssl.c:2427))
[23:05:59] [ERR] Failed to check the state of sock (session id: 00502784-50d4-4f1f-b5b6-1ad38b74c699, error: SSLEOFError, message: EOF occurred in violation of protocol (_ssl.c:2427))
[23:06:09] [ERR] Failed to check the state of sock (session id: 00502784-50d4-4f1f-b5b6-1ad38b74c699, error: SSLEOFError, message: EOF occurred in violation of protocol (_ssl.c:2427))
[23:06:19] [ERR] Failed to check the state of sock (session id: 00502784-50d4-4f1f-b5b6-1ad38b74c699, error: SSLEOFError, message: EOF occurred in violation of protocol (_ssl.c:2427))
[23:06:29] [ERR] Failed to check the state of sock (session id: 00502784-50d4-4f1f-b5b6-1ad38b74c699, error: SSLEOFError, message: EOF occurred in violation of protocol (_ssl.c:2427))
[23:06:39] [ERR] Failed to check the state of sock (session id: 00502784-50d4-4f1f-b5b6-1ad38b74c699, error: SSLError, message: [SSL: BAD_LENGTH] bad length (_ssl.c:2427))
[23:08:10] [ERR] Failed to check the state of sock (session id: b5b68b30-0a16-4221-a3f9-7e631163d6fb, error: SSLEOFError, message: EOF occurred in violation of protocol (_ssl.c:2427))
[23:08:20] [ERR] Failed to check the state of sock (session id: b5b68b30-0a16-4221-a3f9-7e631163d6fb, error: SSLEOFError, message: EOF occurred in violation of protocol (_ssl.c:2427))
[23:08:30] [ERR] Failed to check the state of sock (session id: b5b68b30-0a16-4221-a3f9-7e631163d6fb, error: SSLEOFError, message: EOF occurred in violation of protocol (_ssl.c:2427))
[23:08:40] [ERR] Failed to check the state of sock (session id: b5b68b30-0a16-4221-a3f9-7e631163d6fb, error: SSLEOFError, message: EOF occurred in violation of protocol (_ssl.c:2427))
[23:08:50] [ERR] Failed to check the state of sock (session id: b5b68b30-0a16-4221-a3f9-7e631163d6fb, error: SSLEOFError, message: EOF occurred in violation of protocol (_ssl.c:2427))
[23:09:51] [ERR] Failed to check the state of sock (session id: 6a06a6d7-c4db-44f2-9677-521e5d325d40, error: SSLEOFError, message: EOF occurred in violation of protocol (_ssl.c:2427))
[23:10:01] [ERR] Failed to check the state of sock (session id: 6a06a6d7-c4db-44f2-9677-521e5d325d40, error: SSLEOFError, message: EOF occurred in violation of protocol (_ssl.c:2427))
[23:10:11] [ERR] Failed to check the state of sock (session id: 6a06a6d7-c4db-44f2-9677-521e5d325d40, error: SSLError, message: [SSL: BAD_LENGTH] bad length (_ssl.c:2427))
[23:10:21] [ERR] Failed to check the state of sock (session id: 6a06a6d7-c4db-44f2-9677-521e5d325d40, error: SSLEOFError, message: EOF occurred in violation of protocol (_ssl.c:2427))
[23:10:31] [ERR] Failed to check the state of sock (session id: 6a06a6d7-c4db-44f2-9677-521e5d325d40, error: SSLError, message: [SSL: BAD_LENGTH] bad length (_ssl.c:2427))
[23:11:52] [ERR] Failed to check the state of sock (session id: 9e28b34b-039b-4e4c-81bb-bf08034d49e4, error: SSLEOFError, message: EOF occurred in violation of protocol (_ssl.c:2427))
[23:12:02] [ERR] Failed to check the state of sock (session id: 9e28b34b-039b-4e4c-81bb-bf08034d49e4, error: SSLEOFError, message: EOF occurred in violation of protocol (_ssl.c:2427))
[23:12:12] [ERR] Failed to check the state of sock (session id: 9e28b34b-039b-4e4c-81bb-bf08034d49e4, error: SSLEOFError, message: EOF occurred in violation of protocol (_ssl.c:2427))
[23:12:22] [ERR] Failed to check the state of sock (session id: 9e28b34b-039b-4e4c-81bb-bf08034d49e4, error: SSLError, message: [SSL: BAD_LENGTH] bad length (_ssl.c:2427))
[23:12:32] [ERR] Failed to check the state of sock (session id: 9e28b34b-039b-4e4c-81bb-bf08034d49e4, error: SSLError, message: [SSL: BAD_LENGTH] bad length (_ssl.c:2427))
[23:14:03] [ERR] Failed to check the state of sock (session id: 50421884-b4d4-411d-b817-584c825579e2, error: SSLEOFError, message: EOF occurred in violation of protocol (_ssl.c:2427))
[23:14:13] [ERR] Failed to check the state of sock (session id: 50421884-b4d4-411d-b817-584c825579e2, error: SSLEOFError, message: EOF occurred in violation of protocol (_ssl.c:2427))
[23:14:23] [ERR] Failed to check the state of sock (session id: 50421884-b4d4-411d-b817-584c825579e2, error: SSLEOFError, message: EOF occurred in violation of protocol (_ssl.c:2427))
[23:14:33] [ERR] Failed to check the state of sock (session id: 50421884-b4d4-411d-b817-584c825579e2, error: SSLEOFError, message: EOF occurred in violation of protocol (_ssl.c:2427))
[23:14:43] [ERR] Failed to check the state of sock (session id: 50421884-b4d4-411d-b817-584c825579e2, error: SSLEOFError, message: EOF occurred in violation of protocol (_ssl.c:2427))
[23:16:04] [ERR] Failed to check the state of sock (session id: 9243c58c-a78a-41d1-98c1-fc8f3b46e467, error: SSLEOFError, message: EOF occurred in violation of protocol (_ssl.c:2427))
[23:16:14] [ERR] Failed to check the state of sock (session id: 9243c58c-a78a-41d1-98c1-fc8f3b46e467, error: SSLEOFError, message: EOF occurred in violation of protocol (_ssl.c:2427))
[23:16:24] [ERR] Failed to check the state of sock (session id: 9243c58c-a78a-41d1-98c1-fc8f3b46e467, error: SSLEOFError, message: EOF occurred in violation of protocol (_ssl.c:2427))
[23:16:34] [ERR] Failed to check the state of sock (session id: 9243c58c-a78a-41d1-98c1-fc8f3b46e467, error: SSLError, message: [SSL: BAD_LENGTH] bad length (_ssl.c:2427))
[23:16:44] [ERR] Failed to check the state of sock (session id: 9243c58c-a78a-41d1-98c1-fc8f3b46e467, error: SSLEOFError, message: EOF occurred in violation of protocol (_ssl.c:2427))
[23:18:05] [ERR] Failed to check the state of sock (session id: d8500713-52d2-4aa1-9f8a-625d78faeb77, error: SSLEOFError, message: EOF occurred in violation of protocol (_ssl.c:2427))
[23:18:15] [ERR] Failed to check the state of sock (session id: d8500713-52d2-4aa1-9f8a-625d78faeb77, error: SSLEOFError, message: EOF occurred in violation of protocol (_ssl.c:2427))
[23:18:25] [ERR] Failed to check the state of sock (session id: d8500713-52d2-4aa1-9f8a-625d78faeb77, error: SSLEOFError, message: EOF occurred in violation of protocol (_ssl.c:2427))
[23:18:35] [ERR] Failed to check the state of sock (session id: d8500713-52d2-4aa1-9f8a-625d78faeb77, error: SSLEOFError, message: EOF occurred in violation of protocol (_ssl.c:2427))
[23:18:45] [ERR] Failed to check the state of sock (session id: d8500713-52d2-4aa1-9f8a-625d78faeb77, error: SSLEOFError, message: EOF occurred in violation of protocol (_ssl.c:2427))
[23:19:46] [ERR] Failed to check the state of sock (session id: c325827b-4fc7-4854-99f1-10485dd314c8, error: SSLEOFError, message: EOF occurred in violation of protocol (_ssl.c:2427))
[23:19:56] [ERR] Failed to check the state of sock (session id: c325827b-4fc7-4854-99f1-10485dd314c8, error: SSLEOFError, message: EOF occurred in violation of protocol (_ssl.c:2427))
[23:20:06] [ERR] Failed to check the state of sock (session id: c325827b-4fc7-4854-99f1-10485dd314c8, error: SSLEOFError, message: EOF occurred in violation of protocol (_ssl.c:2427))
[23:20:16] [ERR] Failed to check the state of sock (session id: c325827b-4fc7-4854-99f1-10485dd314c8, error: SSLError, message: [SSL: BAD_LENGTH] bad length (_ssl.c:2427))
[23:20:26] [ERR] Failed to check the state of sock (session id: c325827b-4fc7-4854-99f1-10485dd314c8, error: SSLEOFError, message: EOF occurred in violation of protocol (_ssl.c:2427))
[23:21:57] [ERR] Failed to check the state of sock (session id: f90bde49-ec5f-4d0e-92ad-124229e4cf28, error: SSLEOFError, message: EOF occurred in violation of protocol (_ssl.c:2427))
[23:22:07] [ERR] Failed to check the state of sock (session id: f90bde49-ec5f-4d0e-92ad-124229e4cf28, error: SSLEOFError, message: EOF occurred in violation of protocol (_ssl.c:2427))
[23:22:17] [ERR] Failed to check the state of sock (session id: f90bde49-ec5f-4d0e-92ad-124229e4cf28, error: SSLEOFError, message: EOF occurred in violation of protocol (_ssl.c:2427))
[23:22:27] [ERR] Failed to check the state of sock (session id: f90bde49-ec5f-4d0e-92ad-124229e4cf28, error: SSLEOFError, message: EOF occurred in violation of protocol (_ssl.c:2427))
[23:22:37] [ERR] Failed to check the state of sock (session id: f90bde49-ec5f-4d0e-92ad-124229e4cf28, error: SSLEOFError, message: EOF occurred in violation of protocol (_ssl.c:2427))
[23:23:28] [ERR] Failed to check the state of sock (session id: 5cf00b16-eb77-4860-9e5d-a13d78ec897b, error: SSLEOFError, message: EOF occurred in violation of protocol (_ssl.c:2427))
[23:23:38] [ERR] Failed to check the state of sock (session id: 5cf00b16-eb77-4860-9e5d-a13d78ec897b, error: SSLEOFError, message: EOF occurred in violation of protocol (_ssl.c:2427))
[23:23:48] [ERR] Failed to check the state of sock (session id: 5cf00b16-eb77-4860-9e5d-a13d78ec897b, error: SSLEOFError, message: EOF occurred in violation of protocol (_ssl.c:2427))
[23:23:58] [ERR] Failed to check the state of sock (session id: 5cf00b16-eb77-4860-9e5d-a13d78ec897b, error: SSLEOFError, message: EOF occurred in violation of protocol (_ssl.c:2427))
[23:24:08] [ERR] Failed to check the state of sock (session id: 5cf00b16-eb77-4860-9e5d-a13d78ec897b, error: SSLEOFError, message: EOF occurred in violation of protocol (_ssl.c:2427))
[23:25:29] [ERR] Failed to check the state of sock (session id: efd9acb0-25fc-4c0a-be8f-8c29081f4852, error: SSLEOFError, message: EOF occurred in violation of protocol (_ssl.c:2427))
[23:25:39] [ERR] Failed to check the state of sock (session id: efd9acb0-25fc-4c0a-be8f-8c29081f4852, error: SSLEOFError, message: EOF occurred in violation of protocol (_ssl.c:2427))
[23:25:49] [ERR] Failed to check the state of sock (session id: efd9acb0-25fc-4c0a-be8f-8c29081f4852, error: SSLError, message: [SSL: BAD_LENGTH] bad length (_ssl.c:2427))
[23:25:59] [ERR] Failed to check the state of sock (session id: efd9acb0-25fc-4c0a-be8f-8c29081f4852, error: SSLEOFError, message: EOF occurred in violation of protocol (_ssl.c:2427))
[23:26:09] [ERR] Failed to check the state of sock (session id: efd9acb0-25fc-4c0a-be8f-8c29081f4852, error: SSLEOFError, message: EOF occurred in violation of protocol (_ssl.c:2427))
[23:27:10] [ERR] Failed to check the state of sock (session id: 5fbeebeb-6875-4da0-abf3-b8b577735dfe, error: SSLEOFError, message: EOF occurred in violation of protocol (_ssl.c:2427))
[23:27:20] [ERR] Failed to check the state of sock (session id: 5fbeebeb-6875-4da0-abf3-b8b577735dfe, error: SSLEOFError, message: EOF occurred in violation of protocol (_ssl.c:2427))
[23:27:30] [ERR] Failed to check the state of sock (session id: 5fbeebeb-6875-4da0-abf3-b8b577735dfe, error: SSLEOFError, message: EOF occurred in violation of protocol (_ssl.c:2427))
[23:27:40] [ERR] Failed to check the state of sock (session id: 5fbeebeb-6875-4da0-abf3-b8b577735dfe, error: SSLEOFError, message: EOF occurred in violation of protocol (_ssl.c:2427))
[23:27:50] [ERR] Failed to check the state of sock (session id: 5fbeebeb-6875-4da0-abf3-b8b577735dfe, error: SSLEOFError, message: EOF occurred in violation of protocol (_ssl.c:2427))
[23:28:41] [ERR] Failed to check the state of sock (session id: 68d6704a-e15c-4079-a602-8003b85cd975, error: SSLEOFError, message: EOF occurred in violation of protocol (_ssl.c:2427))
[23:28:51] [ERR] Failed to check the state of sock (session id: 68d6704a-e15c-4079-a602-8003b85cd975, error: SSLEOFError, message: EOF occurred in violation of protocol (_ssl.c:2427))
[23:29:01] [ERR] Failed to check the state of sock (session id: 68d6704a-e15c-4079-a602-8003b85cd975, error: SSLEOFError, message: EOF occurred in violation of protocol (_ssl.c:2427))
[23:29:11] [ERR] Failed to check the state of sock (session id: 68d6704a-e15c-4079-a602-8003b85cd975, error: SSLError, message: [SSL: BAD_LENGTH] bad length (_ssl.c:2427))
[23:29:21] [ERR] Failed to check the state of sock (session id: 68d6704a-e15c-4079-a602-8003b85cd975, error: SSLError, message: [SSL: BAD_LENGTH] bad length (_ssl.c:2427))
[23:30:22] [ERR] Failed to check the state of sock (session id: 6ea7a347-56cb-46f4-9e6c-923a98cb801f, error: SSLEOFError, message: EOF occurred in violation of protocol (_ssl.c:2427))
[23:30:32] [ERR] Failed to check the state of sock (session id: 6ea7a347-56cb-46f4-9e6c-923a98cb801f, error: SSLEOFError, message: EOF occurred in violation of protocol (_ssl.c:2427))
[23:30:42] [ERR] Failed to check the state of sock (session id: 6ea7a347-56cb-46f4-9e6c-923a98cb801f, error: SSLEOFError, message: EOF occurred in violation of protocol (_ssl.c:2427))
[23:30:52] [ERR] Failed to check the state of sock (session id: 6ea7a347-56cb-46f4-9e6c-923a98cb801f, error: SSLEOFError, message: EOF occurred in violation of protocol (_ssl.c:2427))
[23:31:02] [ERR] Failed to check the state of sock (session id: 6ea7a347-56cb-46f4-9e6c-923a98cb801f, error: SSLEOFError, message: EOF occurred in violation of protocol (_ssl.c:2427))
[23:32:24] [ERR] Failed to check the state of sock (session id: 9d17068c-245d-4bce-8f66-dc53c3e1b911, error: SSLEOFError, message: EOF occurred in violation of protocol (_ssl.c:2427))
[23:32:34] [ERR] Failed to check the state of sock (session id: 9d17068c-245d-4bce-8f66-dc53c3e1b911, error: SSLEOFError, message: EOF occurred in violation of protocol (_ssl.c:2427))
[23:32:44] [ERR] Failed to check the state of sock (session id: 9d17068c-245d-4bce-8f66-dc53c3e1b911, error: SSLEOFError, message: EOF occurred in violation of protocol (_ssl.c:2427))
[23:32:54] [ERR] Failed to check the state of sock (session id: 9d17068c-245d-4bce-8f66-dc53c3e1b911, error: SSLEOFError, message: EOF occurred in violation of protocol (_ssl.c:2427))
[23:33:04] [ERR] Failed to check the state of sock (session id: 9d17068c-245d-4bce-8f66-dc53c3e1b911, error: SSLEOFError, message: EOF occurred in violation of protocol (_ssl.c:2427))
[23:34:15] [ERR] Failed to check the state of sock (session id: 2ab488dd-61a1-424a-98ad-3703977df575, error: SSLEOFError, message: EOF occurred in violation of protocol (_ssl.c:2427))
[23:34:25] [ERR] Failed to check the state of sock (session id: 2ab488dd-61a1-424a-98ad-3703977df575, error: SSLEOFError, message: EOF occurred in violation of protocol (_ssl.c:2427))
[23:34:35] [ERR] Failed to check the state of sock (session id: 2ab488dd-61a1-424a-98ad-3703977df575, error: SSLEOFError, message: EOF occurred in violation of protocol (_ssl.c:2427))
[23:34:45] [ERR] Failed to check the state of sock (session id: 2ab488dd-61a1-424a-98ad-3703977df575, error: SSLEOFError, message: EOF occurred in violation of protocol (_ssl.c:2427))
[23:34:55] [ERR] Failed to check the state of sock (session id: 2ab488dd-61a1-424a-98ad-3703977df575, error: SSLEOFError, message: EOF occurred in violation of protocol (_ssl.c:2427))
[23:36:26] [ERR] Failed to check the state of sock (session id: ed4fd30c-4755-4246-be9b-e37265bf28a7, error: SSLEOFError, message: EOF occurred in violation of protocol (_ssl.c:2427))
[23:36:36] [ERR] Failed to check the state of sock (session id: ed4fd30c-4755-4246-be9b-e37265bf28a7, error: SSLEOFError, message: EOF occurred in violation of protocol (_ssl.c:2427))
[23:36:46] [ERR] Failed to check the state of sock (session id: ed4fd30c-4755-4246-be9b-e37265bf28a7, error: SSLEOFError, message: EOF occurred in violation of protocol (_ssl.c:2427))
[23:36:56] [ERR] Failed to check the state of sock (session id: ed4fd30c-4755-4246-be9b-e37265bf28a7, error: SSLEOFError, message: EOF occurred in violation of protocol (_ssl.c:2427))
[23:37:06] [ERR] Failed to check the state of sock (session id: ed4fd30c-4755-4246-be9b-e37265bf28a7, error: SSLEOFError, message: EOF occurred in violation of protocol (_ssl.c:2427))
[23:38:27] [ERR] Failed to check the state of sock (session id: 6db7431c-7a67-47f2-950f-20253cad32e4, error: SSLEOFError, message: EOF occurred in violation of protocol (_ssl.c:2427))
[23:38:37] [ERR] Failed to check the state of sock (session id: 6db7431c-7a67-47f2-950f-20253cad32e4, error: SSLEOFError, message: EOF occurred in violation of protocol (_ssl.c:2427))
[23:38:47] [ERR] Failed to check the state of sock (session id: 6db7431c-7a67-47f2-950f-20253cad32e4, error: SSLEOFError, message: EOF occurred in violation of protocol (_ssl.c:2427))
[23:38:57] [ERR] Failed to check the state of sock (session id: 6db7431c-7a67-47f2-950f-20253cad32e4, error: SSLError, message: [SSL: BAD_LENGTH] bad length (_ssl.c:2427))
[23:39:07] [ERR] Failed to check the state of sock (session id: 6db7431c-7a67-47f2-950f-20253cad32e4, error: SSLEOFError, message: EOF occurred in violation of protocol (_ssl.c:2427))
[23:39:57] [ERR] Failed to check the state of sock (session id: f0067bc1-5f77-41bf-b915-0200b6795a63, error: SSLEOFError, message: EOF occurred in violation of protocol (_ssl.c:2427))
[23:40:07] [ERR] Failed to check the state of sock (session id: f0067bc1-5f77-41bf-b915-0200b6795a63, error: SSLEOFError, message: EOF occurred in violation of protocol (_ssl.c:2427))
[23:40:17] [ERR] Failed to check the state of sock (session id: f0067bc1-5f77-41bf-b915-0200b6795a63, error: SSLError, message: [SSL: BAD_LENGTH] bad length (_ssl.c:2427))
[23:40:27] [ERR] Failed to check the state of sock (session id: f0067bc1-5f77-41bf-b915-0200b6795a63, error: SSLEOFError, message: EOF occurred in violation of protocol (_ssl.c:2427))
[23:40:37] [ERR] Failed to check the state of sock (session id: f0067bc1-5f77-41bf-b915-0200b6795a63, error: SSLError, message: [SSL: BAD_LENGTH] bad length (_ssl.c:2427))
[23:41:58] [ERR] Failed to check the state of sock (session id: 06ea4348-a511-4f21-8de2-eb16bea6eaab, error: SSLEOFError, message: EOF occurred in violation of protocol (_ssl.c:2427))
[23:42:08] [ERR] Failed to check the state of sock (session id: 06ea4348-a511-4f21-8de2-eb16bea6eaab, error: SSLError, message: [SSL: BAD_LENGTH] bad length (_ssl.c:2427))
[23:42:18] [ERR] Failed to check the state of sock (session id: 06ea4348-a511-4f21-8de2-eb16bea6eaab, error: SSLEOFError, message: EOF occurred in violation of protocol (_ssl.c:2427))
[23:42:28] [ERR] Failed to check the state of sock (session id: 06ea4348-a511-4f21-8de2-eb16bea6eaab, error: SSLEOFError, message: EOF occurred in violation of protocol (_ssl.c:2427))
[23:42:38] [ERR] Failed to check the state of sock (session id: 06ea4348-a511-4f21-8de2-eb16bea6eaab, error: SSLError, message: [SSL: BAD_LENGTH] bad length (_ssl.c:2427))
[23:43:59] [ERR] Failed to check the state of sock (session id: af9cfa9a-44aa-40b1-abaa-c25ff9919646, error: SSLEOFError, message: EOF occurred in violation of protocol (_ssl.c:2427))
[23:44:09] [ERR] Failed to check the state of sock (session id: af9cfa9a-44aa-40b1-abaa-c25ff9919646, error: SSLEOFError, message: EOF occurred in violation of protocol (_ssl.c:2427))
[23:44:19] [ERR] Failed to check the state of sock (session id: af9cfa9a-44aa-40b1-abaa-c25ff9919646, error: SSLEOFError, message: EOF occurred in violation of protocol (_ssl.c:2427))
[23:44:29] [ERR] Failed to check the state of sock (session id: af9cfa9a-44aa-40b1-abaa-c25ff9919646, error: SSLEOFError, message: EOF occurred in violation of protocol (_ssl.c:2427))
[23:44:39] [ERR] Failed to check the state of sock (session id: af9cfa9a-44aa-40b1-abaa-c25ff9919646, error: SSLEOFError, message: EOF occurred in violation of protocol (_ssl.c:2427))
[23:45:40] [ERR] Failed to check the state of sock (session id: 6dfeb299-cb32-4492-a06b-48732d8b211d, error: SSLEOFError, message: EOF occurred in violation of protocol (_ssl.c:2427))
[23:45:50] [ERR] Failed to check the state of sock (session id: 6dfeb299-cb32-4492-a06b-48732d8b211d, error: SSLEOFError, message: EOF occurred in violation of protocol (_ssl.c:2427))
[23:46:00] [ERR] Failed to check the state of sock (session id: 6dfeb299-cb32-4492-a06b-48732d8b211d, error: SSLEOFError, message: EOF occurred in violation of protocol (_ssl.c:2427))
[23:46:10] [ERR] Failed to check the state of sock (session id: 6dfeb299-cb32-4492-a06b-48732d8b211d, error: SSLEOFError, message: EOF occurred in violation of protocol (_ssl.c:2427))
[23:46:20] [ERR] Failed to check the state of sock (session id: 6dfeb299-cb32-4492-a06b-48732d8b211d, error: SSLEOFError, message: EOF occurred in violation of protocol (_ssl.c:2427))
[23:47:21] [ERR] Failed to check the state of sock (session id: a3f4e830-be74-4f7b-8776-e534f53464ac, error: SSLEOFError, message: EOF occurred in violation of protocol (_ssl.c:2427))
[23:47:31] [ERR] Failed to check the state of sock (session id: a3f4e830-be74-4f7b-8776-e534f53464ac, error: SSLEOFError, message: EOF occurred in violation of protocol (_ssl.c:2427))
[23:47:41] [ERR] Failed to check the state of sock (session id: a3f4e830-be74-4f7b-8776-e534f53464ac, error: SSLEOFError, message: EOF occurred in violation of protocol (_ssl.c:2427))
[23:47:51] [ERR] Failed to check the state of sock (session id: a3f4e830-be74-4f7b-8776-e534f53464ac, error: SSLError, message: [SSL: BAD_LENGTH] bad length (_ssl.c:2427))
[23:48:01] [ERR] Failed to check the state of sock (session id: a3f4e830-be74-4f7b-8776-e534f53464ac, error: SSLEOFError, message: EOF occurred in violation of protocol (_ssl.c:2427))
[23:49:32] [ERR] Failed to check the state of sock (session id: e6966895-9266-4097-a462-5418ba51014e, error: SSLEOFError, message: EOF occurred in violation of protocol (_ssl.c:2427))
[23:49:42] [ERR] Failed to check the state of sock (session id: e6966895-9266-4097-a462-5418ba51014e, error: SSLEOFError, message: EOF occurred in violation of protocol (_ssl.c:2427))
[23:49:52] [ERR] Failed to check the state of sock (session id: e6966895-9266-4097-a462-5418ba51014e, error: SSLEOFError, message: EOF occurred in violation of protocol (_ssl.c:2427))
[23:50:02] [ERR] Failed to check the state of sock (session id: e6966895-9266-4097-a462-5418ba51014e, error: SSLEOFError, message: EOF occurred in violation of protocol (_ssl.c:2427))
[23:50:12] [ERR] Failed to check the state of sock (session id: e6966895-9266-4097-a462-5418ba51014e, error: SSLEOFError, message: EOF occurred in violation of protocol (_ssl.c:2427))
[23:51:13] [ERR] Failed to check the state of sock (session id: fd9f62bc-e424-435b-9527-68272a66c9bf, error: SSLEOFError, message: EOF occurred in violation of protocol (_ssl.c:2427))
[23:51:23] [ERR] Failed to check the state of sock (session id: fd9f62bc-e424-435b-9527-68272a66c9bf, error: SSLEOFError, message: EOF occurred in violation of protocol (_ssl.c:2427))
[23:51:33] [ERR] Failed to check the state of sock (session id: fd9f62bc-e424-435b-9527-68272a66c9bf, error: SSLEOFError, message: EOF occurred in violation of protocol (_ssl.c:2427))
[23:51:43] [ERR] Failed to check the state of sock (session id: fd9f62bc-e424-435b-9527-68272a66c9bf, error: SSLEOFError, message: EOF occurred in violation of protocol (_ssl.c:2427))
[23:51:53] [ERR] Failed to check the state of sock (session id: fd9f62bc-e424-435b-9527-68272a66c9bf, error: SSLError, message: [SSL: BAD_LENGTH] bad length (_ssl.c:2427))
[23:52:54] [ERR] Failed to check the state of sock (session id: d5136764-aff2-41b7-acff-2010d8a83431, error: SSLEOFError, message: EOF occurred in violation of protocol (_ssl.c:2427))
[23:53:04] [ERR] Failed to check the state of sock (session id: d5136764-aff2-41b7-acff-2010d8a83431, error: SSLEOFError, message: EOF occurred in violation of protocol (_ssl.c:2427))
[23:53:14] [ERR] Failed to check the state of sock (session id: d5136764-aff2-41b7-acff-2010d8a83431, error: SSLEOFError, message: EOF occurred in violation of protocol (_ssl.c:2427))
[23:53:24] [ERR] Failed to check the state of sock (session id: d5136764-aff2-41b7-acff-2010d8a83431, error: SSLEOFError, message: EOF occurred in violation of protocol (_ssl.c:2427))
[23:53:34] [ERR] Failed to check the state of sock (session id: d5136764-aff2-41b7-acff-2010d8a83431, error: SSLEOFError, message: EOF occurred in violation of protocol (_ssl.c:2427))
[23:54:55] [ERR] Failed to check the state of sock (session id: 92f95145-8deb-4514-b0a1-cda8f7e25b15, error: SSLEOFError, message: EOF occurred in violation of protocol (_ssl.c:2427))
[23:55:05] [ERR] Failed to check the state of sock (session id: 92f95145-8deb-4514-b0a1-cda8f7e25b15, error: SSLEOFError, message: EOF occurred in violation of protocol (_ssl.c:2427))
[23:55:15] [ERR] Failed to check the state of sock (session id: 92f95145-8deb-4514-b0a1-cda8f7e25b15, error: SSLEOFError, message: EOF occurred in violation of protocol (_ssl.c:2427))
[23:55:25] [ERR] Failed to check the state of sock (session id: 92f95145-8deb-4514-b0a1-cda8f7e25b15, error: SSLError, message: [SSL: BAD_LENGTH] bad length (_ssl.c:2427))
[23:55:35] [ERR] Failed to check the state of sock (session id: 92f95145-8deb-4514-b0a1-cda8f7e25b15, error: SSLEOFError, message: EOF occurred in violation of protocol (_ssl.c:2427))
[23:56:56] [ERR] Failed to check the state of sock (session id: 259a3558-be5b-4851-a5a5-603166cccdd9, error: SSLEOFError, message: EOF occurred in violation of protocol (_ssl.c:2427))
[23:57:06] [ERR] Failed to check the state of sock (session id: 259a3558-be5b-4851-a5a5-603166cccdd9, error: SSLEOFError, message: EOF occurred in violation of protocol (_ssl.c:2427))
[23:57:16] [ERR] Failed to check the state of sock (session id: 259a3558-be5b-4851-a5a5-603166cccdd9, error: SSLEOFError, message: EOF occurred in violation of protocol (_ssl.c:2427))
[23:57:26] [ERR] Failed to check the state of sock (session id: 259a3558-be5b-4851-a5a5-603166cccdd9, error: SSLEOFError, message: EOF occurred in violation of protocol (_ssl.c:2427))
[23:57:36] [ERR] Failed to check the state of sock (session id: 259a3558-be5b-4851-a5a5-603166cccdd9, error: SSLEOFError, message: EOF occurred in violation of protocol (_ssl.c:2427))
[23:58:57] [ERR] Failed to check the state of sock (session id: 057dee8a-131c-4f06-9a28-557e90358aa4, error: SSLEOFError, message: EOF occurred in violation of protocol (_ssl.c:2427))
[23:59:07] [ERR] Failed to check the state of sock (session id: 057dee8a-131c-4f06-9a28-557e90358aa4, error: SSLEOFError, message: EOF occurred in violation of protocol (_ssl.c:2427))
[23:59:17] [ERR] Failed to check the state of sock (session id: 057dee8a-131c-4f06-9a28-557e90358aa4, error: SSLError, message: [SSL: BAD_LENGTH] bad length (_ssl.c:2427))
[23:59:27] [ERR] Failed to check the state of sock (session id: 057dee8a-131c-4f06-9a28-557e90358aa4, error: SSLEOFError, message: EOF occurred in violation of protocol (_ssl.c:2427))
[23:59:37] [ERR] Failed to check the state of sock (session id: 057dee8a-131c-4f06-9a28-557e90358aa4, error: SSLEOFError, message: EOF occurred in violation of protocol (_ssl.c:2427))
